,name,c-x,c-y,radius
0,20130320T005823.629322.Cam6_43_aug_3.csv,44.17,2.78,24.53
1,20130320T005823.629322.Cam6_43_aug_3.csv,84.17,5.56,22.87
2,20130320T005823.629322.Cam6_43_aug_3.csv,126.11,18.89,21.48
3,20130320T005823.629322.Cam6_43_aug_3.csv,155.0,17.78,21.48
4,20130320T005823.629322.Cam6_43_aug_3.csv,198.33,5.56,24.53
5,20130320T005823.629322.Cam6_43_aug_3.csv,35.56,90.28,22.59
6,20130320T005823.629322.Cam6_43_aug_3.csv,291.39,76.39,22.59
7,20130320T005823.629322.Cam6_43_aug_3.csv,143.06,117.22,21.2
8,20130320T005823.629322.Cam6_43_aug_3.csv,151.39,95.56,24.25
