,name,c-x,c-y,radius
0,20130320T005949.535830.Cam6_42_aug_0.csv,181.06,138.61,22.31
1,20130320T005949.535830.Cam6_42_aug_0.csv,143.28,138.33,22.31
2,20130320T005949.535830.Cam6_42_aug_0.csv,286.06,142.78,24.25
3,20130320T005949.535830.Cam6_42_aug_0.csv,238.82999999999998,118.33,21.2
4,20130320T005949.535830.Cam6_42_aug_0.csv,298.56,31.39,28.98
5,20130320T005949.535830.Cam6_42_aug_0.csv,249.11,56.67,28.98
6,20130320T005949.535830.Cam6_42_aug_0.csv,222.44,64.17,24.53
7,20130320T005949.535830.Cam6_42_aug_0.csv,155.78,58.06,30.64
8,20130320T005949.535830.Cam6_42_aug_0.csv,109.38999999999999,25.56,27.03
