,name,c-x,c-y,radius
0,20130320T013308.624380_31_aug_2.csv,263.89,184.17,16.75
1,20130320T013308.624380_31_aug_2.csv,280.0,178.89,15.64
2,20130320T013308.624380_31_aug_2.csv,298.89,82.78,15.09
3,20130320T013308.624380_31_aug_2.csv,160.0,55.0,15.09
4,20130320T013308.624380_31_aug_2.csv,181.11,23.33,17.59
5,20130320T013308.624380_31_aug_2.csv,171.67,1.94,17.59
6,20130320T013308.624380_31_aug_2.csv,156.94,0.28,17.59
