,name,c-x,c-y,radius
0,20130320T013318.529327_21_aug_3.csv,256.39,180.0,17.87
1,20130320T013318.529327_21_aug_3.csv,267.22,145.83,18.14
2,20130320T013318.529327_21_aug_3.csv,174.72,138.33,17.31
3,20130320T013318.529327_21_aug_3.csv,262.78,51.11,16.2
4,20130320T013318.529327_21_aug_3.csv,239.44,39.17,17.31
5,20130320T013318.529327_21_aug_3.csv,290.0,33.06,15.92
6,20130320T013318.529327_21_aug_3.csv,271.94,10.28,15.92
7,20130320T013318.529327_21_aug_3.csv,247.5,12.78,15.92
