,name,c-x,c-y,radius
0,20130320T012907.095566_43_aug_3.csv,91.39,80.0,21.2
1,20130320T012907.095566_43_aug_3.csv,49.17,91.11,21.75
