,name,c-x,c-y,radius
0,20130320T004710.282045.Cam6_31_aug_2.csv,55.17,62.07,19.96
1,20130320T004710.282045.Cam6_31_aug_2.csv,102.07,70.69,21.68
2,20130320T004710.282045.Cam6_31_aug_2.csv,101.38,53.1,21.68
3,20130320T004710.282045.Cam6_31_aug_2.csv,132.76,61.38,21.68
4,20130320T004710.282045.Cam6_31_aug_2.csv,139.31,2.41,22.71
5,20130320T004710.282045.Cam6_31_aug_2.csv,159.31,20.0,19.96
6,20130320T004710.282045.Cam6_31_aug_2.csv,170.69,45.86,16.85
7,20130320T004710.282045.Cam6_31_aug_2.csv,172.07,157.59,19.96
