,name,c-x,c-y,radius
0,20130320T005036.000567.Cam6_64_aug_0.csv,241.87,110.0,12.58
1,20130320T005036.000567.Cam6_64_aug_0.csv,235.1,122.26,12.58
2,20130320T005036.000567.Cam6_64_aug_0.csv,215.74,113.55,12.58
3,20130320T005036.000567.Cam6_64_aug_0.csv,201.55,94.19,12.58
