,name,c-x,c-y,radius
0,20130320T012921.191107_32_aug_2.csv,290.22,56.94,15.92
1,20130320T012921.191107_32_aug_2.csv,300.5,19.44,15.92
2,20130320T012921.191107_32_aug_2.csv,277.72,16.39,15.92
3,20130320T012921.191107_32_aug_2.csv,290.22,79.72,15.92
4,20130320T012921.191107_32_aug_2.csv,280.78,161.94,15.64
5,20130320T012921.191107_32_aug_2.csv,126.61000000000001,129.44,17.03
