,name,c-x,c-y,radius
0,20130320T004524.184585.Cam6_43_aug_1.csv,272.69,69.37,19.08
1,20130320T004524.184585.Cam6_43_aug_1.csv,246.75,39.06,20.64
