,name,c-x,c-y,radius
0,20130320T005219.812185.Cam6_63_aug_0.csv,204.76999999999998,60.32,24.19
