,name,c-x,c-y,radius
0,20130320T004757.902037.Cam6_42_aug_3.csv,154.23,126.15,20.65
1,20130320T004757.902037.Cam6_42_aug_3.csv,181.15,124.62,18.73
2,20130320T004757.902037.Cam6_42_aug_3.csv,220.77,71.92,19.11
3,20130320T004757.902037.Cam6_42_aug_3.csv,259.23,66.54,18.34
4,20130320T004757.902037.Cam6_42_aug_3.csv,98.85,80.77,18.34
