,name,c-x,c-y,radius
0,20130320T005037.333969.Cam6_53_aug_2.csv,187.03,140.65,16.45
1,20130320T005037.333969.Cam6_53_aug_2.csv,215.1,134.84,16.45
2,20130320T005037.333969.Cam6_53_aug_2.csv,243.81,107.1,16.45
3,20130320T005037.333969.Cam6_53_aug_2.csv,248.65,122.58,16.45
4,20130320T005037.333969.Cam6_53_aug_2.csv,255.74,84.84,15.48
5,20130320T005037.333969.Cam6_53_aug_2.csv,198.65,111.29,15.48
6,20130320T005037.333969.Cam6_53_aug_2.csv,168.97,144.84,15.48
