,name,c-x,c-y,radius
0,20130320T013302.338507_42_aug_3.csv,215.56,105.56,19.25
1,20130320T013302.338507_42_aug_3.csv,71.39,21.11,17.31
2,20130320T013302.338507_42_aug_3.csv,81.11,28.89,15.64
