,name,c-x,c-y,radius
0,20130320T004919.998999.Cam6_72_aug_2.csv,163.55,86.45,11.61
1,20130320T004919.998999.Cam6_72_aug_2.csv,34.52,10.32,11.61
