,name,c-x,c-y,radius
0,20130320T013610.532832_42_aug_2.csv,69.66999999999999,144.44,19.81
1,20130320T013610.532832_42_aug_2.csv,118.28,150.28,19.81
2,20130320T013610.532832_42_aug_2.csv,164.67,118.33,19.25
3,20130320T013610.532832_42_aug_2.csv,244.67000000000002,67.5,25.37
