,name,c-x,c-y,radius
0,20130320T005316.575359.Cam6_53_aug_1.csv,271.61,18.06,15.8
1,20130320T005316.575359.Cam6_53_aug_1.csv,91.61,62.58,16.77
2,20130320T005316.575359.Cam6_53_aug_1.csv,41.94,47.42,16.77
3,20130320T005316.575359.Cam6_53_aug_1.csv,107.74,42.26,17.74
4,20130320T005316.575359.Cam6_53_aug_1.csv,110.97,97.1,17.74
5,20130320T005316.575359.Cam6_53_aug_1.csv,237.1,156.13,14.84
6,20130320T005316.575359.Cam6_53_aug_1.csv,260.65,161.29,14.84
