,name,c-x,c-y,radius
0,20130320T013029.002003_22_aug_0.csv,79.72,48.61,20.64
1,20130320T013029.002003_22_aug_0.csv,117.22,46.94,19.81
2,20130320T013029.002003_22_aug_0.csv,91.67,80.28,19.53
3,20130320T013029.002003_22_aug_0.csv,227.22,115.83,16.75
4,20130320T013029.002003_22_aug_0.csv,249.44,128.89,16.75
5,20130320T013029.002003_22_aug_0.csv,252.22,105.83,19.81
6,20130320T013029.002003_22_aug_0.csv,282.78,84.17,22.03
7,20130320T013029.002003_22_aug_0.csv,277.22,131.67,19.81
