,name,c-x,c-y,radius
0,20130320T013507.864807_33_aug_1.csv,214.94,79.72,17.03
1,20130320T013507.864807_33_aug_1.csv,181.61,85.0,17.03
2,20130320T013507.864807_33_aug_1.csv,145.22,74.17,17.03
3,20130320T013507.864807_33_aug_1.csv,123.56,70.28,17.03
4,20130320T013507.864807_33_aug_1.csv,51.610000000000014,20.0,18.14
