,name,c-x,c-y,radius
0,20130320T013505.769640_52_aug_0.csv,113.56,113.33,15.92
1,20130320T013505.769640_52_aug_0.csv,115.22,102.78,15.92
