,name,c-x,c-y,radius
0,20130320T004801.140229.Cam6_32_aug_0.csv,77.22999999999999,179.62,20.27
1,20130320T004801.140229.Cam6_32_aug_0.csv,171.85,94.23,19.88
2,20130320T004801.140229.Cam6_32_aug_0.csv,219.54000000000002,79.62,20.27
3,20130320T004801.140229.Cam6_32_aug_0.csv,221.07999999999998,33.85,20.27
4,20130320T004801.140229.Cam6_32_aug_0.csv,263.77,33.46,18.73
5,20130320T004801.140229.Cam6_32_aug_0.csv,283.38,58.08,17.19
