,name,c-x,c-y,radius
0,20130320T005223.240880.Cam6_33_aug_1.csv,50.97,54.84,22.26
1,20130320T005223.240880.Cam6_33_aug_1.csv,10.32,63.87,21.29
2,20130320T005223.240880.Cam6_33_aug_1.csv,27.42,131.94,21.29
3,20130320T005223.240880.Cam6_33_aug_1.csv,269.35,179.68,21.29
4,20130320T005223.240880.Cam6_33_aug_1.csv,304.84,161.29,20.32
