,name,c-x,c-y,radius
0,20130320T004431.231121.Cam6_63_aug_0.csv,141.25,1.56,11.26
1,20130320T004431.231121.Cam6_63_aug_0.csv,144.37,13.75,11.26
