,name,c-x,c-y,radius
0,20130320T004553.518590.Cam6_51_aug_0.csv,44.14999999999998,97.31,14.11
