,name,c-x,c-y,radius
0,20130320T005632.198399.Cam6_64_aug_3.csv,16.94,19.44,13.98
1,20130320T005632.198399.Cam6_64_aug_3.csv,162.78,66.94,12.87
2,20130320T005632.198399.Cam6_64_aug_3.csv,144.44,66.94,12.87
