,name,c-x,c-y,radius
0,20130320T004934.666053.Cam6_42_aug_3.csv,155.81,196.45,17.74
1,20130320T004934.666053.Cam6_42_aug_3.csv,188.39,180.97,16.45
2,20130320T004934.666053.Cam6_42_aug_3.csv,237.1,159.35,18.71
3,20130320T004934.666053.Cam6_42_aug_3.csv,134.84,112.26,17.74
4,20130320T004934.666053.Cam6_42_aug_3.csv,157.1,84.84,17.09
5,20130320T004934.666053.Cam6_42_aug_3.csv,161.61,39.03,18.71
6,20130320T004934.666053.Cam6_42_aug_3.csv,302.58,150.0,15.8
