,name,c-x,c-y,radius
0,20130320T005617.912359.Cam6_63_aug_0.csv,233.28,190.83,15.09
1,20130320T005617.912359.Cam6_63_aug_0.csv,146.61,43.61,17.03
2,20130320T005617.912359.Cam6_63_aug_0.csv,95.5,44.44,17.87
3,20130320T005617.912359.Cam6_63_aug_0.csv,21.889999999999986,30.28,19.53
