,name,c-x,c-y,radius
0,20130320T005450.672540.Cam6_24_aug_3.csv,18.89,149.44,20.09
1,20130320T005450.672540.Cam6_24_aug_3.csv,30.83,117.5,16.48
2,20130320T005450.672540.Cam6_24_aug_3.csv,105.28,161.94,22.31
3,20130320T005450.672540.Cam6_24_aug_3.csv,188.89,144.17,21.75
4,20130320T005450.672540.Cam6_24_aug_3.csv,174.17,105.0,21.75
5,20130320T005450.672540.Cam6_24_aug_3.csv,218.61,103.89,24.53
6,20130320T005450.672540.Cam6_24_aug_3.csv,304.44,150.56,15.64
