,name,c-x,c-y,radius
0,20130320T005319.623044.Cam6_13_aug_1.csv,126.45,47.1,20.64
1,20130320T005319.623044.Cam6_13_aug_1.csv,193.87,111.29,19.03
2,20130320T005319.623044.Cam6_13_aug_1.csv,198.71,143.55,19.03
3,20130320T005319.623044.Cam6_13_aug_1.csv,249.35,184.84,19.03
