,name,c-x,c-y,radius
0,20130320T004905.332067.Cam6_72_aug_3.csv,128.06,36.77,11.61
1,20130320T004905.332067.Cam6_72_aug_3.csv,161.29,13.55,12.9
2,20130320T004905.332067.Cam6_72_aug_3.csv,37.74,12.26,11.93
