,name,c-x,c-y,radius
0,20130320T005955.250193.Cam6_44_aug_3.csv,46.94,145.56,26.2
1,20130320T005955.250193.Cam6_44_aug_3.csv,81.67,131.94,26.2
2,20130320T005955.250193.Cam6_44_aug_3.csv,116.94,98.33,26.2
3,20130320T005955.250193.Cam6_44_aug_3.csv,69.44,86.94,22.31
4,20130320T005955.250193.Cam6_44_aug_3.csv,195.56,131.94,26.2
5,20130320T005955.250193.Cam6_44_aug_3.csv,240.0,40.28,23.98
6,20130320T005955.250193.Cam6_44_aug_3.csv,268.89,46.11,23.98
7,20130320T005955.250193.Cam6_44_aug_3.csv,298.33,63.61,22.03
8,20130320T005955.250193.Cam6_44_aug_3.csv,300.28,24.44,22.03
