,name,c-x,c-y,radius
0,20130320T013506.150522_22_aug_2.csv,123.89,151.67,19.81
1,20130320T013506.150522_22_aug_2.csv,93.89,142.5,19.25
2,20130320T013506.150522_22_aug_2.csv,64.17,111.39,18.42
3,20130320T013506.150522_22_aug_2.csv,56.67,82.78,18.98
4,20130320T013506.150522_22_aug_2.csv,28.33,53.61,20.09
