,name,c-x,c-y,radius
0,20130320T005628.388820.Cam6_42_aug_1.csv,239.94,178.33,17.59
1,20130320T005628.388820.Cam6_42_aug_1.csv,240.78,142.78,20.09
2,20130320T005628.388820.Cam6_42_aug_1.csv,258.0,141.11,20.09
3,20130320T005628.388820.Cam6_42_aug_1.csv,147.72,148.33,20.92
4,20130320T005628.388820.Cam6_42_aug_1.csv,89.94,118.61,23.98
5,20130320T005628.388820.Cam6_42_aug_1.csv,76.06,140.0,20.64
6,20130320T005628.388820.Cam6_42_aug_1.csv,51.889999999999986,106.94,20.64
7,20130320T005628.388820.Cam6_42_aug_1.csv,61.33000000000001,81.94,23.14
