,name,c-x,c-y,radius
0,20130320T005951.821627.Cam6_42_aug_2.csv,3.61,126.11,18.42
1,20130320T005951.821627.Cam6_42_aug_2.csv,8.33,62.5,21.75
2,20130320T005951.821627.Cam6_42_aug_2.csv,28.33,33.61,21.75
3,20130320T005951.821627.Cam6_42_aug_2.csv,44.72,27.78,20.64
4,20130320T005951.821627.Cam6_42_aug_2.csv,108.89,108.06,20.09
5,20130320T005951.821627.Cam6_42_aug_2.csv,284.72,74.72,19.25
6,20130320T005951.821627.Cam6_42_aug_2.csv,276.39,108.89,17.87
