,name,c-x,c-y,radius
0,20130320T005327.242198.Cam6_62_aug_0.csv,240.97,20.65,20.96
1,20130320T005327.242198.Cam6_62_aug_0.csv,190.32,154.84,14.84
2,20130320T005327.242198.Cam6_62_aug_0.csv,152.58,140.65,14.84
