,name,c-x,c-y,radius
0,20130320T012946.143980_44_aug_2.csv,231.06,156.67,24.25
1,20130320T012946.143980_44_aug_2.csv,215.78,91.39,23.42
2,20130320T012946.143980_44_aug_2.csv,197.72,73.61,24.53
3,20130320T012946.143980_44_aug_2.csv,125.22,150.0,21.75
