,name,c-x,c-y,radius
0,20130320T004850.855639.Cam6_23_aug_0.csv,34.129999999999995,84.84,23.22
