,name,c-x,c-y,radius
0,20130320T012835.475922_43_aug_2.csv,39.94,142.5,13.42
1,20130320T012835.475922_43_aug_2.csv,123.83000000000001,100.28,14.81
