,name,c-x,c-y,radius
0,20130320T005040.000648.Cam6_23_aug_3.csv,197.42,156.13,18.06
1,20130320T005040.000648.Cam6_23_aug_3.csv,211.94,129.03,18.06
2,20130320T005040.000648.Cam6_23_aug_3.csv,226.77,159.35,18.06
3,20130320T005040.000648.Cam6_23_aug_3.csv,222.9,89.35,19.67
4,20130320T005040.000648.Cam6_23_aug_3.csv,193.23,70.65,19.67
5,20130320T005040.000648.Cam6_23_aug_3.csv,237.1,120.65,15.8
