,name,c-x,c-y,radius
0,20130320T005406.862151.Cam6_22_aug_2.csv,300.26,25.16,17.74
1,20130320T005406.862151.Cam6_22_aug_2.csv,270.9,41.61,17.74
2,20130320T005406.862151.Cam6_22_aug_2.csv,186.06,99.03,17.74
3,20130320T005406.862151.Cam6_22_aug_2.csv,203.48000000000002,133.87,16.45
4,20130320T005406.862151.Cam6_22_aug_2.csv,144.13,71.29,16.45
