,name,c-x,c-y,radius
0,20130320T013320.053107_44_aug_1.csv,83.56,142.22,14.81
1,20130320T013320.053107_44_aug_1.csv,153.0,117.22,14.81
2,20130320T013320.053107_44_aug_1.csv,188.28,127.22,15.37
3,20130320T013320.053107_44_aug_1.csv,218.82999999999998,112.5,17.59
4,20130320T013320.053107_44_aug_1.csv,251.61,63.89,17.59
5,20130320T013320.053107_44_aug_1.csv,306.33,106.67,17.59
6,20130320T013320.053107_44_aug_1.csv,156.06,185.0,15.92
