,name,c-x,c-y,radius
0,20130320T005237.526927.Cam6_22_aug_1.csv,26.70999999999998,116.13,20.32
1,20130320T005237.526927.Cam6_22_aug_1.csv,53.47999999999999,126.77,18.06
2,20130320T005237.526927.Cam6_22_aug_1.csv,104.13,70.32,18.06
