,name,c-x,c-y,radius
0,20130320T004527.613284.Cam6_53_aug_0.csv,224.25,7.81,11.26
1,20130320T004527.613284.Cam6_53_aug_0.csv,243.63,11.87,10.01
2,20130320T004527.613284.Cam6_53_aug_0.csv,83.63,19.06,8.76
