,name,c-x,c-y,radius
0,20130320T005923.440043.Cam6_32_aug_2.csv,300.28,183.06,20.64
1,20130320T005923.440043.Cam6_32_aug_2.csv,160.83,150.0,21.75
2,20130320T005923.440043.Cam6_32_aug_2.csv,211.11,126.39,20.92
3,20130320T005923.440043.Cam6_32_aug_2.csv,191.39,75.28,26.75
4,20130320T005923.440043.Cam6_32_aug_2.csv,292.5,26.11,25.92
5,20130320T005923.440043.Cam6_32_aug_2.csv,154.44,68.33,25.92
6,20130320T005923.440043.Cam6_32_aug_2.csv,50.28,106.67,22.31
7,20130320T005923.440043.Cam6_32_aug_2.csv,86.11,41.39,28.42
