,name,c-x,c-y,radius
0,20130320T005054.286694.Cam6_21_aug_3.csv,186.45,133.55,18.38
1,20130320T005054.286694.Cam6_21_aug_3.csv,202.58,93.55,19.67
2,20130320T005054.286694.Cam6_21_aug_3.csv,233.55,74.84,19.67
3,20130320T005054.286694.Cam6_21_aug_3.csv,227.42,123.55,19.67
4,20130320T005054.286694.Cam6_21_aug_3.csv,243.87,101.94,19.67
5,20130320T005054.286694.Cam6_21_aug_3.csv,244.84,69.68,18.71
6,20130320T005054.286694.Cam6_21_aug_3.csv,247.74,20.65,17.42
7,20130320T005054.286694.Cam6_21_aug_3.csv,264.52,14.52,17.42
8,20130320T005054.286694.Cam6_21_aug_3.csv,231.94,169.35,18.71
