,name,c-x,c-y,radius
0,20130320T013310.910175_21_aug_0.csv,171.67,184.72,13.98
1,20130320T013310.910175_21_aug_0.csv,191.67,127.22,14.53
2,20130320T013310.910175_21_aug_0.csv,192.5,90.28,14.81
3,20130320T013310.910175_21_aug_0.csv,175.83,78.61,14.81
4,20130320T013310.910175_21_aug_0.csv,166.11,101.39,13.98
5,20130320T013310.910175_21_aug_0.csv,192.5,55.28,14.53
6,20130320T013310.910175_21_aug_0.csv,169.44,35.83,14.53
7,20130320T013310.910175_21_aug_0.csv,191.67,26.94,14.53
