,name,c-x,c-y,radius
0,20130320T012846.333271_43_aug_3.csv,49.17,183.06,17.03
1,20130320T012846.333271_43_aug_3.csv,149.44,153.61,15.64
2,20130320T012846.333271_43_aug_3.csv,201.11,125.28,17.59
3,20130320T012846.333271_43_aug_3.csv,210.83,176.11,16.2
4,20130320T012846.333271_43_aug_3.csv,277.5,110.0,16.2
5,20130320T012846.333271_43_aug_3.csv,83.89,47.5,15.37
6,20130320T012846.333271_43_aug_3.csv,27.78,73.06,14.81
7,20130320T012846.333271_43_aug_3.csv,50.28,70.28,14.81
