,name,c-x,c-y,radius
0,20130320T004436.755113.Cam6_52_aug_3.csv,224.37,5.31,13.14
1,20130320T004436.755113.Cam6_52_aug_3.csv,257.19,39.37,10.01
