,name,c-x,c-y,radius
0,20130320T005422.100462.Cam6_32_aug_2.csv,278.0,191.39,15.92
1,20130320T005422.100462.Cam6_32_aug_2.csv,267.44,55.83,16.2
2,20130320T005422.100462.Cam6_32_aug_2.csv,261.06,21.94,16.75
3,20130320T005422.100462.Cam6_32_aug_2.csv,299.11,32.78,16.75
4,20130320T005422.100462.Cam6_32_aug_2.csv,284.94,28.33,20.09
