,name,c-x,c-y,radius
0,20130320T012856.619229_62_aug_0.csv,176.61,91.11,14.25
1,20130320T012856.619229_62_aug_0.csv,122.44,55.0,14.25
2,20130320T012856.619229_62_aug_0.csv,254.94,39.44,14.25
3,20130320T012856.619229_62_aug_0.csv,22.170000000000016,190.28,13.98
