,name,c-x,c-y,radius
0,20130320T004950.856759.Cam6_43_aug_1.csv,255.1,87.1,20.0
1,20130320T004950.856759.Cam6_43_aug_1.csv,223.48000000000002,91.61,19.03
2,20130320T004950.856759.Cam6_43_aug_1.csv,80.9,123.23,19.03
3,20130320T004950.856759.Cam6_43_aug_1.csv,99.94,117.42,19.03
4,20130320T004950.856759.Cam6_43_aug_1.csv,70.58000000000001,135.48,19.03
5,20130320T004950.856759.Cam6_43_aug_1.csv,48.0,82.58,21.61
6,20130320T004950.856759.Cam6_43_aug_1.csv,6.060000000000002,85.48,21.61
7,20130320T004950.856759.Cam6_43_aug_1.csv,133.16,2.9,16.77
8,20130320T004950.856759.Cam6_43_aug_1.csv,100.58000000000001,4.52,18.38
