,name,c-x,c-y,radius
0,20130320T004746.473303.Cam6_73_aug_1.csv,90.77,97.31,13.73
1,20130320T004746.473303.Cam6_73_aug_1.csv,88.85,72.69,12.96
2,20130320T004746.473303.Cam6_73_aug_1.csv,73.08,169.23,12.96
3,20130320T004746.473303.Cam6_73_aug_1.csv,85.0,185.38,12.96
4,20130320T004746.473303.Cam6_73_aug_1.csv,183.08,130.38,15.65
5,20130320T004746.473303.Cam6_73_aug_1.csv,271.54,86.15,14.5
6,20130320T004746.473303.Cam6_73_aug_1.csv,243.85,84.23,14.5
7,20130320T004746.473303.Cam6_73_aug_1.csv,231.92,112.31,14.5
8,20130320T004746.473303.Cam6_73_aug_1.csv,57.31,41.15,14.5
