,name,c-x,c-y,radius
0,20130320T012947.667888_32_aug_0.csv,227.17000000000002,83.06,21.75
1,20130320T012947.667888_32_aug_0.csv,160.78,116.94,21.75
2,20130320T012947.667888_32_aug_0.csv,139.39,85.28,21.75
