,name,c-x,c-y,radius
0,20130320T004902.855890.Cam6_64_aug_0.csv,299.61,19.03,16.77
1,20130320T004902.855890.Cam6_64_aug_0.csv,164.77,64.52,15.48
2,20130320T004902.855890.Cam6_64_aug_0.csv,159.29,86.45,14.51
3,20130320T004902.855890.Cam6_64_aug_0.csv,159.94,123.87,13.55
4,20130320T004902.855890.Cam6_64_aug_0.csv,125.1,135.48,13.55
5,20130320T004902.855890.Cam6_64_aug_0.csv,171.87,182.26,16.13
6,20130320T004902.855890.Cam6_64_aug_0.csv,196.70999999999998,179.03,16.13
7,20130320T004902.855890.Cam6_64_aug_0.csv,177.03,171.94,16.13
