,name,c-x,c-y,radius
0,20130320T005448.577248.Cam6_22_aug_3.csv,163.06,168.33,19.81
1,20130320T005448.577248.Cam6_22_aug_3.csv,28.89,15.28,19.81
2,20130320T005448.577248.Cam6_22_aug_3.csv,110.56,38.89,17.87
3,20130320T005448.577248.Cam6_22_aug_3.csv,126.67,45.56,20.09
4,20130320T005448.577248.Cam6_22_aug_3.csv,160.56,57.5,22.31
5,20130320T005448.577248.Cam6_22_aug_3.csv,208.61,43.06,22.31
6,20130320T005448.577248.Cam6_22_aug_3.csv,291.94,15.28,22.31
7,20130320T005448.577248.Cam6_22_aug_3.csv,90.28,186.94,17.03
