,name,c-x,c-y,radius
0,20130320T005545.911690.Cam6_41_aug_3.csv,28.33,53.33,24.25
1,20130320T005545.911690.Cam6_41_aug_3.csv,66.11,49.17,24.25
2,20130320T005545.911690.Cam6_41_aug_3.csv,125.83,100.0,31.2
3,20130320T005545.911690.Cam6_41_aug_3.csv,167.5,79.72,35.64
4,20130320T005545.911690.Cam6_41_aug_3.csv,249.44,51.67,24.81
5,20130320T005545.911690.Cam6_41_aug_3.csv,282.22,200.0,26.2
