,name,c-x,c-y,radius
0,20130320T013657.200420_21_aug_0.csv,278.83,47.78,13.7
1,20130320T013657.200420_21_aug_0.csv,254.94,56.94,15.92
2,20130320T013657.200420_21_aug_0.csv,217.44,60.56,15.09
3,20130320T013657.200420_21_aug_0.csv,214.67000000000002,40.28,15.09
4,20130320T013657.200420_21_aug_0.csv,207.17000000000002,130.0,17.59
5,20130320T013657.200420_21_aug_0.csv,199.94,150.56,17.03
