,name,c-x,c-y,radius
0,20130320T005507.815767.Cam6_22_aug_1.csv,179.67,87.5,25.92
1,20130320T005507.815767.Cam6_22_aug_1.csv,137.44,102.78,24.25
2,20130320T005507.815767.Cam6_22_aug_1.csv,103.0,186.11,24.25
3,20130320T005507.815767.Cam6_22_aug_1.csv,272.44,173.61,22.87
4,20130320T005507.815767.Cam6_22_aug_1.csv,126.61000000000001,52.22,25.37
5,20130320T005507.815767.Cam6_22_aug_1.csv,78.56,51.39,24.53
6,20130320T005507.815767.Cam6_22_aug_1.csv,39.389999999999986,36.67,25.37
