,name,c-x,c-y,radius
0,20130320T013609.580437_31_aug_0.csv,167.44,118.61,20.37
1,20130320T013609.580437_31_aug_0.csv,109.94,106.94,19.81
2,20130320T013609.580437_31_aug_0.csv,75.5,113.33,18.42
3,20130320T013609.580437_31_aug_0.csv,87.44,80.28,19.25
4,20130320T013609.580437_31_aug_0.csv,110.78,75.83,19.25
