,name,c-x,c-y,radius
0,20130320T004803.616531.Cam6_24_aug_3.csv,13.23,59.68,18.06
1,20130320T004803.616531.Cam6_24_aug_3.csv,239.68,161.29,18.06
2,20130320T004803.616531.Cam6_24_aug_3.csv,276.13,162.9,17.42
3,20130320T004803.616531.Cam6_24_aug_3.csv,272.26,187.42,17.42
