,name,c-x,c-y,radius
0,20130320T005017.714559.Cam6_41_aug_3.csv,87.42,147.42,20.96
1,20130320T005017.714559.Cam6_41_aug_3.csv,185.48,55.48,15.48
