,name,c-x,c-y,radius
0,20130320T010012.964803.Cam6_22_aug_2.csv,220.5,1.39,19.25
1,20130320T010012.964803.Cam6_22_aug_2.csv,304.11,69.72,20.09
2,20130320T010012.964803.Cam6_22_aug_2.csv,131.61,110.83,22.59
