,name,c-x,c-y,radius
0,20130320T013223.671101_34_aug_2.csv,275.22,124.44,24.53
1,20130320T013223.671101_34_aug_2.csv,37.44,196.11,17.03
