,name,c-x,c-y,radius
0,20130320T005243.241297.Cam6_22_aug_3.csv,62.58,38.39,20.32
1,20130320T005243.241297.Cam6_22_aug_3.csv,99.68,31.61,18.38
2,20130320T005243.241297.Cam6_22_aug_3.csv,73.23,74.52,17.09
3,20130320T005243.241297.Cam6_22_aug_3.csv,173.55,121.94,18.06
4,20130320T005243.241297.Cam6_22_aug_3.csv,209.68,140.97,18.06
5,20130320T005243.241297.Cam6_22_aug_3.csv,235.81,164.84,20.0
6,20130320T005243.241297.Cam6_22_aug_3.csv,230.65,183.55,18.38
7,20130320T005243.241297.Cam6_22_aug_3.csv,269.68,54.19,19.67
8,20130320T005243.241297.Cam6_22_aug_3.csv,306.45,25.81,19.67
