,name,c-x,c-y,radius
0,20130320T004914.094128.Cam6_51_aug_2.csv,77.74,138.39,12.9
1,20130320T004914.094128.Cam6_51_aug_2.csv,30.0,69.03,15.48
