,name,c-x,c-y,radius
0,20130320T005554.483368.Cam6_51_aug_3.csv,111.94,193.61,16.75
1,20130320T005554.483368.Cam6_51_aug_3.csv,30.28,167.5,18.14
2,20130320T005554.483368.Cam6_51_aug_3.csv,45.83,83.33,18.14
3,20130320T005554.483368.Cam6_51_aug_3.csv,52.78,54.44,17.03
4,20130320T005554.483368.Cam6_51_aug_3.csv,130.83,56.11,16.2
5,20130320T005554.483368.Cam6_51_aug_3.csv,222.22,52.22,19.53
6,20130320T005554.483368.Cam6_51_aug_3.csv,234.44,75.0,18.14
