,name,c-x,c-y,radius
0,20130320T005407.814545.Cam6_43_aug_3.csv,123.55,170.32,14.51
1,20130320T005407.814545.Cam6_43_aug_3.csv,139.35,185.16,14.51
2,20130320T005407.814545.Cam6_43_aug_3.csv,169.35,148.06,14.51
3,20130320T005407.814545.Cam6_43_aug_3.csv,61.29,200.0,14.51
4,20130320T005407.814545.Cam6_43_aug_3.csv,37.74,42.9,14.51
5,20130320T005407.814545.Cam6_43_aug_3.csv,60.32,35.48,14.51
