,name,c-x,c-y,radius
0,20130320T012947.096377_41_aug_1.csv,167.17,88.89,23.14
1,20130320T012947.096377_41_aug_1.csv,157.44,57.22,23.14
2,20130320T012947.096377_41_aug_1.csv,123.28,65.0,22.31
3,20130320T012947.096377_41_aug_1.csv,127.44,88.89,22.31
4,20130320T012947.096377_41_aug_1.csv,74.11000000000001,55.28,22.87
