,name,c-x,c-y,radius
0,20130320T004434.278811.Cam6_52_aug_2.csv,74.56,4.37,13.45
1,20130320T004434.278811.Cam6_52_aug_2.csv,189.56,44.37,10.33
2,20130320T004434.278811.Cam6_52_aug_2.csv,239.56,48.12,8.76
