,name,c-x,c-y,radius
0,20130320T013225.766391_21_aug_1.csv,204.67000000000002,35.83,13.98
1,20130320T013225.766391_21_aug_1.csv,103.83000000000001,14.44,13.98
2,20130320T013225.766391_21_aug_1.csv,81.61000000000001,10.28,16.2
3,20130320T013225.766391_21_aug_1.csv,72.44,172.5,19.25
