,name,c-x,c-y,radius
0,20130320T004808.759514.Cam6_22_aug_0.csv,143.16,29.35,17.42
1,20130320T004808.759514.Cam6_22_aug_0.csv,135.1,1.61,19.35
2,20130320T004808.759514.Cam6_22_aug_0.csv,109.61000000000001,28.39,20.64
3,20130320T004808.759514.Cam6_22_aug_0.csv,57.03,116.77,22.9
4,20130320T004808.759514.Cam6_22_aug_0.csv,38.31999999999999,100.0,22.9
5,20130320T004808.759514.Cam6_22_aug_0.csv,51.23000000000002,138.39,21.29
