,name,c-x,c-y,radius
0,20130320T005913.535087.Cam6_62_aug_3.csv,61.39,115.83,18.98
1,20130320T005913.535087.Cam6_62_aug_3.csv,90.0,116.67,19.81
2,20130320T005913.535087.Cam6_62_aug_3.csv,95.56,69.44,20.37
3,20130320T005913.535087.Cam6_62_aug_3.csv,184.17,96.39,21.75
