,name,c-x,c-y,radius
0,20130320T004418.278486.Cam6_51_aug_0.csv,188.63,104.69,14.7
1,20130320T004418.278486.Cam6_51_aug_0.csv,209.56,84.06,14.7
