,name,c-x,c-y,radius
0,20130320T004408.944916.Cam6_54_aug_2.csv,225.81,139.37,15.95
1,20130320T004408.944916.Cam6_54_aug_2.csv,215.81,154.69,14.7
