,name,c-x,c-y,radius
0,20130320T004420.373780.Cam6_43_aug_2.csv,132.69,126.87,12.51
1,20130320T004420.373780.Cam6_43_aug_2.csv,147.38,126.25,12.51
2,20130320T004420.373780.Cam6_43_aug_2.csv,134.25,148.12,12.51
3,20130320T004420.373780.Cam6_43_aug_2.csv,110.19,153.75,12.51
