,name,c-x,c-y,radius
0,20130320T004552.756699.Cam6_21_aug_1.csv,94.91999999999999,110.0,15.27
