,name,c-x,c-y,radius
0,20130320T013512.055389_22_aug_0.csv,219.94,152.78,19.25
1,20130320T013512.055389_22_aug_0.csv,234.39,133.06,22.03
2,20130320T013512.055389_22_aug_0.csv,234.67000000000002,114.44,20.92
3,20130320T013512.055389_22_aug_0.csv,236.61,75.28,20.92
4,20130320T013512.055389_22_aug_0.csv,203.28,92.22,20.92
5,20130320T013512.055389_22_aug_0.csv,188.82999999999998,129.72,20.92
6,20130320T013512.055389_22_aug_0.csv,135.22,79.72,20.37
7,20130320T013512.055389_22_aug_0.csv,202.72,79.17,20.37
