,name,c-x,c-y,radius
0,20130320T010001.916956.Cam6_44_aug_1.csv,119.17,114.44,18.42
1,20130320T010001.916956.Cam6_44_aug_1.csv,143.33,137.22,22.87
2,20130320T010001.916956.Cam6_44_aug_1.csv,179.17,119.72,21.75
3,20130320T010001.916956.Cam6_44_aug_1.csv,217.22,106.94,19.53
