,name,c-x,c-y,radius
0,20130320T012927.857864_33_aug_1.csv,227.44,164.17,15.09
1,20130320T012927.857864_33_aug_1.csv,258.0,115.83,15.09
2,20130320T012927.857864_33_aug_1.csv,210.5,97.5,17.03
3,20130320T012927.857864_33_aug_1.csv,178.0,111.39,18.14
4,20130320T012927.857864_33_aug_1.csv,102.16999999999999,73.61,16.48
5,20130320T012927.857864_33_aug_1.csv,49.94,83.33,14.25
6,20130320T012927.857864_33_aug_1.csv,48.0,66.39,15.37
