,name,c-x,c-y,radius
0,20130320T005927.440129.Cam6_43_aug_1.csv,207.72,170.0,24.25
1,20130320T005927.440129.Cam6_43_aug_1.csv,108.0,168.33,23.14
2,20130320T005927.440129.Cam6_43_aug_1.csv,78.28,134.44,21.2
3,20130320T005927.440129.Cam6_43_aug_1.csv,37.44,119.17,21.2
