,name,c-x,c-y,radius
0,20130320T005824.200708.Cam6_52_aug_1.csv,264.94,79.17,17.87
1,20130320T005824.200708.Cam6_52_aug_1.csv,255.78,82.22,17.87
2,20130320T005824.200708.Cam6_52_aug_1.csv,221.32999999999998,69.44,24.81
3,20130320T005824.200708.Cam6_52_aug_1.csv,194.67000000000002,93.06,23.7
4,20130320T005824.200708.Cam6_52_aug_1.csv,163.83,101.11,20.37
5,20130320T005824.200708.Cam6_52_aug_1.csv,77.16999999999999,86.11,22.03
