,name,c-x,c-y,radius
0,20130320T004756.949641.Cam6_54_aug_0.csv,300.31,37.31,17.19
1,20130320T004756.949641.Cam6_54_aug_0.csv,299.54,61.92,17.19
