,name,c-x,c-y,radius
0,20130320T013313.957735_32_aug_1.csv,219.39,127.22,17.59
1,20130320T013313.957735_32_aug_1.csv,273.0,101.39,22.03
2,20130320T013313.957735_32_aug_1.csv,299.94,145.83,18.98
3,20130320T013313.957735_32_aug_1.csv,216.06,13.06,18.98
