,name,c-x,c-y,radius
0,20130320T013347.672808_22_aug_3.csv,53.33,133.61,27.87
1,20130320T013347.672808_22_aug_3.csv,41.11,84.44,27.03
2,20130320T013347.672808_22_aug_3.csv,2.5,48.33,27.03
3,20130320T013347.672808_22_aug_3.csv,70.83,38.06,25.64
4,20130320T013347.672808_22_aug_3.csv,19.17,171.67,23.42
