,name,c-x,c-y,radius
0,20130320T005810.676682.Cam6_54_aug_3.csv,190.56,36.39,19.81
1,20130320T005810.676682.Cam6_54_aug_3.csv,263.89,158.89,16.75
2,20130320T005810.676682.Cam6_54_aug_3.csv,161.94,152.5,15.37
3,20130320T005810.676682.Cam6_54_aug_3.csv,230.28,35.83,15.37
