,name,c-x,c-y,radius
0,20130320T004547.804094.Cam6_12_aug_2.csv,169.54,58.08,26.42
1,20130320T004547.804094.Cam6_12_aug_2.csv,207.23000000000002,71.92,24.11
2,20130320T004547.804094.Cam6_12_aug_2.csv,198.38,107.69,21.8
3,20130320T004547.804094.Cam6_12_aug_2.csv,166.85,83.85,21.03
4,20130320T004547.804094.Cam6_12_aug_2.csv,144.15,140.77,21.03
