,name,c-x,c-y,radius
0,20130320T005958.488384.Cam6_43_aug_2.csv,284.67,121.39,24.53
1,20130320T005958.488384.Cam6_43_aug_2.csv,239.94,116.94,22.59
2,20130320T005958.488384.Cam6_43_aug_2.csv,214.11,61.11,23.42
3,20130320T005958.488384.Cam6_43_aug_2.csv,76.88999999999999,43.61,23.14
