,name,c-x,c-y,radius
0,20130320T004757.330649.Cam6_42_aug_3.csv,155.38,111.92,17.19
1,20130320T004757.330649.Cam6_42_aug_3.csv,106.92,125.0,17.19
2,20130320T004757.330649.Cam6_42_aug_3.csv,125.0,163.08,17.57
3,20130320T004757.330649.Cam6_42_aug_3.csv,273.85,161.92,18.34
4,20130320T004757.330649.Cam6_42_aug_3.csv,51.92,53.85,16.8
5,20130320T004757.330649.Cam6_42_aug_3.csv,16.54,55.38,17.57
6,20130320T004757.330649.Cam6_42_aug_3.csv,64.23,16.15,17.57
