,name,c-x,c-y,radius
0,20130320T012837.190206_21_aug_2.csv,205.22,108.89,14.81
1,20130320T012837.190206_21_aug_2.csv,131.06,105.28,17.31
