,name,c-x,c-y,radius
0,20130320T005235.431633.Cam6_12_aug_3.csv,143.55,174.19,18.38
1,20130320T005235.431633.Cam6_12_aug_3.csv,82.26,150.97,18.38
2,20130320T005235.431633.Cam6_12_aug_3.csv,115.81,136.13,18.38
3,20130320T005235.431633.Cam6_12_aug_3.csv,111.29,36.77,18.71
4,20130320T005235.431633.Cam6_12_aug_3.csv,129.35,97.74,18.71
5,20130320T005235.431633.Cam6_12_aug_3.csv,148.06,116.13,17.74
6,20130320T005235.431633.Cam6_12_aug_3.csv,240.65,5.48,19.03
7,20130320T005235.431633.Cam6_12_aug_3.csv,101.29,69.03,18.06
