,name,c-x,c-y,radius
0,20130320T005912.773071.Cam6_52_aug_3.csv,20.28,113.06,28.14
1,20130320T005912.773071.Cam6_52_aug_3.csv,213.06,103.33,25.64
2,20130320T005912.773071.Cam6_52_aug_3.csv,278.89,82.5,28.42
