,name,c-x,c-y,radius
0,20130320T012837.190206_21_aug_1.csv,102.78,108.89,14.81
1,20130320T012837.190206_21_aug_1.csv,176.94,105.28,17.31
