,name,c-x,c-y,radius
0,20130320T010002.678971.Cam6_22_aug_3.csv,58.33,188.89,19.53
1,20130320T010002.678971.Cam6_22_aug_3.csv,144.17,193.89,20.09
2,20130320T010002.678971.Cam6_22_aug_3.csv,166.67,46.67,22.31
