,name,c-x,c-y,radius
0,20130320T005545.340304.Cam6_52_aug_3.csv,59.17,31.11,23.7
1,20130320T005545.340304.Cam6_52_aug_3.csv,79.17,73.61,22.31
2,20130320T005545.340304.Cam6_52_aug_3.csv,125.28,80.83,22.87
3,20130320T005545.340304.Cam6_52_aug_3.csv,125.83,111.94,22.87
4,20130320T005545.340304.Cam6_52_aug_3.csv,181.11,9.17,17.87
