,name,c-x,c-y,radius
0,20130320T013320.624619_42_aug_3.csv,13.89,115.83,17.03
1,20130320T013320.624619_42_aug_3.csv,43.33,121.94,17.03
2,20130320T013320.624619_42_aug_3.csv,66.39,148.06,19.53
3,20130320T013320.624619_42_aug_3.csv,78.89,112.78,19.81
4,20130320T013320.624619_42_aug_3.csv,158.06,124.44,17.03
5,20130320T013320.624619_42_aug_3.csv,198.61,102.22,17.03
6,20130320T013320.624619_42_aug_3.csv,213.61,129.17,16.2
7,20130320T013320.624619_42_aug_3.csv,231.39,116.94,20.92
8,20130320T013320.624619_42_aug_3.csv,293.61,57.5,20.92
