,name,c-x,c-y,radius
0,20130320T004906.093958.Cam6_22_aug_0.csv,283.16,107.74,24.51
1,20130320T004906.093958.Cam6_22_aug_0.csv,106.71000000000001,67.1,24.51
2,20130320T004906.093958.Cam6_22_aug_0.csv,114.77000000000001,25.48,24.84
3,20130320T004906.093958.Cam6_22_aug_0.csv,165.74,150.97,22.26
4,20130320T004906.093958.Cam6_22_aug_0.csv,90.58000000000001,150.0,22.26
5,20130320T004906.093958.Cam6_22_aug_0.csv,95.1,180.97,20.96
6,20130320T004906.093958.Cam6_22_aug_0.csv,44.44999999999999,156.13,17.42
7,20130320T004906.093958.Cam6_22_aug_0.csv,40.25999999999999,112.58,20.32
8,20130320T004906.093958.Cam6_22_aug_0.csv,63.81,100.65,20.64
