,name,c-x,c-y,radius
0,20130320T005328.385097.Cam6_62_aug_2.csv,238.97,110.97,17.42
1,20130320T005328.385097.Cam6_62_aug_2.csv,233.16,97.42,16.45
2,20130320T005328.385097.Cam6_62_aug_2.csv,258.65,118.39,16.45
3,20130320T005328.385097.Cam6_62_aug_2.csv,238.97,29.35,15.48
4,20130320T005328.385097.Cam6_62_aug_2.csv,185.74,2.26,15.48
5,20130320T005328.385097.Cam6_62_aug_2.csv,165.1,19.68,18.38
6,20130320T005328.385097.Cam6_62_aug_2.csv,161.23,31.94,18.38
7,20130320T005328.385097.Cam6_62_aug_2.csv,115.41999999999999,9.03,19.03
8,20130320T005328.385097.Cam6_62_aug_2.csv,63.81,37.74,17.74
