,name,c-x,c-y,radius
0,20130320T005906.487320.Cam6_52_aug_3.csv,216.11,189.17,21.75
1,20130320T005906.487320.Cam6_52_aug_3.csv,210.28,153.33,21.2
2,20130320T005906.487320.Cam6_52_aug_3.csv,193.33,121.94,24.81
3,20130320T005906.487320.Cam6_52_aug_3.csv,203.06,115.28,24.81
4,20130320T005906.487320.Cam6_52_aug_3.csv,199.17,84.17,18.14
5,20130320T005906.487320.Cam6_52_aug_3.csv,191.11,67.5,21.75
6,20130320T005906.487320.Cam6_52_aug_3.csv,149.17,88.89,28.42
7,20130320T005906.487320.Cam6_52_aug_3.csv,277.78,100.28,18.14
