,name,c-x,c-y,radius
0,20130320T004715.425029.Cam6_73_aug_2.csv,219.15,80.38,12.57
1,20130320T004715.425029.Cam6_73_aug_2.csv,165.69,62.31,11.8
