,name,c-x,c-y,radius
0,20130320T004858.855806.Cam6_42_aug_0.csv,276.06,46.13,27.09
1,20130320T004858.855806.Cam6_42_aug_0.csv,251.87,131.29,27.09
2,20130320T004858.855806.Cam6_42_aug_0.csv,85.41999999999999,142.58,29.35
3,20130320T004858.855806.Cam6_42_aug_0.csv,18.319999999999993,155.16,39.35
