,name,c-x,c-y,radius
0,20130320T004403.040040.Cam6_51_aug_1.csv,189.88,188.44,16.26
1,20130320T004403.040040.Cam6_51_aug_1.csv,219.25,191.56,16.26
