,name,c-x,c-y,radius
0,20130320T013331.481970_22_aug_3.csv,47.78,31.11,24.53
1,20130320T013331.481970_22_aug_3.csv,23.33,29.44,22.31
