,name,c-x,c-y,radius
0,20130320T005651.246417.Cam6_42_aug_3.csv,72.78,126.11,21.2
1,20130320T005651.246417.Cam6_42_aug_3.csv,115.83,126.67,21.2
2,20130320T005651.246417.Cam6_42_aug_3.csv,119.44,146.11,18.7
3,20130320T005651.246417.Cam6_42_aug_3.csv,168.06,89.17,18.7
4,20130320T005651.246417.Cam6_42_aug_3.csv,187.78,139.17,18.7
5,20130320T005651.246417.Cam6_42_aug_3.csv,274.44,150.28,18.7
6,20130320T005651.246417.Cam6_42_aug_3.csv,84.44,75.0,19.25
7,20130320T005651.246417.Cam6_42_aug_3.csv,287.5,107.5,19.25
