,name,c-x,c-y,radius
0,20130320T013259.100316_22_aug_3.csv,17.5,188.89,15.92
1,20130320T013259.100316_22_aug_3.csv,8.89,63.06,17.59
2,20130320T013259.100316_22_aug_3.csv,33.89,69.44,14.53
3,20130320T013259.100316_22_aug_3.csv,19.72,26.94,17.59
4,20130320T013259.100316_22_aug_3.csv,51.11,9.44,15.92
5,20130320T013259.100316_22_aug_3.csv,220.0,113.61,15.09
6,20130320T013259.100316_22_aug_3.csv,283.33,125.0,17.87
