,name,c-x,c-y,radius
0,20130320T013305.005184_33_aug_3.csv,109.72,166.11,18.98
1,20130320T013305.005184_33_aug_3.csv,135.83,179.17,17.59
2,20130320T013305.005184_33_aug_3.csv,138.89,146.94,18.98
