,name,c-x,c-y,radius
0,20130320T004445.136158.Cam6_23_aug_1.csv,302.06,15.94,21.89
1,20130320T004445.136158.Cam6_23_aug_1.csv,272.38,33.75,19.7
2,20130320T004445.136158.Cam6_23_aug_1.csv,198.31,50.0,19.7
