,name,c-x,c-y,radius
0,20130320T004847.807949.Cam6_74_aug_0.csv,167.68,125.48,16.13
1,20130320T004847.807949.Cam6_74_aug_0.csv,193.16,122.26,16.13
2,20130320T004847.807949.Cam6_74_aug_0.csv,288.65,51.29,16.13
3,20130320T004847.807949.Cam6_74_aug_0.csv,53.47999999999999,23.23,14.19
4,20130320T004847.807949.Cam6_74_aug_0.csv,62.84,2.9,14.19
