,name,c-x,c-y,radius
0,20130320T004534.280053.Cam6_73_aug_1.csv,109.08000000000001,148.65,16.64
