,name,c-x,c-y,radius
0,20130320T012909.571865_22_aug_0.csv,21.67,176.11,18.14
1,20130320T012909.571865_22_aug_0.csv,111.11,188.89,18.14
2,20130320T012909.571865_22_aug_0.csv,56.11,36.94,17.03
3,20130320T012909.571865_22_aug_0.csv,69.17,5.28,17.03
4,20130320T012909.571865_22_aug_0.csv,188.89,42.5,17.59
5,20130320T012909.571865_22_aug_0.csv,229.17,120.0,17.03
6,20130320T012909.571865_22_aug_0.csv,249.72,95.56,17.03
