,name,c-x,c-y,radius
0,20130320T005230.098145.Cam6_12_aug_1.csv,209.61,141.61,15.8
1,20130320T005230.098145.Cam6_12_aug_1.csv,178.0,135.16,15.8
2,20130320T005230.098145.Cam6_12_aug_1.csv,167.35,106.13,15.8
3,20130320T005230.098145.Cam6_12_aug_1.csv,195.42000000000002,114.84,16.45
4,20130320T005230.098145.Cam6_12_aug_1.csv,230.57999999999998,119.03,15.8
