,name,c-x,c-y,radius
0,20130320T005548.959378.Cam6_62_aug_0.csv,192.17000000000002,124.17,16.48
