,name,c-x,c-y,radius
0,20130320T005612.578997.Cam6_61_aug_0.csv,55.22,149.17,21.48
1,20130320T005612.578997.Cam6_61_aug_0.csv,37.72000000000003,139.44,20.37
2,20130320T005612.578997.Cam6_61_aug_0.csv,48.0,65.56,17.87
3,20130320T005612.578997.Cam6_61_aug_0.csv,75.5,60.56,17.87
4,20130320T005612.578997.Cam6_61_aug_0.csv,117.16999999999999,64.17,17.03
