,name,c-x,c-y,radius
0,20130320T013038.335570_34_aug_2.csv,288.0,73.06,17.59
1,20130320T013038.335570_34_aug_2.csv,153.83,192.5,15.37
2,20130320T013038.335570_34_aug_2.csv,28.560000000000002,182.78,16.75
