,name,c-x,c-y,radius
0,20130320T004918.284713.Cam6_62_aug_1.csv,45.48,122.26,14.19
1,20130320T004918.284713.Cam6_62_aug_1.csv,66.13,111.94,14.19
2,20130320T004918.284713.Cam6_62_aug_1.csv,83.87,101.61,14.19
3,20130320T004918.284713.Cam6_62_aug_1.csv,231.94,104.52,12.9
4,20130320T004918.284713.Cam6_62_aug_1.csv,232.58,68.71,12.9
5,20130320T004918.284713.Cam6_62_aug_1.csv,282.9,136.77,12.9
6,20130320T004918.284713.Cam6_62_aug_1.csv,179.68,194.19,12.26
