,name,c-x,c-y,radius
0,20130320T004413.135503.Cam6_63_aug_1.csv,212.38,94.37,14.39
1,20130320T004413.135503.Cam6_63_aug_1.csv,244.25,91.56,13.14
