,name,c-x,c-y,radius
0,20130320T013550.722937_33_aug_3.csv,125.56,166.67,20.37
1,20130320T013550.722937_33_aug_3.csv,288.61,12.5,18.98
