,name,c-x,c-y,radius
0,20130320T013444.816839_43_aug_2.csv,126.88999999999999,104.72,23.42
1,20130320T013444.816839_43_aug_2.csv,189.94,43.89,21.48
2,20130320T013444.816839_43_aug_2.csv,150.78,47.5,21.48
3,20130320T013444.816839_43_aug_2.csv,59.66999999999999,36.94,17.59
