,name,c-x,c-y,radius
0,20130320T005114.096601.Cam6_33_aug_3.csv,54.84,55.16,23.55
1,20130320T005114.096601.Cam6_33_aug_3.csv,37.42,49.68,20.64
2,20130320T005114.096601.Cam6_33_aug_3.csv,293.23,51.29,20.64
