,name,c-x,c-y,radius
0,20130320T013333.386760_33_aug_2.csv,102.72,80.28,22.31
1,20130320T013333.386760_33_aug_2.csv,84.11000000000001,121.39,25.64
2,20130320T013333.386760_33_aug_2.csv,37.44,45.0,25.64
