,name,c-x,c-y,radius
0,20130320T005746.866695.Cam6_22_aug_2.csv,51.11,45.83,18.98
1,20130320T005746.866695.Cam6_22_aug_2.csv,132.78,77.78,17.87
2,20130320T005746.866695.Cam6_22_aug_2.csv,160.83,106.67,20.37
