,name,c-x,c-y,radius
0,20130320T005252.003348.Cam6_42_aug_3.csv,8.39,132.58,14.84
1,20130320T005252.003348.Cam6_42_aug_3.csv,28.39,112.58,17.42
2,20130320T005252.003348.Cam6_42_aug_3.csv,137.42,32.58,17.42
