,name,c-x,c-y,radius
0,20130320T005016.381156.Cam6_42_aug_2.csv,284.77,178.06,19.03
1,20130320T005016.381156.Cam6_42_aug_2.csv,238.65,134.19,19.03
2,20130320T005016.381156.Cam6_42_aug_2.csv,258.0,64.84,17.09
3,20130320T005016.381156.Cam6_42_aug_2.csv,222.84,102.9,18.06
4,20130320T005016.381156.Cam6_42_aug_2.csv,211.87,120.32,17.09
5,20130320T005016.381156.Cam6_42_aug_2.csv,108.0,119.35,16.13
6,20130320T005016.381156.Cam6_42_aug_2.csv,41.23000000000002,90.65,16.13
7,20130320T005016.381156.Cam6_42_aug_2.csv,21.870000000000005,68.06,13.87
8,20130320T005016.381156.Cam6_42_aug_2.csv,155.74,24.19,18.06
