,name,c-x,c-y,radius
0,20130320T004902.474882.Cam6_42_aug_3.csv,39.68,150.0,24.51
1,20130320T004902.474882.Cam6_42_aug_3.csv,10.97,58.39,25.16
2,20130320T004902.474882.Cam6_42_aug_3.csv,200.97,152.26,25.16
3,20130320T004902.474882.Cam6_42_aug_3.csv,220.65,147.1,28.71
4,20130320T004902.474882.Cam6_42_aug_3.csv,288.39,154.52,39.67
