,name,c-x,c-y,radius
0,20130320T013024.240028_32_aug_2.csv,82.72,118.33,22.59
1,20130320T013024.240028_32_aug_2.csv,119.38999999999999,113.06,26.75
