,name,c-x,c-y,radius
0,20130320T013320.243612_41_aug_2.csv,205.5,147.5,17.59
1,20130320T013320.243612_41_aug_2.csv,198.56,115.28,17.59
2,20130320T013320.243612_41_aug_2.csv,69.11000000000001,110.28,19.25
3,20130320T013320.243612_41_aug_2.csv,95.5,96.67,17.59
