,name,c-x,c-y,radius
0,20130320T004432.755029.Cam6_44_aug_3.csv,219.69,144.37,8.45
1,20130320T004432.755029.Cam6_44_aug_3.csv,117.19,162.19,7.51
2,20130320T004432.755029.Cam6_44_aug_3.csv,127.19,169.69,8.45
3,20130320T004432.755029.Cam6_44_aug_3.csv,193.75,47.5,10.01
