,name,c-x,c-y,radius
0,20130320T013322.338904_21_aug_2.csv,124.38999999999999,186.67,17.59
1,20130320T013322.338904_21_aug_2.csv,116.33000000000001,114.44,13.14
2,20130320T013322.338904_21_aug_2.csv,123.83000000000001,81.67,13.14
3,20130320T013322.338904_21_aug_2.csv,146.61,98.61,12.03
4,20130320T013322.338904_21_aug_2.csv,114.11000000000001,34.17,12.03
5,20130320T013322.338904_21_aug_2.csv,139.11,16.39,14.25
