,name,c-x,c-y,radius
0,20130320T013452.817008_12_aug_0.csv,46.67,166.94,20.37
1,20130320T013452.817008_12_aug_0.csv,77.78,103.89,19.25
2,20130320T013452.817008_12_aug_0.csv,16.39,98.89,18.14
3,20130320T013452.817008_12_aug_0.csv,190.0,97.78,17.03
4,20130320T013452.817008_12_aug_0.csv,281.11,91.11,17.59
5,20130320T013452.817008_12_aug_0.csv,304.72,115.56,17.59
