,name,c-x,c-y,radius
0,20130320T005458.482203.Cam6_43_aug_3.csv,29.17,146.94,22.59
1,20130320T005458.482203.Cam6_43_aug_3.csv,63.61,120.83,22.03
2,20130320T005458.482203.Cam6_43_aug_3.csv,59.44,90.28,20.09
3,20130320T005458.482203.Cam6_43_aug_3.csv,126.11,100.56,18.42
4,20130320T005458.482203.Cam6_43_aug_3.csv,210.83,129.44,20.64
5,20130320T005458.482203.Cam6_43_aug_3.csv,296.94,166.11,22.31
6,20130320T005458.482203.Cam6_43_aug_3.csv,265.28,103.06,21.48
7,20130320T005458.482203.Cam6_43_aug_3.csv,221.67,32.22,18.14
8,20130320T005458.482203.Cam6_43_aug_3.csv,287.5,56.67,20.92
