,name,c-x,c-y,radius
0,20130320T005233.336339.Cam6_71_aug_3.csv,32.9,103.55,13.87
1,20130320T005233.336339.Cam6_71_aug_3.csv,80.32,40.65,11.61
2,20130320T005233.336339.Cam6_71_aug_3.csv,130.97,59.35,11.61
3,20130320T005233.336339.Cam6_71_aug_3.csv,145.48,68.39,11.61
4,20130320T005233.336339.Cam6_71_aug_3.csv,184.84,103.55,12.9
5,20130320T005233.336339.Cam6_71_aug_3.csv,152.58,89.68,10.64
