,name,c-x,c-y,radius
0,20130320T013606.151743_11_aug_3.csv,157.22,185.0,20.09
1,20130320T013606.151743_11_aug_3.csv,194.72,194.44,20.09
2,20130320T013606.151743_11_aug_3.csv,248.33,67.78,20.09
3,20130320T013606.151743_11_aug_3.csv,220.28,43.61,20.09
