,name,c-x,c-y,radius
0,20130320T004449.326741.Cam6_34_aug_0.csv,174.88,128.12,21.58
1,20130320T004449.326741.Cam6_34_aug_0.csv,196.44,180.62,18.76
2,20130320T004449.326741.Cam6_34_aug_0.csv,130.19,66.25,22.2
3,20130320T004449.326741.Cam6_34_aug_0.csv,108.94,80.94,22.2
4,20130320T004449.326741.Cam6_34_aug_0.csv,85.81,80.31,22.2
5,20130320T004449.326741.Cam6_34_aug_0.csv,72.69,92.19,22.2
6,20130320T004449.326741.Cam6_34_aug_0.csv,66.44,80.94,22.2
