,name,c-x,c-y,radius
0,20130320T013605.770735_41_aug_3.csv,148.06,126.94,22.31
1,20130320T013605.770735_41_aug_3.csv,45.56,108.33,20.37
2,20130320T013605.770735_41_aug_3.csv,73.06,129.72,17.03
3,20130320T013605.770735_41_aug_3.csv,99.72,162.5,17.03
4,20130320T013605.770735_41_aug_3.csv,71.67,48.89,17.03
5,20130320T013605.770735_41_aug_3.csv,255.83,60.28,20.09
6,20130320T013605.770735_41_aug_3.csv,205.0,6.67,18.42
7,20130320T013605.770735_41_aug_3.csv,240.56,0.56,16.75
