,name,c-x,c-y,radius
0,20130320T012858.905027_21_aug_2.csv,60.22,101.39,14.81
1,20130320T012858.905027_21_aug_2.csv,136.89,109.17,14.81
2,20130320T012858.905027_21_aug_2.csv,162.72,111.39,14.81
3,20130320T012858.905027_21_aug_2.csv,127.72,138.06,14.81
4,20130320T012858.905027_21_aug_2.csv,162.72,141.67,14.81
