,name,c-x,c-y,radius
0,20130320T005821.914913.Cam6_62_aug_1.csv,132.17,85.83,22.87
1,20130320T005821.914913.Cam6_62_aug_1.csv,93.56,71.94,28.98
2,20130320T005821.914913.Cam6_62_aug_1.csv,132.44,46.67,18.14
