,name,c-x,c-y,radius
0,20130320T013027.668727_21_aug_0.csv,121.33000000000001,135.0,18.42
1,20130320T013027.668727_21_aug_0.csv,84.11000000000001,146.67,18.42
2,20130320T013027.668727_21_aug_0.csv,74.38999999999999,120.56,18.42
3,20130320T013027.668727_21_aug_0.csv,119.94,102.5,19.53
4,20130320T013027.668727_21_aug_0.csv,91.33000000000001,81.67,19.53
5,20130320T013027.668727_21_aug_0.csv,115.78,61.11,19.53
