,name,c-x,c-y,radius
0,20130320T005132.192216.Cam6_23_aug_3.csv,91.61,54.52,25.8
1,20130320T005132.192216.Cam6_23_aug_3.csv,51.61,55.48,25.8
2,20130320T005132.192216.Cam6_23_aug_3.csv,180.97,191.94,25.8
3,20130320T005132.192216.Cam6_23_aug_3.csv,295.16,121.29,25.16
4,20130320T005132.192216.Cam6_23_aug_3.csv,193.87,38.06,22.9
