,name,c-x,c-y,radius
0,20130320T004351.992184.Cam6_61_aug_0.csv,95.6,124.8,19.87
1,20130320T004351.992184.Cam6_61_aug_0.csv,157.6,126.8,19.87
2,20130320T004351.992184.Cam6_61_aug_0.csv,141.6,92.8,19.87
3,20130320T004351.992184.Cam6_61_aug_0.csv,129.6,173.2,18.27
4,20130320T004351.992184.Cam6_61_aug_0.csv,159.6,176.0,18.27
5,20130320T004351.992184.Cam6_61_aug_0.csv,140.0,198.8,18.27
