,name,c-x,c-y,radius
0,20130320T005548.197486.Cam6_44_aug_2.csv,245.78,53.61,17.87
1,20130320T005548.197486.Cam6_44_aug_2.csv,218.0,62.78,17.87
2,20130320T005548.197486.Cam6_44_aug_2.csv,176.06,85.0,21.48
3,20130320T005548.197486.Cam6_44_aug_2.csv,140.22,96.11,22.03
4,20130320T005548.197486.Cam6_44_aug_2.csv,100.5,84.17,24.53
5,20130320T005548.197486.Cam6_44_aug_2.csv,29.110000000000014,112.22,17.87
