,name,c-x,c-y,radius
0,20130320T004706.853472.Cam6_32_aug_0.csv,299.38,25.86,21.68
1,20130320T004706.853472.Cam6_32_aug_0.csv,271.45,47.24,23.75
2,20130320T004706.853472.Cam6_32_aug_0.csv,227.66,42.41,23.75
3,20130320T004706.853472.Cam6_32_aug_0.csv,129.38,24.14,23.75
4,20130320T004706.853472.Cam6_32_aug_0.csv,206.62,74.83,20.64
5,20130320T004706.853472.Cam6_32_aug_0.csv,158.0,138.97,22.71
6,20130320T004706.853472.Cam6_32_aug_0.csv,109.38,108.28,19.96
7,20130320T004706.853472.Cam6_32_aug_0.csv,300.07,165.17,24.44
8,20130320T004706.853472.Cam6_32_aug_0.csv,120.75999999999999,116.9,18.58
