,name,c-x,c-y,radius
0,20130320T004431.612130.Cam6_52_aug_1.csv,252.19,57.81,10.33
1,20130320T004431.612130.Cam6_52_aug_1.csv,92.19,69.37,8.45
2,20130320T004431.612130.Cam6_52_aug_1.csv,298.44,67.19,8.45
