,name,c-x,c-y,radius
0,20130320T005044.762746.Cam6_62_aug_2.csv,112.19,110.0,13.87
1,20130320T005044.762746.Cam6_62_aug_2.csv,91.87,124.19,15.16
2,20130320T005044.762746.Cam6_62_aug_2.csv,12.189999999999998,89.35,11.29
