,name,c-x,c-y,radius
0,20130320T005548.197486.Cam6_34_aug_3.csv,103.89,155.28,25.92
1,20130320T005548.197486.Cam6_34_aug_3.csv,90.0,88.61,21.48
2,20130320T005548.197486.Cam6_34_aug_3.csv,93.33,60.56,19.81
3,20130320T005548.197486.Cam6_34_aug_3.csv,60.56,85.0,18.7
