,name,c-x,c-y,radius
0,20130320T005655.817889.Cam6_12_aug_1.csv,149.67,134.17,21.48
1,20130320T005655.817889.Cam6_12_aug_1.csv,179.67,117.78,19.53
2,20130320T005655.817889.Cam6_12_aug_1.csv,137.44,113.33,19.53
3,20130320T005655.817889.Cam6_12_aug_1.csv,157.72,70.83,21.48
4,20130320T005655.817889.Cam6_12_aug_1.csv,140.78,64.44,20.09
5,20130320T005655.817889.Cam6_12_aug_1.csv,176.06,37.22,19.25
