,name,c-x,c-y,radius
0,20130320T004808.188000.Cam6_61_aug_3.csv,156.45,123.87,17.42
1,20130320T004808.188000.Cam6_61_aug_3.csv,248.39,54.52,18.71
2,20130320T004808.188000.Cam6_61_aug_3.csv,217.42,46.77,18.71
