,name,c-x,c-y,radius
0,20130320T005827.438900.Cam6_53_aug_2.csv,256.89,106.67,27.03
1,20130320T005827.438900.Cam6_53_aug_2.csv,291.89,73.33,26.48
2,20130320T005827.438900.Cam6_53_aug_2.csv,239.11,71.94,21.75
3,20130320T005827.438900.Cam6_53_aug_2.csv,218.28,54.72,21.75
4,20130320T005827.438900.Cam6_53_aug_2.csv,285.5,59.72,21.75
