,name,c-x,c-y,radius
0,20130320T005441.910362.Cam6_34_aug_2.csv,131.06,156.94,20.37
1,20130320T005441.910362.Cam6_34_aug_2.csv,219.39,70.28,17.31
