,name,c-x,c-y,radius
0,20130320T005922.868531.Cam6_12_aug_3.csv,162.78,1.67,18.42
1,20130320T005922.868531.Cam6_12_aug_3.csv,240.28,149.44,19.53
2,20130320T005922.868531.Cam6_12_aug_3.csv,291.67,117.22,19.53
3,20130320T005922.868531.Cam6_12_aug_3.csv,233.61,182.5,17.87
