,name,c-x,c-y,radius
0,20130320T005739.818800.Cam6_43_aug_3.csv,163.06,198.06,19.53
1,20130320T005739.818800.Cam6_43_aug_3.csv,285.28,155.56,19.53
2,20130320T005739.818800.Cam6_43_aug_3.csv,67.5,141.39,20.64
3,20130320T005739.818800.Cam6_43_aug_3.csv,111.11,97.5,19.81
4,20130320T005739.818800.Cam6_43_aug_3.csv,109.17,56.94,21.2
5,20130320T005739.818800.Cam6_43_aug_3.csv,71.11,81.11,18.42
