,name,c-x,c-y,radius
0,20130320T005911.630298.Cam6_42_aug_1.csv,291.33,45.56,27.03
1,20130320T005911.630298.Cam6_42_aug_1.csv,234.67000000000002,166.39,30.64
2,20130320T005911.630298.Cam6_42_aug_1.csv,203.56,165.28,25.64
3,20130320T005911.630298.Cam6_42_aug_1.csv,60.78,141.39,30.64
4,20130320T005911.630298.Cam6_42_aug_1.csv,40.22000000000003,170.56,28.14
