,name,c-x,c-y,radius
0,20130320T004859.236691.Cam6_43_aug_3.csv,23.55,156.13,39.35
1,20130320T004859.236691.Cam6_43_aug_3.csv,241.94,182.58,26.45
2,20130320T004859.236691.Cam6_43_aug_3.csv,117.42,97.42,20.32
3,20130320T004859.236691.Cam6_43_aug_3.csv,155.81,99.68,20.32
4,20130320T004859.236691.Cam6_43_aug_3.csv,194.52,75.48,21.93
5,20130320T004859.236691.Cam6_43_aug_3.csv,235.81,62.26,22.58
6,20130320T004859.236691.Cam6_43_aug_3.csv,301.94,76.77,22.58
