,name,c-x,c-y,radius
0,20130320T005927.440129.Cam6_43_aug_0.csv,100.28,170.0,24.25
1,20130320T005927.440129.Cam6_43_aug_0.csv,200.0,168.33,23.14
2,20130320T005927.440129.Cam6_43_aug_0.csv,229.72,134.44,21.2
3,20130320T005927.440129.Cam6_43_aug_0.csv,270.56,119.17,21.2
