,name,c-x,c-y,radius
0,20130320T013336.243945_43_aug_3.csv,126.11,95.56,25.64
1,20130320T013336.243945_43_aug_3.csv,176.11,117.22,29.53
