,name,c-x,c-y,radius
0,20130320T004618.280974.Cam6_61_aug_1.csv,96.62,90.34,10.64
1,20130320T004618.280974.Cam6_61_aug_1.csv,101.1,105.86,10.64
2,20130320T004618.280974.Cam6_61_aug_1.csv,78.69,103.1,10.64
3,20130320T004618.280974.Cam6_61_aug_1.csv,77.31,127.24,10.64
