,name,c-x,c-y,radius
0,20130320T004849.331732.Cam6_43_aug_1.csv,63.81,95.48,28.71
1,20130320T004849.331732.Cam6_43_aug_1.csv,87.35,105.16,28.71
2,20130320T004849.331732.Cam6_43_aug_1.csv,64.77000000000001,55.48,19.67
3,20130320T004849.331732.Cam6_43_aug_1.csv,48.64999999999998,49.35,19.67
4,20130320T004849.331732.Cam6_43_aug_1.csv,45.74000000000001,61.94,19.67
