,name,c-x,c-y,radius
0,20130320T004919.998999.Cam6_72_aug_0.csv,144.45,86.45,11.61
1,20130320T004919.998999.Cam6_72_aug_0.csv,273.48,10.32,11.61
