,name,c-x,c-y,radius
0,20130320T013109.193320_51_aug_3.csv,92.5,145.56,13.7
1,20130320T013109.193320_51_aug_3.csv,36.94,113.61,14.53
2,20130320T013109.193320_51_aug_3.csv,46.11,84.44,15.64
