,name,c-x,c-y,radius
0,20130320T013350.720495_24_aug_0.csv,19.44,180.56,21.2
1,20130320T013350.720495_24_aug_0.csv,55.56,165.56,22.03
2,20130320T013350.720495_24_aug_0.csv,126.67,120.0,25.64
3,20130320T013350.720495_24_aug_0.csv,161.94,146.39,21.75
4,20130320T013350.720495_24_aug_0.csv,162.78,99.72,21.75
5,20130320T013350.720495_24_aug_0.csv,165.83,57.22,21.75
6,20130320T013350.720495_24_aug_0.csv,141.67,62.78,24.25
7,20130320T013350.720495_24_aug_0.csv,110.0,32.78,23.42
8,20130320T013350.720495_24_aug_0.csv,66.39,64.72,23.42
