,name,c-x,c-y,radius
0,20130320T005240.955499.Cam6_63_aug_3.csv,88.71,138.06,17.42
1,20130320T005240.955499.Cam6_63_aug_3.csv,207.1,170.65,16.13
2,20130320T005240.955499.Cam6_63_aug_3.csv,225.16,185.16,15.48
3,20130320T005240.955499.Cam6_63_aug_3.csv,236.77,134.84,18.71
4,20130320T005240.955499.Cam6_63_aug_3.csv,268.06,141.29,18.71
5,20130320T005240.955499.Cam6_63_aug_3.csv,290.0,165.48,15.8
6,20130320T005240.955499.Cam6_63_aug_3.csv,72.9,57.1,15.8
7,20130320T005240.955499.Cam6_63_aug_3.csv,218.71,3.55,17.42
