,name,c-x,c-y,radius
0,20130320T010004.583760.Cam6_42_aug_1.csv,247.44,97.5,22.87
1,20130320T010004.583760.Cam6_42_aug_1.csv,237.44,48.33,21.2
2,20130320T010004.583760.Cam6_42_aug_1.csv,133.28,64.72,21.2
3,20130320T010004.583760.Cam6_42_aug_1.csv,96.88999999999999,43.61,25.09
4,20130320T010004.583760.Cam6_42_aug_1.csv,73.83000000000001,28.61,23.14
5,20130320T010004.583760.Cam6_42_aug_1.csv,120.22,166.39,19.53
