,name,c-x,c-y,radius
0,20130320T004629.900341.Cam6_11_aug_3.csv,140.34,136.55,19.27
1,20130320T004629.900341.Cam6_11_aug_3.csv,129.31,127.93,17.2
2,20130320T004629.900341.Cam6_11_aug_3.csv,119.66,89.66,15.47
3,20130320T004629.900341.Cam6_11_aug_3.csv,145.86,23.79,12.02
4,20130320T004629.900341.Cam6_11_aug_3.csv,167.24,22.07,12.02
5,20130320T004629.900341.Cam6_11_aug_3.csv,163.79,56.21,10.64
6,20130320T004629.900341.Cam6_11_aug_3.csv,172.41,36.55,10.99
