,name,c-x,c-y,radius
0,20130320T005544.959297.Cam6_62_aug_2.csv,231.89,137.78,18.7
1,20130320T005544.959297.Cam6_62_aug_2.csv,199.39,121.67,17.87
2,20130320T005544.959297.Cam6_62_aug_2.csv,183.56,96.94,15.92
3,20130320T005544.959297.Cam6_62_aug_2.csv,131.33,92.78,18.7
4,20130320T005544.959297.Cam6_62_aug_2.csv,114.94,33.33,24.53
5,20130320T005544.959297.Cam6_62_aug_2.csv,105.5,110.83,14.81
