,name,c-x,c-y,radius
0,20130320T005046.477032.Cam6_21_aug_0.csv,108.97,150.32,21.61
1,20130320T005046.477032.Cam6_21_aug_0.csv,74.13,134.52,23.87
2,20130320T005046.477032.Cam6_21_aug_0.csv,90.9,24.52,19.03
3,20130320T005046.477032.Cam6_21_aug_0.csv,103.47999999999999,1.29,19.03
4,20130320T005046.477032.Cam6_21_aug_0.csv,156.39,10.0,19.03
5,20130320T005046.477032.Cam6_21_aug_0.csv,258.32,8.39,19.03
6,20130320T005046.477032.Cam6_21_aug_0.csv,301.87,98.71,19.03
