,name,c-x,c-y,radius
0,20130320T012921.952995_22_aug_1.csv,196.89,170.28,15.37
1,20130320T012921.952995_22_aug_1.csv,228.82999999999998,130.28,15.37
2,20130320T012921.952995_22_aug_1.csv,229.67000000000002,95.0,15.37
3,20130320T012921.952995_22_aug_1.csv,246.89,32.22,15.37
4,20130320T012921.952995_22_aug_1.csv,287.44,31.11,15.37
5,20130320T012921.952995_22_aug_1.csv,308.0,105.83,15.37
