,name,c-x,c-y,radius
0,20130320T005649.151124.Cam6_33_aug_1.csv,176.61,91.11,20.37
1,20130320T005649.151124.Cam6_33_aug_1.csv,150.78,62.5,23.98
