,name,c-x,c-y,radius
0,20130320T005820.200627.Cam6_51_aug_0.csv,175.78,119.72,23.42
1,20130320T005820.200627.Cam6_51_aug_0.csv,297.72,75.28,20.92
2,20130320T005820.200627.Cam6_51_aug_0.csv,125.78,22.22,24.81
3,20130320T005820.200627.Cam6_51_aug_0.csv,72.44,30.56,26.2
4,20130320T005820.200627.Cam6_51_aug_0.csv,8.560000000000002,51.39,26.2
