,name,c-x,c-y,radius
0,20130320T013507.293420_33_aug_0.csv,46.11,141.39,20.64
1,20130320T013507.293420_33_aug_0.csv,91.67,43.33,19.25
2,20130320T013507.293420_33_aug_0.csv,123.89,63.89,17.31
3,20130320T013507.293420_33_aug_0.csv,160.83,91.67,17.31
4,20130320T013507.293420_33_aug_0.csv,193.06,112.5,18.98
5,20130320T013507.293420_33_aug_0.csv,195.83,66.94,17.59
6,20130320T013507.293420_33_aug_0.csv,113.33,199.72,17.59
