,name,c-x,c-y,radius
0,20130320T005741.914094.Cam6_42_aug_3.csv,81.11,114.44,18.7
1,20130320T005741.914094.Cam6_42_aug_3.csv,14.17,130.28,14.53
2,20130320T005741.914094.Cam6_42_aug_3.csv,265.56,143.89,21.75
3,20130320T005741.914094.Cam6_42_aug_3.csv,153.89,86.94,16.75
