,name,c-x,c-y,radius
0,20130320T005750.676273.Cam6_52_aug_3.csv,84.44,170.56,17.03
1,20130320T005750.676273.Cam6_52_aug_3.csv,94.44,180.28,16.2
2,20130320T005750.676273.Cam6_52_aug_3.csv,117.78,147.5,16.75
3,20130320T005750.676273.Cam6_52_aug_3.csv,78.33,130.56,17.31
4,20130320T005750.676273.Cam6_52_aug_3.csv,133.61,42.78,21.2
5,20130320T005750.676273.Cam6_52_aug_3.csv,178.61,152.5,16.48
6,20130320T005750.676273.Cam6_52_aug_3.csv,203.33,160.83,15.64
7,20130320T005750.676273.Cam6_52_aug_3.csv,260.83,142.78,17.31
8,20130320T005750.676273.Cam6_52_aug_3.csv,281.67,123.61,17.31
