,name,c-x,c-y,radius
0,20130320T005116.763280.Cam6_12_aug_2.csv,59.28999999999999,166.13,18.71
1,20130320T005116.763280.Cam6_12_aug_2.csv,92.84,180.65,18.71
2,20130320T005116.763280.Cam6_12_aug_2.csv,118.65,147.42,19.35
3,20130320T005116.763280.Cam6_12_aug_2.csv,184.76999999999998,148.71,20.32
4,20130320T005116.763280.Cam6_12_aug_2.csv,170.58,163.23,20.0
5,20130320T005116.763280.Cam6_12_aug_2.csv,228.65,140.0,17.42
6,20130320T005116.763280.Cam6_12_aug_2.csv,264.13,141.29,18.71
7,20130320T005116.763280.Cam6_12_aug_2.csv,307.68,190.32,18.06
