,name,c-x,c-y,radius
0,20130320T013116.812606_32_aug_1.csv,238.56,86.11,19.25
1,20130320T013116.812606_32_aug_1.csv,280.22,81.94,19.53
2,20130320T013116.812606_32_aug_1.csv,279.94,93.06,17.31
3,20130320T013116.812606_32_aug_1.csv,304.39,80.83,18.7
4,20130320T013116.812606_32_aug_1.csv,255.78,42.5,21.48
