,name,c-x,c-y,radius
0,20130320T013502.150444_31_aug_1.csv,137.17,179.17,19.53
1,20130320T013502.150444_31_aug_1.csv,90.5,136.11,17.87
2,20130320T013502.150444_31_aug_1.csv,20.5,126.39,18.98
3,20130320T013502.150444_31_aug_1.csv,77.44,73.61,17.31
4,20130320T013502.150444_31_aug_1.csv,143.28,27.78,17.59
