,name,c-x,c-y,radius
0,20130320T013223.290091_21_aug_2.csv,37.170000000000016,162.22,22.59
1,20130320T013223.290091_21_aug_2.csv,96.06,100.56,16.75
2,20130320T013223.290091_21_aug_2.csv,93.28,70.56,17.03
3,20130320T013223.290091_21_aug_2.csv,31.060000000000002,58.06,17.03
