,name,c-x,c-y,radius
0,20130320T005239.812601.Cam6_34_aug_3.csv,129.68,135.48,22.26
1,20130320T005239.812601.Cam6_34_aug_3.csv,111.94,168.39,20.32
2,20130320T005239.812601.Cam6_34_aug_3.csv,270.97,127.1,19.03
