,name,c-x,c-y,radius
0,20130320T004941.332813.Cam6_21_aug_1.csv,245.1,106.45,18.06
1,20130320T004941.332813.Cam6_21_aug_1.csv,209.94,98.06,18.06
2,20130320T004941.332813.Cam6_21_aug_1.csv,161.87,19.35,17.42
3,20130320T004941.332813.Cam6_21_aug_1.csv,129.94,70.65,13.22
4,20130320T004941.332813.Cam6_21_aug_1.csv,51.870000000000005,15.81,14.84
5,20130320T004941.332813.Cam6_21_aug_1.csv,291.87,9.68,14.84
