,name,c-x,c-y,radius
0,20130320T012854.142929_43_aug_3.csv,208.33,92.78,15.09
1,20130320T012854.142929_43_aug_3.csv,125.0,100.0,17.31
2,20130320T012854.142929_43_aug_3.csv,133.89,76.94,13.7
3,20130320T012854.142929_43_aug_3.csv,94.17,75.0,14.81
4,20130320T012854.142929_43_aug_3.csv,84.17,82.22,14.81
5,20130320T012854.142929_43_aug_3.csv,50.83,151.39,17.31
