,name,c-x,c-y,radius
0,20130320T013507.674427_21_aug_3.csv,210.83,177.22,18.98
1,20130320T013507.674427_21_aug_3.csv,217.22,144.72,18.98
2,20130320T013507.674427_21_aug_3.csv,238.89,118.06,18.98
3,20130320T013507.674427_21_aug_3.csv,170.0,80.83,18.98
4,20130320T013507.674427_21_aug_3.csv,149.72,45.56,20.64
5,20130320T013507.674427_21_aug_3.csv,141.11,16.67,18.14
6,20130320T013507.674427_21_aug_3.csv,154.72,5.83,18.14
