,name,c-x,c-y,radius
0,20130320T004858.855806.Cam6_33_aug_0.csv,218.32,75.16,22.9
1,20130320T004858.855806.Cam6_33_aug_0.csv,213.16,115.48,17.74
