,name,c-x,c-y,radius
0,20130320T005924.582942.Cam6_31_aug_0.csv,166.39,91.67,27.59
1,20130320T005924.582942.Cam6_31_aug_0.csv,213.61,90.83,27.59
2,20130320T005924.582942.Cam6_31_aug_0.csv,208.06,114.44,27.59
3,20130320T005924.582942.Cam6_31_aug_0.csv,230.83,144.17,23.42
4,20130320T005924.582942.Cam6_31_aug_0.csv,227.22,181.67,23.42
5,20130320T005924.582942.Cam6_31_aug_0.csv,302.5,82.22,23.42
