,name,c-x,c-y,radius
0,20130320T005454.863128.Cam6_22_aug_3.csv,151.94,165.56,21.75
1,20130320T005454.863128.Cam6_22_aug_3.csv,160.83,111.11,19.53
2,20130320T005454.863128.Cam6_22_aug_3.csv,195.83,106.67,20.64
