,name,c-x,c-y,radius
0,20130320T013038.335570_34_aug_1.csv,20.0,73.06,17.59
1,20130320T013038.335570_34_aug_1.csv,154.17,192.5,15.37
2,20130320T013038.335570_34_aug_1.csv,279.44,182.78,16.75
