,name,c-x,c-y,radius
0,20130320T005319.051533.Cam6_22_aug_0.csv,146.71,110.0,22.26
1,20130320T005319.051533.Cam6_22_aug_0.csv,106.71000000000001,91.29,20.32
2,20130320T005319.051533.Cam6_22_aug_0.csv,105.74000000000001,103.23,20.32
3,20130320T005319.051533.Cam6_22_aug_0.csv,141.23,64.52,20.64
4,20130320T005319.051533.Cam6_22_aug_0.csv,114.77000000000001,34.84,20.64
5,20130320T005319.051533.Cam6_22_aug_0.csv,157.35,26.77,20.64
6,20130320T005319.051533.Cam6_22_aug_0.csv,117.03,0.0,20.64
