,name,c-x,c-y,radius
0,20130320T005800.581226.Cam6_54_aug_2.csv,199.94,139.17,21.48
1,20130320T005800.581226.Cam6_54_aug_2.csv,94.38999999999999,169.72,18.7
2,20130320T005800.581226.Cam6_54_aug_2.csv,258.0,34.44,15.64
3,20130320T005800.581226.Cam6_54_aug_2.csv,238.28,49.44,18.14
4,20130320T005800.581226.Cam6_54_aug_2.csv,159.39,54.72,18.7
5,20130320T005800.581226.Cam6_54_aug_2.csv,125.78,64.72,19.25
6,20130320T005800.581226.Cam6_54_aug_2.csv,100.5,70.56,19.25
7,20130320T005800.581226.Cam6_54_aug_2.csv,197.17000000000002,118.89,15.37
