,name,c-x,c-y,radius
0,20130320T013223.861478_33_aug_1.csv,204.11,150.0,17.03
1,20130320T013223.861478_33_aug_1.csv,161.33,115.83,19.25
