,name,c-x,c-y,radius
0,20130320T013118.717394_22_aug_3.csv,238.33,83.06,20.09
1,20130320T013118.717394_22_aug_3.csv,211.94,63.06,18.98
2,20130320T013118.717394_22_aug_3.csv,179.72,65.56,18.98
3,20130320T013118.717394_22_aug_3.csv,234.17,38.06,19.53
4,20130320T013118.717394_22_aug_3.csv,225.0,2.5,18.7
