,name,c-x,c-y,radius
0,20130320T005223.240880.Cam6_33_aug_2.csv,257.03,54.84,22.26
1,20130320T005223.240880.Cam6_33_aug_2.csv,297.68,63.87,21.29
2,20130320T005223.240880.Cam6_33_aug_2.csv,280.58,131.94,21.29
3,20130320T005223.240880.Cam6_33_aug_2.csv,38.64999999999998,179.68,21.29
4,20130320T005223.240880.Cam6_33_aug_2.csv,3.160000000000025,161.29,20.32
