,name,c-x,c-y,radius
0,20130320T005328.956484.Cam6_12_aug_1.csv,21.230000000000018,81.29,17.42
