,name,c-x,c-y,radius
0,20130320T005646.865452.Cam6_43_aug_2.csv,119.44,193.33,21.2
1,20130320T005646.865452.Cam6_43_aug_2.csv,253.89,139.17,31.2
2,20130320T005646.865452.Cam6_43_aug_2.csv,126.11,118.33,23.7
3,20130320T005646.865452.Cam6_43_aug_2.csv,148.89,96.67,21.75
4,20130320T005646.865452.Cam6_43_aug_2.csv,94.72,116.39,22.59
5,20130320T005646.865452.Cam6_43_aug_2.csv,129.17,76.94,22.59
6,20130320T005646.865452.Cam6_43_aug_2.csv,187.22,16.11,19.25
