,name,c-x,c-y,radius
0,20130320T005040.000648.Cam6_23_aug_2.csv,110.58000000000001,156.13,18.06
1,20130320T005040.000648.Cam6_23_aug_2.csv,96.06,129.03,18.06
2,20130320T005040.000648.Cam6_23_aug_2.csv,81.22999999999999,159.35,18.06
3,20130320T005040.000648.Cam6_23_aug_2.csv,85.1,89.35,19.67
4,20130320T005040.000648.Cam6_23_aug_2.csv,114.77000000000001,70.65,19.67
5,20130320T005040.000648.Cam6_23_aug_2.csv,70.9,120.65,15.8
