,name,c-x,c-y,radius
0,20130320T005106.286943.Cam6_32_aug_1.csv,101.55000000000001,72.26,16.45
