,name,c-x,c-y,radius
0,20130320T013502.150444_31_aug_3.csv,170.83,179.17,19.53
1,20130320T013502.150444_31_aug_3.csv,217.5,136.11,17.87
2,20130320T013502.150444_31_aug_3.csv,287.5,126.39,18.98
3,20130320T013502.150444_31_aug_3.csv,230.56,73.61,17.31
4,20130320T013502.150444_31_aug_3.csv,164.72,27.78,17.59
