,name,c-x,c-y,radius
0,20130320T013512.055389_22_aug_3.csv,88.06,152.78,19.25
1,20130320T013512.055389_22_aug_3.csv,73.61,133.06,22.03
2,20130320T013512.055389_22_aug_3.csv,73.33,114.44,20.92
3,20130320T013512.055389_22_aug_3.csv,71.39,75.28,20.92
4,20130320T013512.055389_22_aug_3.csv,104.72,92.22,20.92
5,20130320T013512.055389_22_aug_3.csv,119.17,129.72,20.92
6,20130320T013512.055389_22_aug_3.csv,172.78,79.72,20.37
7,20130320T013512.055389_22_aug_3.csv,105.28,79.17,20.37
