,name,c-x,c-y,radius
0,20130320T013317.767435_31_aug_0.csv,217.17000000000002,201.39,16.2
1,20130320T013317.767435_31_aug_0.csv,121.06,167.5,15.64
2,20130320T013317.767435_31_aug_0.csv,116.33000000000001,138.61,15.09
3,20130320T013317.767435_31_aug_0.csv,96.61000000000001,75.28,15.09
