,name,c-x,c-y,radius
0,20130320T004707.043851.Cam6_61_aug_3.csv,93.1,31.38,18.23
1,20130320T004707.043851.Cam6_61_aug_3.csv,290.0,56.21,19.96
2,20130320T004707.043851.Cam6_61_aug_3.csv,249.66,180.34,20.64
3,20130320T004707.043851.Cam6_61_aug_3.csv,80.0,147.59,13.06
