,name,c-x,c-y,radius
0,20130320T005039.429263.Cam6_64_aug_2.csv,51.29,83.23,11.93
1,20130320T005039.429263.Cam6_64_aug_2.csv,67.1,89.68,11.93
