,name,c-x,c-y,radius
0,20130320T005320.003927.Cam6_52_aug_0.csv,238.0,98.39,24.19
1,20130320T005320.003927.Cam6_52_aug_0.csv,142.84,121.61,21.93
2,20130320T005320.003927.Cam6_52_aug_0.csv,300.26,159.35,19.03
