,name,c-x,c-y,radius
0,20130320T013315.862646_41_aug_3.csv,217.5,173.06,16.2
1,20130320T013315.862646_41_aug_3.csv,189.72,165.28,15.64
2,20130320T013315.862646_41_aug_3.csv,128.06,166.11,15.37
3,20130320T013315.862646_41_aug_3.csv,130.28,125.28,14.53
4,20130320T013315.862646_41_aug_3.csv,30.28,110.28,13.7
5,20130320T013315.862646_41_aug_3.csv,19.17,118.33,13.7
