,name,c-x,c-y,radius
0,20130320T004814.854889.Cam6_52_aug_1.csv,225.1,198.06,22.9
1,20130320T004814.854889.Cam6_52_aug_1.csv,185.42000000000002,197.74,22.9
2,20130320T004814.854889.Cam6_52_aug_1.csv,37.35000000000002,174.52,24.51
3,20130320T004814.854889.Cam6_52_aug_1.csv,34.129999999999995,150.97,22.9
4,20130320T004814.854889.Cam6_52_aug_1.csv,142.52,82.26,21.61
5,20130320T004814.854889.Cam6_52_aug_1.csv,175.74,103.87,20.32
