,name,c-x,c-y,radius
0,20130320T013453.007388_32_aug_0.csv,61.39,88.06,18.7
1,20130320T013453.007388_32_aug_0.csv,178.33,69.72,19.53
2,20130320T013453.007388_32_aug_0.csv,188.89,166.94,18.7
3,20130320T013453.007388_32_aug_0.csv,226.39,161.11,18.14
4,20130320T013453.007388_32_aug_0.csv,279.17,96.94,17.59
