,name,c-x,c-y,radius
0,20130320T005913.154079.Cam6_42_aug_1.csv,253.56,168.89,30.09
1,20130320T005913.154079.Cam6_42_aug_1.csv,222.72,168.33,25.37
2,20130320T005913.154079.Cam6_42_aug_1.csv,308.0,47.5,24.25
3,20130320T005913.154079.Cam6_42_aug_1.csv,81.88999999999999,138.61,30.37
4,20130320T005913.154079.Cam6_42_aug_1.csv,1.0600000000000023,130.83,28.98
