,name,c-x,c-y,radius
0,20130320T004814.854889.Cam6_52_aug_3.csv,82.9,198.06,22.9
1,20130320T004814.854889.Cam6_52_aug_3.csv,122.58,197.74,22.9
2,20130320T004814.854889.Cam6_52_aug_3.csv,270.65,174.52,24.51
3,20130320T004814.854889.Cam6_52_aug_3.csv,273.87,150.97,22.9
4,20130320T004814.854889.Cam6_52_aug_3.csv,165.48,82.26,21.61
5,20130320T004814.854889.Cam6_52_aug_3.csv,132.26,103.87,20.32
