,name,c-x,c-y,radius
0,20130320T004719.234611.Cam6_22_aug_1.csv,41.85000000000002,119.23,21.03
1,20130320T004719.234611.Cam6_22_aug_1.csv,60.69,104.23,21.03
2,20130320T004719.234611.Cam6_22_aug_1.csv,59.150000000000006,65.77,20.65
3,20130320T004719.234611.Cam6_22_aug_1.csv,25.689999999999998,56.92,19.88
4,20130320T004719.234611.Cam6_22_aug_1.csv,68.77000000000001,143.85,19.88
5,20130320T004719.234611.Cam6_22_aug_1.csv,75.31,136.92,19.88
6,20130320T004719.234611.Cam6_22_aug_1.csv,31.850000000000023,158.08,19.88
7,20130320T004719.234611.Cam6_22_aug_1.csv,25.689999999999998,131.54,19.88
8,20130320T004719.234611.Cam6_22_aug_1.csv,26.079999999999984,191.54,19.88
