,name,c-x,c-y,radius
0,20130320T005809.533784.Cam6_12_aug_3.csv,66.67,156.39,20.92
1,20130320T005809.533784.Cam6_12_aug_3.csv,110.83,149.72,20.92
2,20130320T005809.533784.Cam6_12_aug_3.csv,118.06,111.94,20.92
3,20130320T005809.533784.Cam6_12_aug_3.csv,185.28,129.44,20.92
4,20130320T005809.533784.Cam6_12_aug_3.csv,233.61,163.06,22.03
5,20130320T005809.533784.Cam6_12_aug_3.csv,283.06,191.39,23.7
