,name,c-x,c-y,radius
0,20130320T013322.910417_14_aug_3.csv,108.89,157.78,15.64
1,20130320T013322.910417_14_aug_3.csv,79.17,147.22,15.64
2,20130320T013322.910417_14_aug_3.csv,51.11,135.28,17.03
