,name,c-x,c-y,radius
0,20130320T005810.676682.Cam6_54_aug_1.csv,117.44,36.39,19.81
1,20130320T005810.676682.Cam6_54_aug_1.csv,44.110000000000014,158.89,16.75
2,20130320T005810.676682.Cam6_54_aug_1.csv,146.06,152.5,15.37
3,20130320T005810.676682.Cam6_54_aug_1.csv,77.72,35.83,15.37
