,name,c-x,c-y,radius
0,20130320T005904.582533.Cam6_32_aug_2.csv,257.78,105.83,27.87
1,20130320T005904.582533.Cam6_32_aug_2.csv,136.11,86.94,27.03
2,20130320T005904.582533.Cam6_32_aug_2.csv,88.89,8.33,29.25
3,20130320T005904.582533.Cam6_32_aug_2.csv,139.44,14.72,23.42
