,name,c-x,c-y,radius
0,20130320T005048.000814.Cam6_23_aug_3.csv,255.48,182.9,22.9
1,20130320T005048.000814.Cam6_23_aug_3.csv,123.23,3.87,19.03
