,name,c-x,c-y,radius
0,20130320T005544.578414.Cam6_22_aug_0.csv,284.11,176.67,18.98
1,20130320T005544.578414.Cam6_22_aug_0.csv,301.06,138.89,17.59
2,20130320T005544.578414.Cam6_22_aug_0.csv,232.72,130.0,19.53
3,20130320T005544.578414.Cam6_22_aug_0.csv,251.61,201.11,18.7
4,20130320T005544.578414.Cam6_22_aug_0.csv,238.28,149.17,16.75
