,name,c-x,c-y,radius
0,20130320T005753.723961.Cam6_33_aug_3.csv,177.78,133.06,17.03
1,20130320T005753.723961.Cam6_33_aug_3.csv,185.83,123.89,17.87
