,name,c-x,c-y,radius
0,20130320T005943.440459.Cam6_44_aug_3.csv,286.39,157.78,18.14
1,20130320T005943.440459.Cam6_44_aug_3.csv,183.33,135.83,18.7
2,20130320T005943.440459.Cam6_44_aug_3.csv,72.5,133.06,19.25
3,20130320T005943.440459.Cam6_44_aug_3.csv,13.61,115.83,21.2
4,20130320T005943.440459.Cam6_44_aug_3.csv,46.67,88.61,24.25
5,20130320T005943.440459.Cam6_44_aug_3.csv,217.78,28.61,17.59
6,20130320T005943.440459.Cam6_44_aug_3.csv,238.89,14.72,17.59
7,20130320T005943.440459.Cam6_44_aug_3.csv,276.39,17.22,19.81
8,20130320T005943.440459.Cam6_44_aug_3.csv,285.0,47.22,18.42
