,name,c-x,c-y,radius
0,20130320T013025.954440_34_aug_2.csv,130.78,137.78,20.64
1,20130320T013025.954440_34_aug_2.csv,99.38999999999999,129.44,20.64
2,20130320T013025.954440_34_aug_2.csv,269.11,150.56,19.81
3,20130320T013025.954440_34_aug_2.csv,263.28,105.0,20.37
4,20130320T013025.954440_34_aug_2.csv,266.06,58.61,20.37
5,20130320T013025.954440_34_aug_2.csv,298.83,50.83,19.53
6,20130320T013025.954440_34_aug_2.csv,234.39,70.83,18.14
