,name,c-x,c-y,radius
0,20130320T005956.583597.Cam6_13_aug_3.csv,271.67,4.72,19.25
1,20130320T005956.583597.Cam6_13_aug_3.csv,178.61,166.11,23.14
2,20130320T005956.583597.Cam6_13_aug_3.csv,292.78,161.39,21.75
3,20130320T005956.583597.Cam6_13_aug_3.csv,298.61,201.39,21.75
