,name,c-x,c-y,radius
0,20130320T005737.914012.Cam6_52_aug_2.csv,123.56,136.94,23.98
1,20130320T005737.914012.Cam6_52_aug_2.csv,93.56,168.33,30.09
