,name,c-x,c-y,radius
0,20130320T005037.333969.Cam6_53_aug_1.csv,120.97,140.65,16.45
1,20130320T005037.333969.Cam6_53_aug_1.csv,92.9,134.84,16.45
2,20130320T005037.333969.Cam6_53_aug_1.csv,64.19,107.1,16.45
3,20130320T005037.333969.Cam6_53_aug_1.csv,59.35,122.58,16.45
4,20130320T005037.333969.Cam6_53_aug_1.csv,52.26,84.84,15.48
5,20130320T005037.333969.Cam6_53_aug_1.csv,109.35,111.29,15.48
6,20130320T005037.333969.Cam6_53_aug_1.csv,139.03,144.84,15.48
