,name,c-x,c-y,radius
0,20130320T005411.243117.Cam6_22_aug_2.csv,143.81,168.06,25.8
1,20130320T005411.243117.Cam6_22_aug_2.csv,99.94,100.0,22.26
2,20130320T005411.243117.Cam6_22_aug_2.csv,50.25999999999999,86.45,25.16
3,20130320T005411.243117.Cam6_22_aug_2.csv,66.71000000000001,108.06,24.19
4,20130320T005411.243117.Cam6_22_aug_2.csv,38.97000000000003,45.81,24.51
5,20130320T005411.243117.Cam6_22_aug_2.csv,74.13,2.58,20.64
