,name,c-x,c-y,radius
0,20130320T004412.183109.Cam6_51_aug_3.csv,133.44,92.81,15.95
1,20130320T004412.183109.Cam6_51_aug_3.csv,125.31,120.31,15.95
2,20130320T004412.183109.Cam6_51_aug_3.csv,27.19,120.0,14.7
3,20130320T004412.183109.Cam6_51_aug_3.csv,3.44,115.94,13.45
