,name,c-x,c-y,radius
0,20130320T005420.576678.Cam6_43_aug_0.csv,111.55000000000001,159.68,19.35
1,20130320T005420.576678.Cam6_43_aug_0.csv,111.22999999999999,119.68,17.42
2,20130320T005420.576678.Cam6_43_aug_0.csv,204.76999999999998,117.1,20.64
