,name,c-x,c-y,radius
0,20130320T012946.143980_44_aug_0.csv,76.94,156.67,24.25
1,20130320T012946.143980_44_aug_0.csv,92.22,91.39,23.42
2,20130320T012946.143980_44_aug_0.csv,110.28,73.61,24.53
3,20130320T012946.143980_44_aug_0.csv,182.78,150.0,21.75
