,name,c-x,c-y,radius
0,20130320T004611.042700.Cam6_31_aug_0.csv,131.85,140.0,14.5
1,20130320T004611.042700.Cam6_31_aug_0.csv,105.69,130.38,14.5
2,20130320T004611.042700.Cam6_31_aug_0.csv,91.85,146.54,14.5
