,name,c-x,c-y,radius
0,20130320T005457.148800.Cam6_14_aug_1.csv,218.0,104.17,27.03
1,20130320T005457.148800.Cam6_14_aug_1.csv,267.72,92.22,27.03
