,name,c-x,c-y,radius
0,20130320T013431.483186_53_aug_0.csv,162.44,189.17,18.98
1,20130320T013431.483186_53_aug_0.csv,89.38999999999999,193.61,17.87
2,20130320T013431.483186_53_aug_0.csv,54.94,120.0,18.7
3,20130320T013431.483186_53_aug_0.csv,105.5,108.89,19.81
4,20130320T013431.483186_53_aug_0.csv,266.61,79.72,18.7
