,name,c-x,c-y,radius
0,20130320T005320.384934.Cam6_24_aug_2.csv,71.55000000000001,29.35,16.45
1,20130320T005320.384934.Cam6_24_aug_2.csv,167.68,156.77,20.0
2,20130320T005320.384934.Cam6_24_aug_2.csv,154.45,149.35,20.0
3,20130320T005320.384934.Cam6_24_aug_2.csv,188.97,185.16,21.61
4,20130320T005320.384934.Cam6_24_aug_2.csv,148.32,184.84,20.32
