,name,c-x,c-y,radius
0,20130320T005124.382560.Cam6_43_aug_0.csv,24.19,51.61,18.71
1,20130320T005124.382560.Cam6_43_aug_0.csv,77.42,44.19,20.0
2,20130320T005124.382560.Cam6_43_aug_0.csv,96.45,60.65,19.67
3,20130320T005124.382560.Cam6_43_aug_0.csv,167.74,99.68,19.67
