,name,c-x,c-y,radius
0,20130320T004352.373192.Cam6_51_aug_0.csv,80.81,68.75,20.33
1,20130320T004352.373192.Cam6_51_aug_0.csv,107.38,66.87,20.33
2,20130320T004352.373192.Cam6_51_aug_0.csv,147.69,126.25,18.14
3,20130320T004352.373192.Cam6_51_aug_0.csv,181.44,164.06,14.7
