,name,c-x,c-y,radius
0,20130320T004910.284546.Cam6_21_aug_2.csv,150.58,147.1,18.71
1,20130320T004910.284546.Cam6_21_aug_2.csv,181.23000000000002,121.94,18.71
