,name,c-x,c-y,radius
0,20130320T004904.951059.Cam6_54_aug_0.csv,270.26,23.87,17.74
1,20130320T004904.951059.Cam6_54_aug_0.csv,184.45,42.26,18.71
2,20130320T004904.951059.Cam6_54_aug_0.csv,168.0,140.32,20.0
3,20130320T004904.951059.Cam6_54_aug_0.csv,173.48,199.03,20.0
