,name,c-x,c-y,radius
0,20130320T005959.059771.Cam6_51_aug_0.csv,111.88999999999999,116.39,22.31
1,20130320T005959.059771.Cam6_51_aug_0.csv,189.39,24.44,15.64
