,name,c-x,c-y,radius
0,20130320T013139.289192_32_aug_2.csv,8.89,117.22,17.59
1,20130320T013139.289192_32_aug_2.csv,51.67,109.17,18.42
2,20130320T013139.289192_32_aug_2.csv,35.56,46.39,16.75
3,20130320T013139.289192_32_aug_2.csv,29.17,13.89,15.64
4,20130320T013139.289192_32_aug_2.csv,239.17,135.83,17.87
5,20130320T013139.289192_32_aug_2.csv,286.94,140.0,15.64
