,name,c-x,c-y,radius
0,20130320T005754.104844.Cam6_52_aug_1.csv,266.89,89.17,22.31
1,20130320T005754.104844.Cam6_52_aug_1.csv,228.28,86.11,18.98
