,name,c-x,c-y,radius
0,20130320T005052.191401.Cam6_64_aug_0.csv,27.1,98.39,15.8
1,20130320T005052.191401.Cam6_64_aug_0.csv,130.65,82.26,14.51
2,20130320T005052.191401.Cam6_64_aug_0.csv,302.58,78.39,14.51
3,20130320T005052.191401.Cam6_64_aug_0.csv,267.42,3.87,14.51
