,name,c-x,c-y,radius
0,20130320T005658.865578.Cam6_42_aug_2.csv,93.28,196.39,14.53
1,20130320T005658.865578.Cam6_42_aug_2.csv,69.38999999999999,183.89,14.53
2,20130320T005658.865578.Cam6_42_aug_2.csv,30.779999999999973,130.0,18.7
3,20130320T005658.865578.Cam6_42_aug_2.csv,98.0,83.06,17.31
4,20130320T005658.865578.Cam6_42_aug_2.csv,80.5,94.72,15.92
5,20130320T005658.865578.Cam6_42_aug_2.csv,250.5,54.17,15.92
