,name,c-x,c-y,radius
0,20130320T012819.666108_22_aug_3.csv,28.89,49.17,18.42
1,20130320T012819.666108_22_aug_3.csv,50.56,29.44,19.25
2,20130320T012819.666108_22_aug_3.csv,93.89,38.06,16.2
3,20130320T012819.666108_22_aug_3.csv,127.5,56.94,16.2
4,20130320T012819.666108_22_aug_3.csv,126.94,86.67,21.48
5,20130320T012819.666108_22_aug_3.csv,143.06,197.78,20.37
