,name,c-x,c-y,radius
0,20130320T005418.100380.Cam6_51_aug_1.csv,118.0,143.23,16.13
1,20130320T005418.100380.Cam6_51_aug_1.csv,148.32,136.77,18.71
2,20130320T005418.100380.Cam6_51_aug_1.csv,57.349999999999994,131.29,15.16
