,name,c-x,c-y,radius
0,20130320T004352.373192.Cam6_51_aug_1.csv,227.19,68.75,20.33
1,20130320T004352.373192.Cam6_51_aug_1.csv,200.62,66.87,20.33
2,20130320T004352.373192.Cam6_51_aug_1.csv,160.31,126.25,18.14
3,20130320T004352.373192.Cam6_51_aug_1.csv,126.56,164.06,14.7
