,name,c-x,c-y,radius
0,20130320T013027.668727_21_aug_3.csv,186.67,135.0,18.42
1,20130320T013027.668727_21_aug_3.csv,223.89,146.67,18.42
2,20130320T013027.668727_21_aug_3.csv,233.61,120.56,18.42
3,20130320T013027.668727_21_aug_3.csv,188.06,102.5,19.53
4,20130320T013027.668727_21_aug_3.csv,216.67,81.67,19.53
5,20130320T013027.668727_21_aug_3.csv,192.22,61.11,19.53
