,name,c-x,c-y,radius
0,20130320T005631.436509.Cam6_11_aug_3.csv,185.28,118.33,15.92
1,20130320T005631.436509.Cam6_11_aug_3.csv,213.33,135.56,13.42
2,20130320T005631.436509.Cam6_11_aug_3.csv,257.5,100.83,16.48
3,20130320T005631.436509.Cam6_11_aug_3.csv,291.39,139.17,13.98
