,name,c-x,c-y,radius
0,20130320T004746.473303.Cam6_73_aug_2.csv,217.23000000000002,97.31,13.73
1,20130320T004746.473303.Cam6_73_aug_2.csv,219.15,72.69,12.96
2,20130320T004746.473303.Cam6_73_aug_2.csv,234.92000000000002,169.23,12.96
3,20130320T004746.473303.Cam6_73_aug_2.csv,223.0,185.38,12.96
4,20130320T004746.473303.Cam6_73_aug_2.csv,124.91999999999999,130.38,15.65
5,20130320T004746.473303.Cam6_73_aug_2.csv,36.45999999999998,86.15,14.5
6,20130320T004746.473303.Cam6_73_aug_2.csv,64.15,84.23,14.5
7,20130320T004746.473303.Cam6_73_aug_2.csv,76.08000000000001,112.31,14.5
8,20130320T004746.473303.Cam6_73_aug_2.csv,250.69,41.15,14.5
