,name,c-x,c-y,radius
0,20130320T004731.806377.Cam6_12_aug_1.csv,164.15,130.0,16.8
1,20130320T004731.806377.Cam6_12_aug_1.csv,196.45999999999998,140.77,16.8
2,20130320T004731.806377.Cam6_12_aug_1.csv,171.46,101.92,16.8
3,20130320T004731.806377.Cam6_12_aug_1.csv,209.54000000000002,107.31,16.8
4,20130320T004731.806377.Cam6_12_aug_1.csv,199.92000000000002,65.38,13.73
