,name,c-x,c-y,radius
0,20130320T005628.388820.Cam6_42_aug_3.csv,68.06,178.33,17.59
1,20130320T005628.388820.Cam6_42_aug_3.csv,67.22,142.78,20.09
2,20130320T005628.388820.Cam6_42_aug_3.csv,50.0,141.11,20.09
3,20130320T005628.388820.Cam6_42_aug_3.csv,160.28,148.33,20.92
4,20130320T005628.388820.Cam6_42_aug_3.csv,218.06,118.61,23.98
5,20130320T005628.388820.Cam6_42_aug_3.csv,231.94,140.0,20.64
6,20130320T005628.388820.Cam6_42_aug_3.csv,256.11,106.94,20.64
7,20130320T005628.388820.Cam6_42_aug_3.csv,246.67,81.94,23.14
