,name,c-x,c-y,radius
0,20130320T005824.200708.Cam6_52_aug_3.csv,43.06,79.17,17.87
1,20130320T005824.200708.Cam6_52_aug_3.csv,52.22,82.22,17.87
2,20130320T005824.200708.Cam6_52_aug_3.csv,86.67,69.44,24.81
3,20130320T005824.200708.Cam6_52_aug_3.csv,113.33,93.06,23.7
4,20130320T005824.200708.Cam6_52_aug_3.csv,144.17,101.11,20.37
5,20130320T005824.200708.Cam6_52_aug_3.csv,230.83,86.11,22.03
