,name,c-x,c-y,radius
0,20130320T013505.579136_41_aug_0.csv,82.22,52.22,14.81
1,20130320T013505.579136_41_aug_0.csv,75.0,41.94,14.81
2,20130320T013505.579136_41_aug_0.csv,81.94,29.44,12.87
3,20130320T013505.579136_41_aug_0.csv,206.94,120.83,15.09
4,20130320T013505.579136_41_aug_0.csv,231.67,115.28,18.7
5,20130320T013505.579136_41_aug_0.csv,256.11,135.0,14.53
