,name,c-x,c-y,radius
0,20130320T005428.005335.Cam6_21_aug_1.csv,115.78,38.06,18.42
1,20130320T005428.005335.Cam6_21_aug_1.csv,86.61000000000001,49.17,17.59
