,name,c-x,c-y,radius
0,20130320T013327.672391_33_aug_2.csv,96.94,149.17,17.31
1,20130320T013327.672391_33_aug_2.csv,89.72,119.72,17.31
2,20130320T013327.672391_33_aug_2.csv,51.39,109.44,23.14
3,20130320T013327.672391_33_aug_2.csv,4.72,113.61,23.14
