,name,c-x,c-y,radius
0,20130320T004755.425860.Cam6_44_aug_3.csv,271.54,57.31,13.34
1,20130320T004755.425860.Cam6_44_aug_3.csv,266.15,55.77,13.34
2,20130320T004755.425860.Cam6_44_aug_3.csv,271.92,29.23,14.11
3,20130320T004755.425860.Cam6_44_aug_3.csv,268.08,141.54,14.11
4,20130320T004755.425860.Cam6_44_aug_3.csv,269.23,164.62,14.11
5,20130320T004755.425860.Cam6_44_aug_3.csv,246.92,163.08,14.11
6,20130320T004755.425860.Cam6_44_aug_3.csv,248.46,56.92,14.11
