,name,c-x,c-y,radius
0,20130320T005434.672219.Cam6_61_aug_1.csv,254.11,93.33,12.87
1,20130320T005434.672219.Cam6_61_aug_1.csv,274.94,61.11,12.87
