,name,c-x,c-y,radius
0,20130320T013510.341105_43_aug_2.csv,134.72,111.94,20.37
1,20130320T013510.341105_43_aug_2.csv,227.78,139.17,22.31
2,20130320T013510.341105_43_aug_2.csv,280.56,129.44,21.75
