,name,c-x,c-y,radius
0,20130320T005546.673706.Cam6_72_aug_0.csv,192.17000000000002,152.22,16.48
1,20130320T005546.673706.Cam6_72_aug_0.csv,175.22,148.61,18.7
