,name,c-x,c-y,radius
0,20130320T004612.947488.Cam6_22_aug_2.csv,61.08000000000001,92.31,14.5
1,20130320T004612.947488.Cam6_22_aug_2.csv,33.379999999999995,91.54,16.03
