,name,c-x,c-y,radius
0,20130320T004707.424859.Cam6_22_aug_2.csv,77.93,167.59,35.82
1,20130320T004707.424859.Cam6_22_aug_2.csv,9.66,152.76,34.78
2,20130320T004707.424859.Cam6_22_aug_2.csv,67.24,172.76,34.09
3,20130320T004707.424859.Cam6_22_aug_2.csv,205.17,194.48,24.44
4,20130320T004707.424859.Cam6_22_aug_2.csv,234.48,121.38,23.06
5,20130320T004707.424859.Cam6_22_aug_2.csv,206.9,117.24,22.37
6,20130320T004707.424859.Cam6_22_aug_2.csv,168.62,162.41,17.89
