,name,c-x,c-y,radius
0,20130320T005409.338327.Cam6_53_aug_3.csv,68.39,28.06,18.38
1,20130320T005409.338327.Cam6_53_aug_3.csv,209.35,32.58,18.38
