,name,c-x,c-y,radius
0,20130320T013232.433153_31_aug_3.csv,99.17,71.94,13.7
1,20130320T013232.433153_31_aug_3.csv,123.61,71.39,13.7
2,20130320T013232.433153_31_aug_3.csv,101.94,88.89,13.7
3,20130320T013232.433153_31_aug_3.csv,268.06,145.28,12.59
4,20130320T013232.433153_31_aug_3.csv,248.89,168.33,12.59
5,20130320T013232.433153_31_aug_3.csv,190.28,131.67,12.59
6,20130320T013232.433153_31_aug_3.csv,199.72,138.61,12.59
7,20130320T013232.433153_31_aug_3.csv,133.61,95.56,12.87
