,name,c-x,c-y,radius
0,20130320T005556.007152.Cam6_22_aug_1.csv,109.72,175.56,25.37
1,20130320T005556.007152.Cam6_22_aug_1.csv,123.06,190.83,23.42
2,20130320T005556.007152.Cam6_22_aug_1.csv,65.28,171.11,23.7
3,20130320T005556.007152.Cam6_22_aug_1.csv,116.39,133.33,23.7
4,20130320T005556.007152.Cam6_22_aug_1.csv,75.28,129.72,22.31
5,20130320T005556.007152.Cam6_22_aug_1.csv,108.33,107.22,22.31
6,20130320T005556.007152.Cam6_22_aug_1.csv,43.33,109.17,23.42
7,20130320T005556.007152.Cam6_22_aug_1.csv,45.0,71.67,24.81
8,20130320T005556.007152.Cam6_22_aug_1.csv,97.78,48.61,24.81
