,name,c-x,c-y,radius
0,20130320T013607.675649_53_aug_3.csv,35.28,126.11,19.81
1,20130320T013607.675649_53_aug_3.csv,64.44,160.56,15.64
2,20130320T013607.675649_53_aug_3.csv,99.44,176.11,15.64
3,20130320T013607.675649_53_aug_3.csv,45.0,169.44,15.64
4,20130320T013607.675649_53_aug_3.csv,214.17,182.5,15.64
