,name,c-x,c-y,radius
0,20130320T004856.379504.Cam6_22_aug_0.csv,60.97,16.45,20.64
1,20130320T004856.379504.Cam6_22_aug_0.csv,84.52,29.68,19.35
2,20130320T004856.379504.Cam6_22_aug_0.csv,187.1,6.77,15.48
3,20130320T004856.379504.Cam6_22_aug_0.csv,233.23,65.48,19.03
4,20130320T004856.379504.Cam6_22_aug_0.csv,260.97,73.55,17.09
5,20130320T004856.379504.Cam6_22_aug_0.csv,91.29,150.0,18.06
6,20130320T004856.379504.Cam6_22_aug_0.csv,69.68,164.84,17.09
7,20130320T004856.379504.Cam6_22_aug_0.csv,104.19,180.97,14.84
8,20130320T004856.379504.Cam6_22_aug_0.csv,202.9,139.35,17.09
