,name,c-x,c-y,radius
0,20130320T005445.529560.Cam6_64_aug_1.csv,175.5,102.78,13.7
1,20130320T005445.529560.Cam6_64_aug_1.csv,282.72,26.39,15.37
