,name,c-x,c-y,radius
0,20130320T013025.382928_32_aug_3.csv,112.5,33.61,21.48
1,20130320T013025.382928_32_aug_3.csv,275.56,135.28,20.64
2,20130320T013025.382928_32_aug_3.csv,262.22,83.33,22.87
3,20130320T013025.382928_32_aug_3.csv,254.72,34.72,21.75
4,20130320T013025.382928_32_aug_3.csv,289.44,45.56,18.98
