,name,c-x,c-y,radius
0,20130320T004359.801846.Cam6_21_aug_2.csv,130.19,123.75,24.39
1,20130320T004359.801846.Cam6_21_aug_2.csv,148.31,117.81,24.39
2,20130320T004359.801846.Cam6_21_aug_2.csv,138.0,90.94,23.14
