,name,c-x,c-y,radius
0,20130320T013227.099668_32_aug_0.csv,164.94,56.94,16.2
1,20130320T013227.099668_32_aug_0.csv,131.33,69.72,17.87
2,20130320T013227.099668_32_aug_0.csv,173.56,142.78,16.75
