,name,c-x,c-y,radius
0,20130320T005036.762582.Cam6_52_aug_0.csv,59.35,123.87,15.16
1,20130320T005036.762582.Cam6_52_aug_0.csv,40.0,120.97,13.87
2,20130320T005036.762582.Cam6_52_aug_0.csv,20.0,109.68,13.87
3,20130320T005036.762582.Cam6_52_aug_0.csv,13.87,89.68,15.16
