,name,c-x,c-y,radius
0,20130320T004800.568841.Cam6_33_aug_3.csv,135.77,23.85,19.88
1,20130320T004800.568841.Cam6_33_aug_3.csv,146.54,56.15,17.57
2,20130320T004800.568841.Cam6_33_aug_3.csv,105.0,166.92,19.5
3,20130320T004800.568841.Cam6_33_aug_3.csv,185.38,163.46,19.5
4,20130320T004800.568841.Cam6_33_aug_3.csv,187.69,173.85,19.5
