,name,c-x,c-y,radius
0,20130320T005110.287026.Cam6_64_aug_3.csv,244.19,78.39,14.19
1,20130320T005110.287026.Cam6_64_aug_3.csv,249.35,90.32,14.19
2,20130320T005110.287026.Cam6_64_aug_3.csv,19.03,22.9,14.19
