,name,c-x,c-y,radius
0,20130320T005239.812601.Cam6_34_aug_1.csv,178.32,135.48,22.26
1,20130320T005239.812601.Cam6_34_aug_1.csv,196.06,168.39,20.32
2,20130320T005239.812601.Cam6_34_aug_1.csv,37.02999999999997,127.1,19.03
