,name,c-x,c-y,radius
0,20130320T012823.285182_62_aug_0.csv,37.44,95.28,17.87
1,20130320T012823.285182_62_aug_0.csv,158.83,112.5,22.31
2,20130320T012823.285182_62_aug_0.csv,80.22,40.83,22.31
