,name,c-x,c-y,radius
0,20130320T005449.529642.Cam6_23_aug_1.csv,290.22,179.72,17.87
1,20130320T005449.529642.Cam6_23_aug_1.csv,269.39,145.56,17.87
2,20130320T005449.529642.Cam6_23_aug_1.csv,272.44,122.78,18.42
3,20130320T005449.529642.Cam6_23_aug_1.csv,303.0,135.28,18.42
4,20130320T005449.529642.Cam6_23_aug_1.csv,189.39,84.44,25.37
5,20130320T005449.529642.Cam6_23_aug_1.csv,228.56,51.94,25.37
6,20130320T005449.529642.Cam6_23_aug_1.csv,193.28,42.78,23.42
