,name,c-x,c-y,radius
0,20130320T005458.482203.Cam6_43_aug_0.csv,278.83,146.94,22.59
1,20130320T005458.482203.Cam6_43_aug_0.csv,244.39,120.83,22.03
2,20130320T005458.482203.Cam6_43_aug_0.csv,248.56,90.28,20.09
3,20130320T005458.482203.Cam6_43_aug_0.csv,181.89,100.56,18.42
4,20130320T005458.482203.Cam6_43_aug_0.csv,97.16999999999999,129.44,20.64
5,20130320T005458.482203.Cam6_43_aug_0.csv,11.060000000000002,166.11,22.31
6,20130320T005458.482203.Cam6_43_aug_0.csv,42.72000000000003,103.06,21.48
7,20130320T005458.482203.Cam6_43_aug_0.csv,86.33000000000001,32.22,18.14
8,20130320T005458.482203.Cam6_43_aug_0.csv,20.5,56.67,20.92
