,name,c-x,c-y,radius
0,20130320T005944.964239.Cam6_42_aug_2.csv,263.83,112.5,24.25
1,20130320T005944.964239.Cam6_42_aug_2.csv,217.44,115.28,23.14
2,20130320T005944.964239.Cam6_42_aug_2.csv,144.39,77.78,22.03
