,name,c-x,c-y,radius
0,20130320T005329.337492.Cam6_63_aug_1.csv,60.65,121.94,17.42
1,20130320T005329.337492.Cam6_63_aug_1.csv,96.13,115.16,17.42
2,20130320T005329.337492.Cam6_63_aug_1.csv,119.68,103.55,17.42
3,20130320T005329.337492.Cam6_63_aug_1.csv,229.03,14.84,17.42
4,20130320T005329.337492.Cam6_63_aug_1.csv,241.61,2.58,17.42
5,20130320T005329.337492.Cam6_63_aug_1.csv,26.13,83.23,15.16
6,20130320T005329.337492.Cam6_63_aug_1.csv,10.97,97.74,15.16
7,20130320T005329.337492.Cam6_63_aug_1.csv,144.84,17.74,16.77
