,name,c-x,c-y,radius
0,20130320T013339.291634_53_aug_0.csv,96.88999999999999,64.44,27.87
