,name,c-x,c-y,radius
0,20130320T005419.243277.Cam6_54_aug_3.csv,93.23,168.06,19.03
1,20130320T005419.243277.Cam6_54_aug_3.csv,70.32,166.77,19.03
2,20130320T005419.243277.Cam6_54_aug_3.csv,110.0,169.68,19.03
3,20130320T005419.243277.Cam6_54_aug_3.csv,153.87,186.13,15.16
4,20130320T005419.243277.Cam6_54_aug_3.csv,184.84,181.61,17.09
5,20130320T005419.243277.Cam6_54_aug_3.csv,291.94,66.77,15.16
6,20130320T005419.243277.Cam6_54_aug_3.csv,291.61,41.61,14.19
7,20130320T005419.243277.Cam6_54_aug_3.csv,268.71,27.74,15.16
