,name,c-x,c-y,radius
0,20130320T013019.668558_44_aug_0.csv,224.67000000000002,163.89,18.98
1,20130320T013019.668558_44_aug_0.csv,196.89,146.94,18.98
2,20130320T013019.668558_44_aug_0.csv,183.56,176.11,18.14
3,20130320T013019.668558_44_aug_0.csv,98.0,100.28,18.7
4,20130320T013019.668558_44_aug_0.csv,93.0,92.5,18.7
5,20130320T013019.668558_44_aug_0.csv,104.94,46.67,20.64
6,20130320T013019.668558_44_aug_0.csv,68.56,44.44,19.81
7,20130320T013019.668558_44_aug_0.csv,266.89,10.0,15.64
