,name,c-x,c-y,radius
0,20130320T004447.421954.Cam6_12_aug_3.csv,173.75,42.19,23.76
1,20130320T004447.421954.Cam6_12_aug_3.csv,215.62,62.19,20.95
2,20130320T004447.421954.Cam6_12_aug_3.csv,152.5,188.44,22.2
3,20130320T004447.421954.Cam6_12_aug_3.csv,212.5,184.69,19.39
4,20130320T004447.421954.Cam6_12_aug_3.csv,245.31,197.19,19.39
5,20130320T004447.421954.Cam6_12_aug_3.csv,24.37,108.44,19.39
