,name,c-x,c-y,radius
0,20130320T013259.100316_22_aug_0.csv,290.5,188.89,15.92
1,20130320T013259.100316_22_aug_0.csv,299.11,63.06,17.59
2,20130320T013259.100316_22_aug_0.csv,274.11,69.44,14.53
3,20130320T013259.100316_22_aug_0.csv,288.28,26.94,17.59
4,20130320T013259.100316_22_aug_0.csv,256.89,9.44,15.92
5,20130320T013259.100316_22_aug_0.csv,88.0,113.61,15.09
6,20130320T013259.100316_22_aug_0.csv,24.670000000000016,125.0,17.87
