,name,c-x,c-y,radius
0,20130320T005916.773278.Cam6_31_aug_1.csv,81.67,85.28,21.48
1,20130320T005916.773278.Cam6_31_aug_1.csv,88.33,53.89,25.37
2,20130320T005916.773278.Cam6_31_aug_1.csv,172.78,135.83,26.75
3,20130320T005916.773278.Cam6_31_aug_1.csv,200.28,178.89,23.42
4,20130320T005916.773278.Cam6_31_aug_1.csv,243.89,193.89,23.42
5,20130320T005916.773278.Cam6_31_aug_1.csv,263.33,170.0,20.92
6,20130320T005916.773278.Cam6_31_aug_1.csv,226.11,163.06,20.92
