,name,c-x,c-y,radius
0,20130320T013608.247035_32_aug_3.csv,186.11,175.56,20.64
1,20130320T013608.247035_32_aug_3.csv,217.22,148.33,20.64
