,name,c-x,c-y,radius
0,20130320T005132.573224.Cam6_22_aug_1.csv,253.48,143.55,23.87
1,20130320T005132.573224.Cam6_22_aug_1.csv,292.52,130.0,23.87
2,20130320T005132.573224.Cam6_22_aug_1.csv,280.58,164.52,23.55
