,name,c-x,c-y,radius
0,20130320T005448.005735.Cam6_23_aug_3.csv,14.72,179.17,19.81
1,20130320T005448.005735.Cam6_23_aug_3.csv,71.39,192.22,19.81
2,20130320T005448.005735.Cam6_23_aug_3.csv,112.5,198.33,19.81
3,20130320T005448.005735.Cam6_23_aug_3.csv,280.56,167.22,21.48
4,20130320T005448.005735.Cam6_23_aug_3.csv,269.17,103.33,20.37
5,20130320T005448.005735.Cam6_23_aug_3.csv,229.44,49.17,15.92
6,20130320T005448.005735.Cam6_23_aug_3.csv,200.56,49.17,16.2
