,name,c-x,c-y,radius
0,20130320T005751.247660.Cam6_43_aug_3.csv,205.56,92.5,17.87
1,20130320T005751.247660.Cam6_43_aug_3.csv,298.89,74.72,17.87
