,name,c-x,c-y,radius
0,20130320T005234.860121.Cam6_64_aug_1.csv,244.77,32.26,17.09
1,20130320T005234.860121.Cam6_64_aug_1.csv,207.35,118.39,15.8
2,20130320T005234.860121.Cam6_64_aug_1.csv,162.19,170.97,14.51
3,20130320T005234.860121.Cam6_64_aug_1.csv,167.03,101.61,14.51
4,20130320T005234.860121.Cam6_64_aug_1.csv,284.13,93.55,16.13
