,name,c-x,c-y,radius
0,20130320T013124.431761_23_aug_3.csv,120.56,79.17,18.98
1,20130320T013124.431761_23_aug_3.csv,156.67,20.56,16.48
2,20130320T013124.431761_23_aug_3.csv,235.56,88.89,15.64
