,name,c-x,c-y,radius
0,20130320T004711.996331.Cam6_21_aug_2.csv,69.53999999999999,86.54,21.42
1,20130320T004711.996331.Cam6_21_aug_2.csv,88.77000000000001,77.69,18.73
2,20130320T004711.996331.Cam6_21_aug_2.csv,107.22999999999999,56.15,22.96
3,20130320T004711.996331.Cam6_21_aug_2.csv,296.85,102.69,20.27
4,20130320T004711.996331.Cam6_21_aug_2.csv,302.62,63.46,20.27
5,20130320T004711.996331.Cam6_21_aug_2.csv,244.92000000000002,42.31,19.5
6,20130320T004711.996331.Cam6_21_aug_2.csv,238.38,8.85,19.5
7,20130320T004711.996331.Cam6_21_aug_2.csv,203.38,5.0,19.5
