,name,c-x,c-y,radius
0,20130320T013120.050671_42_aug_2.csv,24.44,65.83,18.14
1,20130320T013120.050671_42_aug_2.csv,161.67,31.11,18.98
2,20130320T013120.050671_42_aug_2.csv,185.56,91.11,18.14
3,20130320T013120.050671_42_aug_2.csv,176.39,10.56,17.31
4,20130320T013120.050671_42_aug_2.csv,282.22,141.11,18.14
5,20130320T013120.050671_42_aug_2.csv,263.06,148.33,17.31
6,20130320T013120.050671_42_aug_2.csv,268.89,79.44,18.7
7,20130320T013120.050671_42_aug_2.csv,37.5,141.39,14.53
