,name,c-x,c-y,radius
0,20130320T005952.393012.Cam6_32_aug_2.csv,174.72,196.94,17.87
1,20130320T005952.393012.Cam6_32_aug_2.csv,130.28,164.72,27.03
2,20130320T005952.393012.Cam6_32_aug_2.csv,101.39,83.61,22.59
3,20130320T005952.393012.Cam6_32_aug_2.csv,168.89,84.17,22.59
