,name,c-x,c-y,radius
0,20130320T005929.916304.Cam6_22_aug_0.csv,84.38999999999999,33.89,22.59
1,20130320T005929.916304.Cam6_22_aug_0.csv,41.329999999999984,128.33,22.59
2,20130320T005929.916304.Cam6_22_aug_0.csv,62.44,165.0,21.75
