,name,c-x,c-y,radius
0,20130320T005500.005985.Cam6_43_aug_1.csv,302.17,151.94,20.64
1,20130320T005500.005985.Cam6_43_aug_1.csv,260.78,81.11,21.2
2,20130320T005500.005985.Cam6_43_aug_1.csv,236.06,116.94,20.09
3,20130320T005500.005985.Cam6_43_aug_1.csv,270.5,28.89,20.09
4,20130320T005500.005985.Cam6_43_aug_1.csv,226.06,1.67,18.42
5,20130320T005500.005985.Cam6_43_aug_1.csv,206.32999999999998,35.83,18.42
6,20130320T005500.005985.Cam6_43_aug_1.csv,139.67,49.44,23.14
