,name,c-x,c-y,radius
0,20130320T005606.102612.Cam6_42_aug_0.csv,245.78,147.22,19.81
1,20130320T005606.102612.Cam6_42_aug_0.csv,132.72,157.22,23.42
2,20130320T005606.102612.Cam6_42_aug_0.csv,94.11000000000001,157.5,20.92
3,20130320T005606.102612.Cam6_42_aug_0.csv,75.5,133.06,17.03
4,20130320T005606.102612.Cam6_42_aug_0.csv,275.5,173.89,19.53
