,name,c-x,c-y,radius
0,20130320T004616.376184.Cam6_52_aug_0.csv,163.0,47.31,12.19
1,20130320T004616.376184.Cam6_52_aug_0.csv,138.77,46.54,12.19
2,20130320T004616.376184.Cam6_52_aug_0.csv,171.46,52.31,13.34
