,name,c-x,c-y,radius
0,20130320T004615.614293.Cam6_51_aug_1.csv,220.69,36.54,12.19
1,20130320T004615.614293.Cam6_51_aug_1.csv,220.69,44.62,11.42
2,20130320T004615.614293.Cam6_51_aug_1.csv,200.69,44.23,11.42
3,20130320T004615.614293.Cam6_51_aug_1.csv,201.45999999999998,33.46,12.19
