,name,c-x,c-y,radius
0,20130320T013709.391164_61_aug_1.csv,227.72,10.0,16.75
1,20130320T013709.391164_61_aug_1.csv,269.94,67.22,16.75
2,20130320T013709.391164_61_aug_1.csv,74.94,45.56,15.92
