,name,c-x,c-y,radius
0,20130320T005754.866735.Cam6_22_aug_2.csv,84.66999999999999,75.0,20.92
1,20130320T005754.866735.Cam6_22_aug_2.csv,40.22000000000003,45.28,20.92
2,20130320T005754.866735.Cam6_22_aug_2.csv,32.72000000000003,83.33,20.92
