,name,c-x,c-y,radius
0,20130320T005026.476618.Cam6_12_aug_3.csv,85.48,122.9,19.03
1,20130320T005026.476618.Cam6_12_aug_3.csv,146.45,103.87,18.06
2,20130320T005026.476618.Cam6_12_aug_3.csv,253.87,96.45,26.13
3,20130320T005026.476618.Cam6_12_aug_3.csv,304.84,95.81,26.13
4,20130320T005026.476618.Cam6_12_aug_3.csv,284.84,130.32,23.22
5,20130320T005026.476618.Cam6_12_aug_3.csv,306.45,149.35,23.22
6,20130320T005026.476618.Cam6_12_aug_3.csv,278.71,25.81,23.22
