,name,c-x,c-y,radius
0,20130320T005928.202018.Cam6_21_aug_0.csv,19.389999999999986,146.39,23.14
1,20130320T005928.202018.Cam6_21_aug_0.csv,57.72,188.61,18.98
2,20130320T005928.202018.Cam6_21_aug_0.csv,32.72000000000003,26.67,17.59
