,name,c-x,c-y,radius
0,20130320T013431.102178_34_aug_0.csv,235.78,74.72,21.75
1,20130320T013431.102178_34_aug_0.csv,246.61,98.33,23.14
2,20130320T013431.102178_34_aug_0.csv,190.78,61.94,22.59
