,name,c-x,c-y,radius
0,20130320T004528.565680.Cam6_54_aug_1.csv,255.84,116.76,8.8
1,20130320T004528.565680.Cam6_54_aug_1.csv,264.76,102.97,8.8
2,20130320T004528.565680.Cam6_54_aug_1.csv,275.03,82.43,8.8
3,20130320T004528.565680.Cam6_54_aug_1.csv,250.7,160.81,10.69
