,name,c-x,c-y,radius
0,20130320T005224.574282.Cam6_33_aug_2.csv,299.35,132.58,16.77
1,20130320T005224.574282.Cam6_33_aug_2.csv,173.87,82.58,16.77
2,20130320T005224.574282.Cam6_33_aug_2.csv,146.13,73.23,17.74
3,20130320T005224.574282.Cam6_33_aug_2.csv,164.19,38.71,17.74
4,20130320T005224.574282.Cam6_33_aug_2.csv,109.03,67.1,16.45
5,20130320T005224.574282.Cam6_33_aug_2.csv,99.68,48.06,16.45
