,name,c-x,c-y,radius
0,20130320T005412.767024.Cam6_33_aug_1.csv,170.58,138.06,24.19
1,20130320T005412.767024.Cam6_33_aug_1.csv,154.77,61.94,30.32
2,20130320T005412.767024.Cam6_33_aug_1.csv,98.32,178.39,23.87
