,name,c-x,c-y,radius
0,20130320T004809.902287.Cam6_33_aug_3.csv,139.03,77.42,21.61
1,20130320T004809.902287.Cam6_33_aug_3.csv,200.97,76.13,22.26
2,20130320T004809.902287.Cam6_33_aug_3.csv,238.71,117.74,22.9
3,20130320T004809.902287.Cam6_33_aug_3.csv,277.1,133.23,22.9
4,20130320T004809.902287.Cam6_33_aug_3.csv,245.16,155.81,22.9
