,name,c-x,c-y,radius
0,20130320T005957.154982.Cam6_51_aug_3.csv,196.67,118.89,18.42
1,20130320T005957.154982.Cam6_51_aug_3.csv,144.44,119.17,17.59
2,20130320T005957.154982.Cam6_51_aug_3.csv,31.67,158.06,15.92
3,20130320T005957.154982.Cam6_51_aug_3.csv,191.11,9.17,15.92
4,20130320T005957.154982.Cam6_51_aug_3.csv,167.22,26.39,15.92
5,20130320T005957.154982.Cam6_51_aug_3.csv,63.89,125.28,18.14
