,name,c-x,c-y,radius
0,20130320T004438.278894.Cam6_42_aug_2.csv,199.88,68.44,10.64
1,20130320T004438.278894.Cam6_42_aug_2.csv,220.81,70.31,10.64
2,20130320T004438.278894.Cam6_42_aug_2.csv,241.44,112.19,10.64
3,20130320T004438.278894.Cam6_42_aug_2.csv,199.25,108.12,10.01
