,name,c-x,c-y,radius
0,20130320T013444.245327_21_aug_1.csv,30.220000000000027,111.67,21.75
1,20130320T013444.245327_21_aug_1.csv,24.939999999999998,66.67,21.75
2,20130320T013444.245327_21_aug_1.csv,271.33,20.56,21.75
3,20130320T013444.245327_21_aug_1.csv,246.89,45.56,19.53
4,20130320T013444.245327_21_aug_1.csv,197.17000000000002,21.94,19.53
5,20130320T013444.245327_21_aug_1.csv,175.78,6.94,18.7
