,name,c-x,c-y,radius
0,20130320T013305.005184_33_aug_0.csv,198.28,166.11,18.98
1,20130320T013305.005184_33_aug_0.csv,172.17,179.17,17.59
2,20130320T013305.005184_33_aug_0.csv,169.11,146.94,18.98
