,name,c-x,c-y,radius
0,20130320T005812.771975.Cam6_41_aug_1.csv,211.06,118.06,21.2
1,20130320T005812.771975.Cam6_41_aug_1.csv,177.17,112.5,21.2
