,name,c-x,c-y,radius
0,20130320T013609.580437_31_aug_3.csv,140.56,118.61,20.37
1,20130320T013609.580437_31_aug_3.csv,198.06,106.94,19.81
2,20130320T013609.580437_31_aug_3.csv,232.5,113.33,18.42
3,20130320T013609.580437_31_aug_3.csv,220.56,80.28,19.25
4,20130320T013609.580437_31_aug_3.csv,197.22,75.83,19.25
