,name,c-x,c-y,radius
0,20130320T005740.580816.Cam6_21_aug_3.csv,59.44,74.44,19.53
1,20130320T005740.580816.Cam6_21_aug_3.csv,110.56,1.39,17.59
2,20130320T005740.580816.Cam6_21_aug_3.csv,208.89,123.33,18.7
3,20130320T005740.580816.Cam6_21_aug_3.csv,295.56,91.67,18.7
