,name,c-x,c-y,radius
0,20130320T013043.478550_23_aug_0.csv,254.67000000000002,138.33,18.14
1,20130320T013043.478550_23_aug_0.csv,275.22,152.22,18.14
2,20130320T013043.478550_23_aug_0.csv,288.28,128.89,18.14
3,20130320T013043.478550_23_aug_0.csv,48.829999999999984,100.83,17.31
4,20130320T013043.478550_23_aug_0.csv,25.779999999999973,80.0,19.53
