,name,c-x,c-y,radius
0,20130320T004904.570176.Cam6_52_aug_1.csv,153.55,17.1,20.32
1,20130320T004904.570176.Cam6_52_aug_1.csv,170.97,42.9,19.35
2,20130320T004904.570176.Cam6_52_aug_1.csv,293.55,42.58,20.0
3,20130320T004904.570176.Cam6_52_aug_1.csv,136.45,150.32,18.71
4,20130320T004904.570176.Cam6_52_aug_1.csv,176.13,175.81,18.06
5,20130320T004904.570176.Cam6_52_aug_1.csv,220.97,177.1,18.71
6,20130320T004904.570176.Cam6_52_aug_1.csv,250.0,172.9,17.74
