,name,c-x,c-y,radius
0,20130320T004556.375774.Cam6_31_aug_3.csv,227.69,136.92,14.5
1,20130320T004556.375774.Cam6_31_aug_3.csv,266.54,99.23,14.88
2,20130320T004556.375774.Cam6_31_aug_3.csv,276.54,83.08,14.11
3,20130320T004556.375774.Cam6_31_aug_3.csv,259.23,190.77,14.11
