,name,c-x,c-y,radius
0,20130320T004353.135082.Cam6_53_aug_2.csv,53.629999999999995,85.62,20.95
1,20130320T004353.135082.Cam6_53_aug_2.csv,85.19,83.44,22.51
2,20130320T004353.135082.Cam6_53_aug_2.csv,198.63,149.06,20.95
3,20130320T004353.135082.Cam6_53_aug_2.csv,216.44,119.37,20.95
4,20130320T004353.135082.Cam6_53_aug_2.csv,266.44,195.31,20.01
