,name,c-x,c-y,radius
0,20130320T005643.055747.Cam6_31_aug_2.csv,173.56,47.22,22.31
1,20130320T005643.055747.Cam6_31_aug_2.csv,142.44,154.72,19.53
