,name,c-x,c-y,radius
0,20130320T005059.239172.Cam6_73_aug_2.csv,35.10000000000002,60.32,15.16
1,20130320T005059.239172.Cam6_73_aug_2.csv,204.76999999999998,6.45,15.16
