,name,c-x,c-y,radius
0,20130320T005903.439636.Cam6_42_aug_3.csv,230.56,27.78,24.25
1,20130320T005903.439636.Cam6_42_aug_3.csv,153.33,68.61,35.37
2,20130320T005903.439636.Cam6_42_aug_3.csv,91.67,82.22,35.37
