,name,c-x,c-y,radius
0,20130320T005102.286861.Cam6_63_aug_1.csv,236.13,130.0,18.38
1,20130320T005102.286861.Cam6_63_aug_1.csv,197.42,128.06,17.09
2,20130320T005102.286861.Cam6_63_aug_1.csv,189.68,99.35,17.09
3,20130320T005102.286861.Cam6_63_aug_1.csv,88.71,96.13,17.09
4,20130320T005102.286861.Cam6_63_aug_1.csv,29.35,14.19,19.67
