,name,c-x,c-y,radius
0,20130320T013221.766310_11_aug_0.csv,171.61,156.67,18.7
1,20130320T013221.766310_11_aug_0.csv,134.11,168.33,18.7
2,20130320T013221.766310_11_aug_0.csv,146.06,131.11,22.03
3,20130320T013221.766310_11_aug_0.csv,61.610000000000014,71.11,19.81
