,name,c-x,c-y,radius
0,20130320T005445.529560.Cam6_64_aug_3.csv,132.5,102.78,13.7
1,20130320T005445.529560.Cam6_64_aug_3.csv,25.28,26.39,15.37
