,name,c-x,c-y,radius
0,20130320T004430.088222.Cam6_33_aug_1.csv,99.25,151.56,20.33
1,20130320T004430.088222.Cam6_33_aug_1.csv,71.44,135.31,19.08
