,name,c-x,c-y,radius
0,20130320T013150.146539_34_aug_3.csv,23.89,140.28,18.14
1,20130320T013150.146539_34_aug_3.csv,89.44,103.61,17.03
2,20130320T013150.146539_34_aug_3.csv,93.33,48.06,17.87
3,20130320T013150.146539_34_aug_3.csv,120.83,31.39,17.31
4,20130320T013150.146539_34_aug_3.csv,86.94,0.83,17.31
5,20130320T013150.146539_34_aug_3.csv,265.56,146.11,16.48
6,20130320T013150.146539_34_aug_3.csv,276.67,177.78,16.75
