,name,c-x,c-y,radius
0,20130320T005928.963909.Cam6_32_aug_0.csv,272.17,19.72,25.92
1,20130320T005928.963909.Cam6_32_aug_0.csv,203.56,163.33,20.92
2,20130320T005928.963909.Cam6_32_aug_0.csv,173.0,119.72,21.2
3,20130320T005928.963909.Cam6_32_aug_0.csv,60.22,100.28,22.03
4,20130320T005928.963909.Cam6_32_aug_0.csv,91.88999999999999,4.17,22.03
5,20130320T005928.963909.Cam6_32_aug_0.csv,82.72,12.78,22.03
