,name,c-x,c-y,radius
0,20130320T005241.527011.Cam6_21_aug_2.csv,256.39,162.9,17.42
1,20130320T005241.527011.Cam6_21_aug_2.csv,292.19,149.03,18.71
