,name,c-x,c-y,radius
0,20130320T005929.916304.Cam6_22_aug_4.csv,110.98500061035156,20.887235641479492,22.59
1,20130320T005929.916304.Cam6_22_aug_4.csv,67.92500305175781,115.32723999023438,22.59
2,20130320T005929.916304.Cam6_22_aug_4.csv,89.03499603271484,151.9972381591797,21.75
