,name,c-x,c-y,radius
0,20130320T005822.486424.Cam6_43_aug_1.csv,238.75244140625,96.44430541992188,26.2
1,20130320T005822.486424.Cam6_43_aug_1.csv,208.75244140625,67.00430297851562,32.59
