,name,c-x,c-y,radius
0,20130320T005230.098145.Cam6_12_aug_0.csv,183.98729705810547,126.92929077148438,15.8
1,20130320T005230.098145.Cam6_12_aug_0.csv,152.37728881835938,120.47929382324219,15.8
2,20130320T005230.098145.Cam6_12_aug_0.csv,141.727294921875,91.44928741455078,15.8
3,20130320T005230.098145.Cam6_12_aug_0.csv,169.7972869873047,100.15928649902344,16.45
4,20130320T005230.098145.Cam6_12_aug_0.csv,204.9572982788086,104.34928894042969,15.8
