,name,c-x,c-y,radius
0,20130320T005639.055666.Cam6_34_aug_7.csv,248.06,125.28,13.14
1,20130320T005639.055666.Cam6_34_aug_7.csv,263.61,125.28,16.75
2,20130320T005639.055666.Cam6_34_aug_7.csv,272.22,111.39,16.75
3,20130320T005639.055666.Cam6_34_aug_7.csv,262.22,90.0,17.87
4,20130320T005639.055666.Cam6_34_aug_7.csv,287.5,124.17,16.48
5,20130320T005639.055666.Cam6_34_aug_7.csv,303.33,97.5,15.64
