,name,c-x,c-y,radius
0,20130320T004609.518920.Cam6_23_aug_6.csv,283.0,146.15,21.03
1,20130320T004609.518920.Cam6_23_aug_6.csv,261.08,128.08,21.03
2,20130320T004609.518920.Cam6_23_aug_6.csv,110.31,162.69,19.5
3,20130320T004609.518920.Cam6_23_aug_6.csv,101.08000000000001,111.54,13.34
4,20130320T004609.518920.Cam6_23_aug_6.csv,76.85,123.46,14.88
5,20130320T004609.518920.Cam6_23_aug_6.csv,138.38,33.08,14.5
6,20130320T004609.518920.Cam6_23_aug_6.csv,139.92,21.15,14.5
7,20130320T004609.518920.Cam6_23_aug_6.csv,147.62,28.46,14.5
