,name,c-x,c-y,radius
0,20130320T005812.771975.Cam6_41_aug_0.csv,106.9370346069336,112.43999481201172,21.2
1,20130320T005812.771975.Cam6_41_aug_0.csv,140.82704162597656,106.87999725341797,21.2
