,name,c-x,c-y,radius
0,20130320T013514.722190_21_aug_5.csv,231.61,114.17,16.48
1,20130320T013514.722190_21_aug_5.csv,300.22,120.56,16.48
