,name,c-x,c-y,radius
0,20130320T013021.573348_12_aug_7.csv,77.78,172.22,15.92
1,20130320T013021.573348_12_aug_7.csv,79.17,143.06,17.87
2,20130320T013021.573348_12_aug_7.csv,111.67,137.78,17.87
3,20130320T013021.573348_12_aug_7.csv,85.56,110.83,18.98
4,20130320T013021.573348_12_aug_7.csv,190.56,50.56,16.75
5,20130320T013021.573348_12_aug_7.csv,186.94,76.67,16.75
6,20130320T013021.573348_12_aug_7.csv,223.61,73.61,16.75
7,20130320T013021.573348_12_aug_7.csv,216.39,35.83,16.75
