,name,c-x,c-y,radius
0,20130320T005615.817189.Cam6_32_aug_6.csv,77.04146575927734,43.549503326416016,21.2
1,20130320T005615.817189.Cam6_32_aug_6.csv,162.32147216796875,29.939502716064453,23.42
2,20130320T005615.817189.Cam6_32_aug_6.csv,199.27146911621094,47.15950393676758,20.37
