,name,c-x,c-y,radius
0,20130320T013604.627962_52_aug_7.csv,139.17,17.78,22.87
1,20130320T013604.627962_52_aug_7.csv,27.22,9.72,22.87
