,name,c-x,c-y,radius
0,20130320T013320.243612_41_aug_5.csv,199.1270523071289,131.5297088623047,17.59
1,20130320T013320.243612_41_aug_5.csv,192.18704986572266,99.3097152709961,17.59
2,20130320T013320.243612_41_aug_5.csv,62.73704528808594,94.3097152709961,19.25
3,20130320T013320.243612_41_aug_5.csv,89.12704467773438,80.69971466064453,17.59
