,name,c-x,c-y,radius
0,20130320T005548.959378.Cam6_62_aug_3.csv,205.46487426757812,113.36178588867188,16.48
