,name,c-x,c-y,radius
0,20130320T004847.236437.Cam6_42_aug_5.csv,177.03,52.58,27.74
1,20130320T004847.236437.Cam6_42_aug_5.csv,223.81,38.39,24.19
2,20130320T004847.236437.Cam6_42_aug_5.csv,237.35,16.77,26.77
3,20130320T004847.236437.Cam6_42_aug_5.csv,288.32,24.84,27.42
4,20130320T004847.236437.Cam6_42_aug_5.csv,30.579999999999984,47.42,22.9
5,20130320T004847.236437.Cam6_42_aug_5.csv,3.8100000000000023,17.42,22.9
6,20130320T004847.236437.Cam6_42_aug_5.csv,182.51999999999998,7.74,18.06
