,name,c-x,c-y,radius
0,20130320T005914.677985.Cam6_42_aug_2.csv,201.89,182.5,31.48
1,20130320T005914.677985.Cam6_42_aug_2.csv,179.39,181.39,26.75
2,20130320T005914.677985.Cam6_42_aug_2.csv,29.939999999999998,145.28,29.53
3,20130320T005914.677985.Cam6_42_aug_2.csv,11.060000000000002,174.72,27.31
4,20130320T005914.677985.Cam6_42_aug_2.csv,271.89,64.44,28.42
