,name,c-x,c-y,radius
0,20130320T013021.192340_43_aug_5.csv,166.3753662109375,40.435176849365234,17.03
1,20130320T013021.192340_43_aug_5.csv,77.76537322998047,42.655174255371094,17.03
2,20130320T013021.192340_43_aug_5.csv,74.42537689208984,93.7751693725586,15.92
