,name,c-x,c-y,radius
0,20130320T013701.772015_23_aug_6.csv,75.38235473632812,81.55805206298828,19.25
1,20130320T013701.772015_23_aug_6.csv,43.442352294921875,43.5080451965332,17.31
