,name,c-x,c-y,radius
0,20130320T004550.470901.Cam6_42_aug_0.csv,67.46508026123047,82.57743835449219,17.57
