,name,c-x,c-y,radius
0,20130320T013607.104137_43_aug_7.csv,154.17,115.28,18.98
1,20130320T013607.104137_43_aug_7.csv,97.78,76.67,18.98
2,20130320T013607.104137_43_aug_7.csv,215.56,43.61,21.48
