,name,c-x,c-y,radius
0,20130320T005131.239822.Cam6_11_aug_0.csv,195.6139907836914,82.70089721679688,23.22
1,20130320T005131.239822.Cam6_11_aug_0.csv,246.90399551391602,50.12089538574219,21.93
2,20130320T005131.239822.Cam6_11_aug_0.csv,268.5239944458008,72.70089721679688,22.9
3,20130320T005131.239822.Cam6_11_aug_0.csv,229.48399353027344,37.22089385986328,21.61
