,name,c-x,c-y,radius
0,20130320T004438.278894.Cam6_42_aug_7.csv,108.12,68.44,10.64
1,20130320T004438.278894.Cam6_42_aug_7.csv,87.19,70.31,10.64
2,20130320T004438.278894.Cam6_42_aug_7.csv,66.56,112.19,10.64
3,20130320T004438.278894.Cam6_42_aug_7.csv,108.75,108.12,10.01
