,name,c-x,c-y,radius
0,20130320T013029.383011_33_aug_6.csv,258.56,36.11,17.59
1,20130320T013029.383011_33_aug_6.csv,184.67000000000002,48.89,20.92
2,20130320T013029.383011_33_aug_6.csv,119.66999999999999,184.17,15.64
3,20130320T013029.383011_33_aug_6.csv,41.610000000000014,120.83,18.7
4,20130320T013029.383011_33_aug_6.csv,15.779999999999973,135.0,18.7
5,20130320T013029.383011_33_aug_6.csv,19.110000000000014,98.06,18.42
