,name,c-x,c-y,radius
0,20130320T005614.102778.Cam6_73_aug_2.csv,99.1645736694336,176.7727813720703,14.53
