,name,c-x,c-y,radius
0,20130320T005238.288819.Cam6_34_aug_2.csv,168.71,109.35,18.06
1,20130320T005238.288819.Cam6_34_aug_2.csv,186.13,81.61,19.35
2,20130320T005238.288819.Cam6_34_aug_2.csv,209.35,117.74,18.71
3,20130320T005238.288819.Cam6_34_aug_2.csv,224.84,111.61,18.71
4,20130320T005238.288819.Cam6_34_aug_2.csv,255.81,132.9,16.77
5,20130320T005238.288819.Cam6_34_aug_2.csv,280.65,118.06,16.77
6,20130320T005238.288819.Cam6_34_aug_2.csv,295.81,147.1,16.77
7,20130320T005238.288819.Cam6_34_aug_2.csv,58.71,45.48,17.74
