,name,c-x,c-y,radius
0,20130320T004710.853432.Cam6_73_aug_2.csv,209.88645935058594,74.1457290649414,16.16
1,20130320T004710.853432.Cam6_73_aug_2.csv,235.05645751953125,61.73572540283203,13.06
2,20130320T004710.853432.Cam6_73_aug_2.csv,202.9964599609375,47.59572219848633,13.06
