,name,c-x,c-y,radius
0,20130320T005219.812185.Cam6_63_aug_3.csv,207.15958404541016,64.38829040527344,24.19
