,name,c-x,c-y,radius
0,20130320T005457.148800.Cam6_14_aug_2.csv,227.3673858642578,98.90142822265625,27.03
1,20130320T005457.148800.Cam6_14_aug_2.csv,277.0873718261719,86.95143127441406,27.03
