,name,c-x,c-y,radius
0,20130320T004904.570176.Cam6_52_aug_6.csv,154.45,17.1,20.32
1,20130320T004904.570176.Cam6_52_aug_6.csv,137.03,42.9,19.35
2,20130320T004904.570176.Cam6_52_aug_6.csv,14.449999999999989,42.58,20.0
3,20130320T004904.570176.Cam6_52_aug_6.csv,171.55,150.32,18.71
4,20130320T004904.570176.Cam6_52_aug_6.csv,131.87,175.81,18.06
5,20130320T004904.570176.Cam6_52_aug_6.csv,87.03,177.1,18.71
6,20130320T004904.570176.Cam6_52_aug_6.csv,58.0,172.9,17.74
