,name,c-x,c-y,radius
0,20130320T012914.905227_42_aug_4.csv,8.57049560546875,68.642822265625,16.48
1,20130320T012914.905227_42_aug_4.csv,13.840484619140625,46.69282150268555,16.48
2,20130320T012914.905227_42_aug_4.csv,136.0704803466797,57.2528190612793,15.64
3,20130320T012914.905227_42_aug_4.csv,164.68048095703125,60.30282211303711,15.64
4,20130320T012914.905227_42_aug_4.csv,121.6204833984375,95.0228271484375,13.7
