,name,c-x,c-y,radius
0,20130320T013322.910417_14_aug_2.csv,114.06431579589844,142.78273010253906,15.64
1,20130320T013322.910417_14_aug_2.csv,84.34431457519531,132.2227325439453,15.64
2,20130320T013322.910417_14_aug_2.csv,56.28431701660156,120.28273010253906,17.03
