,name,c-x,c-y,radius
0,20130320T005913.535087.Cam6_62_aug_5.csv,264.7926025390625,102.33756256103516,18.98
1,20130320T005913.535087.Cam6_62_aug_5.csv,236.18260192871094,103.17755889892578,19.81
2,20130320T005913.535087.Cam6_62_aug_5.csv,230.6226043701172,55.94756317138672,20.37
3,20130320T005913.535087.Cam6_62_aug_5.csv,142.01260375976562,82.8975601196289,21.75
