,name,c-x,c-y,radius
0,20130320T004410.659327.Cam6_21_aug_6.csv,66.88528442382812,156.2769012451172,20.01
