,name,c-x,c-y,radius
0,20130320T005236.193525.Cam6_61_aug_2.csv,241.55,94.84,16.45
1,20130320T005236.193525.Cam6_61_aug_2.csv,197.35,119.03,13.55
2,20130320T005236.193525.Cam6_61_aug_2.csv,228.65,188.06,13.22
3,20130320T005236.193525.Cam6_61_aug_2.csv,109.94,153.87,12.58
4,20130320T005236.193525.Cam6_61_aug_2.csv,35.74000000000001,139.68,14.51
