,name,c-x,c-y,radius
0,20130320T012929.000761_32_aug_6.csv,129.39,50.28,15.92
1,20130320T012929.000761_32_aug_6.csv,48.27999999999997,62.22,16.75
2,20130320T012929.000761_32_aug_6.csv,57.72,16.94,18.98
