,name,c-x,c-y,radius
0,20130320T005553.530973.Cam6_13_aug_5.csv,244.39,176.39,24.81
1,20130320T005553.530973.Cam6_13_aug_5.csv,228.82999999999998,154.44,23.42
2,20130320T005553.530973.Cam6_13_aug_5.csv,278.0,96.11,23.42
3,20130320T005553.530973.Cam6_13_aug_5.csv,243.56,99.44,28.98
4,20130320T005553.530973.Cam6_13_aug_5.csv,193.82999999999998,80.83,27.59
5,20130320T005553.530973.Cam6_13_aug_5.csv,229.94,44.44,27.59
