,name,c-x,c-y,radius
0,20130320T005556.769166.Cam6_53_aug_3.csv,60.83,134.72,24.81
1,20130320T005556.769166.Cam6_53_aug_3.csv,58.61,109.44,21.2
2,20130320T005556.769166.Cam6_53_aug_3.csv,22.5,53.33,21.2
3,20130320T005556.769166.Cam6_53_aug_3.csv,53.61,35.83,21.48
4,20130320T005556.769166.Cam6_53_aug_3.csv,205.28,55.28,21.48
5,20130320T005556.769166.Cam6_53_aug_3.csv,105.83,193.89,20.64
