,name,c-x,c-y,radius
0,20130320T005929.916304.Cam6_22_aug_5.csv,249.7194366455078,19.339061737060547,22.59
1,20130320T005929.916304.Cam6_22_aug_5.csv,292.7794494628906,113.77906799316406,22.59
2,20130320T005929.916304.Cam6_22_aug_5.csv,271.66943359375,150.44906616210938,21.75
