,name,c-x,c-y,radius
0,20130320T005821.914913.Cam6_62_aug_6.csv,197.77349853515625,76.93550872802734,22.87
1,20130320T005821.914913.Cam6_62_aug_6.csv,236.3834991455078,63.045509338378906,28.98
2,20130320T005821.914913.Cam6_62_aug_6.csv,197.5034942626953,37.77550506591797,18.14
