,name,c-x,c-y,radius
0,20130320T004943.999495.Cam6_42_aug_5.csv,258.0,106.45,16.13
1,20130320T004943.999495.Cam6_42_aug_5.csv,288.32,95.81,17.09
2,20130320T004943.999495.Cam6_42_aug_5.csv,282.84,151.61,15.8
3,20130320T004943.999495.Cam6_42_aug_5.csv,256.39,130.0,17.09
4,20130320T004943.999495.Cam6_42_aug_5.csv,240.9,71.94,13.87
5,20130320T004943.999495.Cam6_42_aug_5.csv,32.19,61.61,20.96
6,20130320T004943.999495.Cam6_42_aug_5.csv,5.740000000000009,18.71,20.96
