,name,c-x,c-y,radius
0,20130320T012931.477060_21_aug_0.csv,102.16999999999999,108.89,14.53
1,20130320T012931.477060_21_aug_0.csv,202.72,86.94,16.48
2,20130320T012931.477060_21_aug_0.csv,227.17000000000002,73.33,16.48
3,20130320T012931.477060_21_aug_0.csv,190.78,42.5,16.48
4,20130320T012931.477060_21_aug_0.csv,238.56,38.89,16.48
5,20130320T012931.477060_21_aug_0.csv,226.89,8.61,16.48
6,20130320T012931.477060_21_aug_0.csv,192.17000000000002,9.17,16.48
