,name,c-x,c-y,radius
0,20130320T005604.007318.Cam6_12_aug_0.csv,87.19131469726562,63.30386734008789,17.87
