,name,c-x,c-y,radius
0,20130320T005615.817189.Cam6_32_aug_1.csv,249.2797737121582,62.18726348876953,21.2
1,20130320T005615.817189.Cam6_32_aug_1.csv,163.99977111816406,48.57726287841797,23.42
2,20130320T005615.817189.Cam6_32_aug_1.csv,127.04977416992188,65.7972640991211,20.37
