,name,c-x,c-y,radius
0,20130320T005233.907851.Cam6_12_aug_4.csv,262.6400146484375,140.64901733398438,19.35
1,20130320T005233.907851.Cam6_12_aug_4.csv,214.8900146484375,141.94900512695312,15.8
2,20130320T005233.907851.Cam6_12_aug_4.csv,230.70001220703125,130.64901733398438,12.58
3,20130320T005233.907851.Cam6_12_aug_4.csv,127.15000915527344,94.19900512695312,18.71
4,20130320T005233.907851.Cam6_12_aug_4.csv,77.47000885009766,116.77900695800781,19.35
5,20130320T005233.907851.Cam6_12_aug_4.csv,88.12001037597656,73.8790054321289,15.8
6,20130320T005233.907851.Cam6_12_aug_4.csv,200.0600128173828,130.32901000976562,12.26
