,name,c-x,c-y,radius
0,20130320T005824.200708.Cam6_52_aug_3.csv,273.991455078125,72.12571716308594,17.87
1,20130320T005824.200708.Cam6_52_aug_3.csv,264.8314514160156,75.17572021484375,17.87
2,20130320T005824.200708.Cam6_52_aug_3.csv,230.38145446777344,62.39572525024414,24.81
3,20130320T005824.200708.Cam6_52_aug_3.csv,203.72145080566406,86.01571655273438,23.7
4,20130320T005824.200708.Cam6_52_aug_3.csv,172.88145446777344,94.06571960449219,20.37
5,20130320T005824.200708.Cam6_52_aug_3.csv,86.22145080566406,79.06571960449219,22.03
