,name,c-x,c-y,radius
0,20130320T004352.373192.Cam6_51_aug_5.csv,52.735206604003906,76.73126983642578,20.33
1,20130320T004352.373192.Cam6_51_aug_5.csv,79.30520629882812,74.85127258300781,20.33
2,20130320T004352.373192.Cam6_51_aug_5.csv,119.6152114868164,134.23126220703125,18.14
3,20130320T004352.373192.Cam6_51_aug_5.csv,153.36521911621094,172.041259765625,14.7
