,name,c-x,c-y,radius
0,20130320T013436.626169_23_aug_5.csv,219.94,95.83,23.98
1,20130320T013436.626169_23_aug_5.csv,229.11,51.39,21.75
2,20130320T013436.626169_23_aug_5.csv,165.22,44.44,22.87
3,20130320T013436.626169_23_aug_5.csv,287.44,75.28,21.48
