,name,c-x,c-y,radius
0,20130320T005445.339056.Cam6_32_aug_4.csv,99.66999999999999,138.06,22.31
1,20130320T005445.339056.Cam6_32_aug_4.csv,124.11000000000001,94.44,19.81
2,20130320T005445.339056.Cam6_32_aug_4.csv,32.44,70.0,23.7
3,20130320T005445.339056.Cam6_32_aug_4.csv,9.110000000000014,51.11,21.48
4,20130320T005445.339056.Cam6_32_aug_4.csv,228.28,176.11,15.37
5,20130320T005445.339056.Cam6_32_aug_4.csv,216.61,154.44,14.53
