,name,c-x,c-y,radius
0,20130320T004611.995093.Cam6_24_aug_6.csv,257.3332214355469,45.168697357177734,18.73
