,name,c-x,c-y,radius
0,20130320T004607.995015.Cam6_24_aug_3.csv,205.4683380126953,140.80880737304688,18.73
1,20130320T004607.995015.Cam6_24_aug_3.csv,130.4683380126953,115.03881072998047,17.57
