,name,c-x,c-y,radius
0,20130320T005234.479240.Cam6_13_aug_5.csv,240.9,20.97,16.77
1,20130320T005234.479240.Cam6_13_aug_5.csv,229.61,26.13,16.77
2,20130320T005234.479240.Cam6_13_aug_5.csv,121.55000000000001,101.29,18.71
3,20130320T005234.479240.Cam6_13_aug_5.csv,74.44999999999999,91.29,18.71
4,20130320T005234.479240.Cam6_13_aug_5.csv,103.81,196.13,18.71
5,20130320T005234.479240.Cam6_13_aug_5.csv,129.61,57.74,17.09
