,name,c-x,c-y,radius
0,20130320T004615.614293.Cam6_51_aug_3.csv,209.44525909423828,26.84969711303711,12.19
1,20130320T004615.614293.Cam6_51_aug_3.csv,209.44525909423828,34.92969512939453,11.42
2,20130320T004615.614293.Cam6_51_aug_3.csv,189.44525909423828,34.539695739746094,11.42
3,20130320T004615.614293.Cam6_51_aug_3.csv,190.2152557373047,23.769695281982422,12.19
