,name,c-x,c-y,radius
0,20130320T004358.849450.Cam6_43_aug_0.csv,28.592321395874023,36.849884033203125,26.89
