,name,c-x,c-y,radius
0,20130320T004707.805742.Cam6_32_aug_3.csv,258.0,102.07,24.78
1,20130320T004707.805742.Cam6_32_aug_3.csv,288.69,66.55,20.99
