,name,c-x,c-y,radius
0,20130320T005041.905438.Cam6_24_aug_2.csv,48.61259841918945,123.61775970458984,16.13
1,20130320T005041.905438.Cam6_24_aug_2.csv,67.97259521484375,86.19776153564453,16.13
