,name,c-x,c-y,radius
0,20130320T005816.391049.Cam6_51_aug_5.csv,285.78,59.17,20.09
1,20130320T005816.391049.Cam6_51_aug_5.csv,201.32999999999998,68.33,20.09
2,20130320T005816.391049.Cam6_51_aug_5.csv,132.44,50.56,21.48
