,name,c-x,c-y,radius
0,20130320T013313.957735_32_aug_3.csv,88.61,127.22,17.59
1,20130320T013313.957735_32_aug_3.csv,35.0,101.39,22.03
2,20130320T013313.957735_32_aug_3.csv,8.06,145.83,18.98
3,20130320T013313.957735_32_aug_3.csv,91.94,13.06,18.98
