,name,c-x,c-y,radius
0,20130320T005328.385097.Cam6_62_aug_5.csv,69.03,110.97,17.42
1,20130320T005328.385097.Cam6_62_aug_5.csv,74.84,97.42,16.45
2,20130320T005328.385097.Cam6_62_aug_5.csv,49.35,118.39,16.45
3,20130320T005328.385097.Cam6_62_aug_5.csv,69.03,29.35,15.48
4,20130320T005328.385097.Cam6_62_aug_5.csv,122.26,2.26,15.48
5,20130320T005328.385097.Cam6_62_aug_5.csv,142.9,19.68,18.38
6,20130320T005328.385097.Cam6_62_aug_5.csv,146.77,31.94,18.38
7,20130320T005328.385097.Cam6_62_aug_5.csv,192.58,9.03,19.03
8,20130320T005328.385097.Cam6_62_aug_5.csv,244.19,37.74,17.74
