,name,c-x,c-y,radius
0,20130320T013333.386760_33_aug_1.csv,195.09454345703125,100.02812194824219,22.31
1,20130320T013333.386760_33_aug_1.csv,213.7045440673828,141.13812255859375,25.64
2,20130320T013333.386760_33_aug_1.csv,260.3745422363281,64.74812316894531,25.64
