,name,c-x,c-y,radius
0,20130320T013221.766310_11_aug_3.csv,185.51480102539062,142.6752166748047,18.7
1,20130320T013221.766310_11_aug_3.csv,148.01480102539062,154.33522033691406,18.7
2,20130320T013221.766310_11_aug_3.csv,159.9647979736328,117.1152114868164,22.03
3,20130320T013221.766310_11_aug_3.csv,75.51480102539062,57.11521530151367,19.81
