,name,c-x,c-y,radius
0,20130320T012823.285182_62_aug_0.csv,296.011962890625,80.53266143798828,17.87
1,20130320T012823.285182_62_aug_0.csv,174.6219482421875,97.7526626586914,22.31
2,20130320T012823.285182_62_aug_0.csv,253.23194885253906,26.082666397094727,22.31
