,name,c-x,c-y,radius
0,20130320T005040.953043.Cam6_51_aug_5.csv,18.0,60.97,15.8
1,20130320T005040.953043.Cam6_51_aug_5.csv,166.39,117.42,13.87
2,20130320T005040.953043.Cam6_51_aug_5.csv,138.0,112.9,14.84
3,20130320T005040.953043.Cam6_51_aug_5.csv,302.84,49.03,14.19
4,20130320T005040.953043.Cam6_51_aug_5.csv,128.0,76.13,14.19
5,20130320T005040.953043.Cam6_51_aug_5.csv,30.579999999999984,8.39,14.19
