,name,c-x,c-y,radius
0,20130320T005131.239822.Cam6_11_aug_5.csv,137.39891052246094,85.10943603515625,23.22
1,20130320T005131.239822.Cam6_11_aug_5.csv,86.10891723632812,52.52943420410156,21.93
2,20130320T005131.239822.Cam6_11_aug_5.csv,64.4889144897461,75.10943603515625,22.9
3,20130320T005131.239822.Cam6_11_aug_5.csv,103.52891540527344,39.629432678222656,21.61
