,name,c-x,c-y,radius
0,20130320T005230.098145.Cam6_12_aug_3.csv,214.81494140625,155.0874481201172,15.8
1,20130320T005230.098145.Cam6_12_aug_3.csv,183.20494079589844,148.637451171875,15.8
2,20130320T005230.098145.Cam6_12_aug_3.csv,172.55494689941406,119.6074447631836,15.8
3,20130320T005230.098145.Cam6_12_aug_3.csv,200.62493896484375,128.31744384765625,16.45
4,20130320T005230.098145.Cam6_12_aug_3.csv,235.78494262695312,132.5074462890625,15.8
