,name,c-x,c-y,radius
0,20130320T005229.717262.Cam6_14_aug_3.csv,162.468994140625,149.08804321289062,16.45
1,20130320T005229.717262.Cam6_14_aug_3.csv,140.85899353027344,128.758056640625,15.8
2,20130320T005229.717262.Cam6_14_aug_3.csv,170.52899169921875,134.248046875,15.8
