,name,c-x,c-y,radius
0,20130320T005017.714559.Cam6_41_aug_1.csv,195.52606201171875,154.21542358398438,20.96
1,20130320T005017.714559.Cam6_41_aug_1.csv,97.46605682373047,62.27542495727539,15.48
