,name,c-x,c-y,radius
0,20130320T004451.993418.Cam6_41_aug_6.csv,128.26162719726562,105.09475708007812,21.26
1,20130320T004451.993418.Cam6_41_aug_6.csv,170.45162963867188,117.91475677490234,21.26
2,20130320T004451.993418.Cam6_41_aug_6.csv,200.45162963867188,102.59475708007812,21.26
