,name,c-x,c-y,radius
0,20130320T013541.198864_13_aug_3.csv,295.83,89.72,18.42
1,20130320T013541.198864_13_aug_3.csv,275.83,95.28,17.31
2,20130320T013541.198864_13_aug_3.csv,286.39,23.06,20.09
3,20130320T013541.198864_13_aug_3.csv,151.39,20.28,20.09
4,20130320T013541.198864_13_aug_3.csv,106.94,50.56,20.09
5,20130320T013541.198864_13_aug_3.csv,93.61,37.22,20.09
6,20130320T013541.198864_13_aug_3.csv,54.44,31.11,20.09
7,20130320T013541.198864_13_aug_3.csv,11.94,84.17,20.09
8,20130320T013541.198864_13_aug_3.csv,4.72,119.17,18.98
