,name,c-x,c-y,radius
0,20130320T005651.246417.Cam6_23_aug_3.csv,37.734397888183594,107.55103302001953,19.53
