,name,c-x,c-y,radius
0,20130320T013607.485145_32_aug_4.csv,221.48565673828125,138.17369079589844,21.48
