,name,c-x,c-y,radius
0,20130320T010000.964560.Cam6_42_aug_5.csv,247.8070068359375,75.58953857421875,20.64
1,20130320T010000.964560.Cam6_42_aug_5.csv,201.96701049804688,130.029541015625,22.31
2,20130320T010000.964560.Cam6_42_aug_5.csv,160.57701110839844,117.529541015625,22.31
3,20130320T010000.964560.Cam6_42_aug_5.csv,79.46701049804688,141.1495361328125,20.09
4,20130320T010000.964560.Cam6_42_aug_5.csv,48.63702392578125,128.36953735351562,23.98
