,name,c-x,c-y,radius
0,20130320T013350.339486_32_aug_0.csv,264.1208190917969,108.06913757324219,21.2
