,name,c-x,c-y,radius
0,20130320T005409.338327.Cam6_42_aug_5.csv,30.922698974609375,133.72616577148438,21.61
