,name,c-x,c-y,radius
0,20130320T005747.819090.Cam6_11_aug_6.csv,76.11,195.28,17.87
1,20130320T005747.819090.Cam6_11_aug_6.csv,50.56,174.44,18.7
2,20130320T005747.819090.Cam6_11_aug_6.csv,30.56,160.28,14.25
3,20130320T005747.819090.Cam6_11_aug_6.csv,74.44,153.33,17.59
4,20130320T005747.819090.Cam6_11_aug_6.csv,49.72,120.56,15.09
