,name,c-x,c-y,radius
0,20130320T004609.518920.Cam6_23_aug_7.csv,25.0,146.15,21.03
1,20130320T004609.518920.Cam6_23_aug_7.csv,46.92,128.08,21.03
2,20130320T004609.518920.Cam6_23_aug_7.csv,197.69,162.69,19.5
3,20130320T004609.518920.Cam6_23_aug_7.csv,206.92,111.54,13.34
4,20130320T004609.518920.Cam6_23_aug_7.csv,231.15,123.46,14.88
5,20130320T004609.518920.Cam6_23_aug_7.csv,169.62,33.08,14.5
6,20130320T004609.518920.Cam6_23_aug_7.csv,168.08,21.15,14.5
7,20130320T004609.518920.Cam6_23_aug_7.csv,160.38,28.46,14.5
