,name,c-x,c-y,radius
0,20130320T004526.089376.Cam6_33_aug_1.csv,126.37184143066406,97.74579620361328,17.2
