,name,c-x,c-y,radius
0,20130320T004550.470901.Cam6_42_aug_6.csv,50.01343536376953,71.59122467041016,17.57
