,name,c-x,c-y,radius
0,20130320T013320.243612_41_aug_1.csv,75.42206573486328,141.1717071533203,17.59
1,20130320T013320.243612_41_aug_1.csv,82.36206817626953,108.95170593261719,17.59
2,20130320T013320.243612_41_aug_1.csv,211.8120574951172,103.95170593261719,19.25
3,20130320T013320.243612_41_aug_1.csv,185.42205810546875,90.34170532226562,17.59
