,name,c-x,c-y,radius
0,20130320T004419.802268.Cam6_53_aug_4.csv,203.00669860839844,117.66455078125,17.51
