,name,c-x,c-y,radius
0,20130320T013717.200819_33_aug_1.csv,220.1985092163086,165.08497619628906,18.42
1,20130320T013717.200819_33_aug_1.csv,199.08850860595703,134.8049774169922,18.98
2,20130320T013717.200819_33_aug_1.csv,257.6985092163086,134.53497314453125,18.98
