,name,c-x,c-y,radius
0,20130320T004757.711657.Cam6_21_aug_5.csv,79.36100769042969,67.27997589111328,17.19
