,name,c-x,c-y,radius
0,20130320T013147.670365_11_aug_7.csv,57.5,174.44,15.09
1,20130320T013147.670365_11_aug_7.csv,127.22,118.33,18.14
2,20130320T013147.670365_11_aug_7.csv,134.17,84.44,18.14
3,20130320T013147.670365_11_aug_7.csv,258.89,153.06,16.75
4,20130320T013147.670365_11_aug_7.csv,80.28,25.0,15.92
