,name,c-x,c-y,radius
0,20130320T013027.668727_21_aug_4.csv,108.06005859375,145.2669219970703,18.42
1,20130320T013027.668727_21_aug_4.csv,70.84005737304688,156.93692016601562,18.42
2,20130320T013027.668727_21_aug_4.csv,61.12005615234375,130.82691955566406,18.42
3,20130320T013027.668727_21_aug_4.csv,106.67005920410156,112.76692199707031,19.53
4,20130320T013027.668727_21_aug_4.csv,78.06005859375,91.93692016601562,19.53
5,20130320T013027.668727_21_aug_4.csv,102.51005554199219,71.37692260742188,19.53
