,name,c-x,c-y,radius
0,20130320T004359.801846.Cam6_21_aug_7.csv,177.81,123.75,24.39
1,20130320T004359.801846.Cam6_21_aug_7.csv,159.69,117.81,24.39
2,20130320T004359.801846.Cam6_21_aug_7.csv,170.0,90.94,23.14
