,name,c-x,c-y,radius
0,20130320T005544.959297.Cam6_62_aug_3.csv,222.47283935546875,148.91744995117188,18.7
1,20130320T005544.959297.Cam6_62_aug_3.csv,189.97283935546875,132.8074493408203,17.87
2,20130320T005544.959297.Cam6_62_aug_3.csv,174.14283752441406,108.07745361328125,15.92
3,20130320T005544.959297.Cam6_62_aug_3.csv,121.91283416748047,103.91744995117188,18.7
4,20130320T005544.959297.Cam6_62_aug_3.csv,105.52283477783203,44.46745300292969,24.53
5,20130320T005544.959297.Cam6_62_aug_3.csv,96.08283233642578,121.96745300292969,14.81
