,name,c-x,c-y,radius
0,20130320T005615.817189.Cam6_32_aug_3.csv,227.51785278320312,72.34317779541016,21.2
1,20130320T005615.817189.Cam6_32_aug_3.csv,142.23785400390625,58.73318099975586,23.42
2,20130320T005615.817189.Cam6_32_aug_3.csv,105.28785705566406,75.95317840576172,20.37
