,name,c-x,c-y,radius
0,20130320T004405.706847.Cam6_53_aug_2.csv,226.14796447753906,118.45367431640625,16.58
1,20130320T004405.706847.Cam6_53_aug_2.csv,210.8279571533203,130.32366943359375,13.14
2,20130320T004405.706847.Cam6_53_aug_2.csv,203.01795959472656,97.82367706298828,13.14
3,20130320T004405.706847.Cam6_53_aug_2.csv,178.64796447753906,126.8936767578125,13.14
4,20130320T004405.706847.Cam6_53_aug_2.csv,189.5779571533203,134.07366943359375,13.14
5,20130320T004405.706847.Cam6_53_aug_2.csv,179.5779571533203,139.70367431640625,11.26
