,name,c-x,c-y,radius
0,20130320T004411.421218.Cam6_54_aug_4.csv,92.69,145.31,18.14
1,20130320T004411.421218.Cam6_54_aug_4.csv,10.810000000000002,26.25,16.89
