,name,c-x,c-y,radius
0,20130320T005106.286943.Cam6_32_aug_5.csv,103.21206665039062,69.85211181640625,16.45
