,name,c-x,c-y,radius
0,20130320T005233.907851.Cam6_12_aug_3.csv,89.56385040283203,168.80810546875,19.35
1,20130320T005233.907851.Cam6_12_aug_3.csv,137.31385803222656,170.10809326171875,15.8
2,20130320T005233.907851.Cam6_12_aug_3.csv,121.50385284423828,158.80810546875,12.58
3,20130320T005233.907851.Cam6_12_aug_3.csv,225.05384826660156,122.35810089111328,18.71
4,20130320T005233.907851.Cam6_12_aug_3.csv,274.7338562011719,144.93809509277344,19.35
5,20130320T005233.907851.Cam6_12_aug_3.csv,264.0838623046875,102.03810119628906,15.8
6,20130320T005233.907851.Cam6_12_aug_3.csv,152.1438446044922,158.48809814453125,12.26
