,name,c-x,c-y,radius
0,20130320T004405.706847.Cam6_53_aug_4.csv,108.63343048095703,114.5403060913086,16.58
1,20130320T004405.706847.Cam6_53_aug_4.csv,123.95343017578125,126.41030883789062,13.14
2,20130320T004405.706847.Cam6_53_aug_4.csv,131.76344299316406,93.91030883789062,13.14
3,20130320T004405.706847.Cam6_53_aug_4.csv,156.13343811035156,122.98030853271484,13.14
4,20130320T004405.706847.Cam6_53_aug_4.csv,145.2034454345703,130.16029357910156,13.14
5,20130320T004405.706847.Cam6_53_aug_4.csv,155.2034454345703,135.79029846191406,11.26
