,name,c-x,c-y,radius
0,20130320T013144.051164_52_aug_1.csv,112.44,192.5,15.37
1,20130320T013144.051164_52_aug_1.csv,96.61000000000001,77.78,17.31
