,name,c-x,c-y,radius
0,20130320T005420.576678.Cam6_43_aug_3.csv,119.82185363769531,177.59750366210938,19.35
1,20130320T005420.576678.Cam6_43_aug_3.csv,119.50184631347656,137.59751892089844,17.42
2,20130320T005420.576678.Cam6_43_aug_3.csv,213.0418472290039,135.01751708984375,20.64
