,name,c-x,c-y,radius
0,20130320T013324.243694_43_aug_6.csv,161.10897827148438,73.61956787109375,17.31
