,name,c-x,c-y,radius
0,20130320T005452.005817.Cam6_63_aug_5.csv,49.25262451171875,147.01768493652344,17.87
