,name,c-x,c-y,radius
0,20130320T004757.711657.Cam6_21_aug_2.csv,175.70452880859375,53.186588287353516,17.19
