,name,c-x,c-y,radius
0,20130320T013516.055467_41_aug_7.csv,48.89,133.33,16.75
1,20130320T013516.055467_41_aug_7.csv,149.44,110.28,24.25
2,20130320T013516.055467_41_aug_7.csv,129.72,90.28,22.03
3,20130320T013516.055467_41_aug_7.csv,266.94,12.78,22.03
