,name,c-x,c-y,radius
0,20130320T004531.613372.Cam6_24_aug_7.csv,90.54,110.54,19.61
1,20130320T004531.613372.Cam6_24_aug_7.csv,97.3,79.73,18.53
2,20130320T004531.613372.Cam6_24_aug_7.csv,99.73,64.32,18.53
3,20130320T004531.613372.Cam6_24_aug_7.csv,64.32,49.46,20.15
4,20130320T004531.613372.Cam6_24_aug_7.csv,38.92,70.27,18.8
5,20130320T004531.613372.Cam6_24_aug_7.csv,55.41,94.86,18.8
