,name,c-x,c-y,radius
0,20130320T005044.000731.Cam6_24_aug_0.csv,208.69449615478516,109.88521575927734,19.35
1,20130320T005044.000731.Cam6_24_aug_0.csv,239.66449737548828,92.14521026611328,18.38
2,20130320T005044.000731.Cam6_24_aug_0.csv,119.01449584960938,123.43521881103516,16.77
3,20130320T005044.000731.Cam6_24_aug_0.csv,92.89448547363281,147.30520629882812,18.38
