,name,c-x,c-y,radius
0,20130320T013024.621036_62_aug_3.csv,225.78,31.94,18.7
1,20130320T013024.621036_62_aug_3.csv,183.56,36.67,23.14
