,name,c-x,c-y,radius
0,20130320T013222.909208_53_aug_3.csv,99.66999999999999,57.22,17.03
1,20130320T013222.909208_53_aug_3.csv,33.27999999999997,48.89,17.03
2,20130320T013222.909208_53_aug_3.csv,31.889999999999986,31.11,19.25
3,20130320T013222.909208_53_aug_3.csv,0.5,46.39,17.87
