,name,c-x,c-y,radius
0,20130320T004753.521071.Cam6_54_aug_7.csv,51.54,138.08,17.19
1,20130320T004753.521071.Cam6_54_aug_7.csv,82.31,158.08,16.42
2,20130320T004753.521071.Cam6_54_aug_7.csv,113.08,150.38,14.88
3,20130320T004753.521071.Cam6_54_aug_7.csv,140.0,171.54,14.88
4,20130320T004753.521071.Cam6_54_aug_7.csv,208.46,132.31,14.88
5,20130320T004753.521071.Cam6_54_aug_7.csv,158.85,126.92,14.5
6,20130320T004753.521071.Cam6_54_aug_7.csv,270.0,150.38,14.5
7,20130320T004753.521071.Cam6_54_aug_7.csv,256.15,10.0,14.11
8,20130320T004753.521071.Cam6_54_aug_7.csv,233.08,192.31,13.34
