,name,c-x,c-y,radius
0,20130320T005548.197486.Cam6_34_aug_4.csv,234.447265625,168.4357147216797,25.92
1,20130320T005548.197486.Cam6_34_aug_4.csv,248.33726501464844,101.76571655273438,21.48
2,20130320T005548.197486.Cam6_34_aug_4.csv,245.00726318359375,73.7157211303711,19.81
3,20130320T005548.197486.Cam6_34_aug_4.csv,277.7772521972656,98.15571594238281,18.7
