,name,c-x,c-y,radius
0,20130320T005231.622053.Cam6_11_aug_0.csv,291.4705352783203,109.95695495605469,18.71
1,20130320T005231.622053.Cam6_11_aug_0.csv,275.3405342102051,131.89695739746094,16.45
