,name,c-x,c-y,radius
0,20130320T005017.714559.Cam6_41_aug_0.csv,115.22315979003906,153.30422973632812,20.96
1,20130320T005017.714559.Cam6_41_aug_0.csv,213.2831573486328,61.364227294921875,15.48
