,name,c-x,c-y,radius
0,20130320T004850.855639.Cam6_23_aug_4.csv,8.845062255859375,81.8802490234375,23.22
