,name,c-x,c-y,radius
0,20130320T005546.673706.Cam6_72_aug_6.csv,187.01307678222656,150.9884033203125,16.48
1,20130320T005546.673706.Cam6_72_aug_6.csv,170.06307983398438,147.37840270996094,18.7
