,name,c-x,c-y,radius
0,20130320T005951.821627.Cam6_42_aug_6.csv,304.39,126.11,18.42
1,20130320T005951.821627.Cam6_42_aug_6.csv,299.67,62.5,21.75
2,20130320T005951.821627.Cam6_42_aug_6.csv,279.67,33.61,21.75
3,20130320T005951.821627.Cam6_42_aug_6.csv,263.28,27.78,20.64
4,20130320T005951.821627.Cam6_42_aug_6.csv,199.11,108.06,20.09
5,20130320T005951.821627.Cam6_42_aug_6.csv,23.279999999999973,74.72,19.25
6,20130320T005951.821627.Cam6_42_aug_6.csv,31.610000000000014,108.89,17.87
