,name,c-x,c-y,radius
0,20130320T004429.326331.Cam6_73_aug_0.csv,200.21067810058594,40.500274658203125,15.95
1,20130320T004429.326331.Cam6_73_aug_0.csv,120.21067810058594,84.87027740478516,13.45
