,name,c-x,c-y,radius
0,20130320T004850.855639.Cam6_23_aug_6.csv,30.91607666015625,80.3007583618164,23.22
