,name,c-x,c-y,radius
0,20130320T004401.325755.Cam6_61_aug_1.csv,262.65466690063477,41.49032974243164,14.08
1,20130320T004401.325755.Cam6_61_aug_1.csv,267.3446617126465,52.120330810546875,14.08
2,20130320T004401.325755.Cam6_61_aug_1.csv,262.02466201782227,66.4903335571289,14.08
3,20130320T004401.325755.Cam6_61_aug_1.csv,216.4046630859375,77.7403335571289,14.08
4,20130320T004401.325755.Cam6_61_aug_1.csv,159.524658203125,123.99032592773438,14.08
5,20130320T004401.325755.Cam6_61_aug_1.csv,192.024658203125,143.68032836914062,14.08
6,20130320T004401.325755.Cam6_61_aug_1.csv,203.59466552734375,127.74032592773438,11.26
