,name,c-x,c-y,radius
0,20130320T004946.285290.Cam6_34_aug_0.csv,97.1,51.94,23.87
1,20130320T004946.285290.Cam6_34_aug_0.csv,167.74,47.42,18.38
2,20130320T004946.285290.Cam6_34_aug_0.csv,199.68,27.1,21.61
3,20130320T004946.285290.Cam6_34_aug_0.csv,37.1,110.0,19.03
4,20130320T004946.285290.Cam6_34_aug_0.csv,136.77,173.87,21.61
5,20130320T004946.285290.Cam6_34_aug_0.csv,298.39,197.1,19.35
