,name,c-x,c-y,radius
0,20130320T004807.235605.Cam6_22_aug_4.csv,277.35,37.42,18.38
1,20130320T004807.235605.Cam6_22_aug_4.csv,24.44999999999999,151.29,19.03
2,20130320T004807.235605.Cam6_22_aug_4.csv,23.480000000000018,198.06,19.03
