,name,c-x,c-y,radius
0,20130320T005131.239822.Cam6_11_aug_4.csv,219.6124038696289,70.53504180908203,23.22
1,20130320T005131.239822.Cam6_11_aug_4.csv,270.902400970459,37.955039978027344,21.93
2,20130320T005131.239822.Cam6_11_aug_4.csv,292.52240085601807,60.535037994384766,22.9
3,20130320T005131.239822.Cam6_11_aug_4.csv,253.48240280151367,25.055038452148438,21.61
