,name,c-x,c-y,radius
0,20130320T004849.331732.Cam6_43_aug_1.csv,47.202728271484375,83.59186553955078,28.71
1,20130320T004849.331732.Cam6_43_aug_1.csv,70.74272155761719,93.27186584472656,28.71
2,20130320T004849.331732.Cam6_43_aug_1.csv,48.1627197265625,43.59186553955078,19.67
3,20130320T004849.331732.Cam6_43_aug_1.csv,32.042724609375,37.46186447143555,19.67
4,20130320T004849.331732.Cam6_43_aug_1.csv,29.132720947265625,50.05186462402344,19.67
