,name,c-x,c-y,radius
0,20130320T005812.771975.Cam6_41_aug_5.csv,206.04521942138672,99.52435302734375,21.2
1,20130320T005812.771975.Cam6_41_aug_5.csv,172.1552276611328,93.96435546875,21.2
