,name,c-x,c-y,radius
0,20130320T005229.717262.Cam6_14_aug_1.csv,168.5618438720703,155.90322875976562,16.45
1,20130320T005229.717262.Cam6_14_aug_1.csv,146.95184326171875,135.5732421875,15.8
2,20130320T005229.717262.Cam6_14_aug_1.csv,176.62184143066406,141.063232421875,15.8
