,name,c-x,c-y,radius
0,20130320T005454.863128.Cam6_22_aug_0.csv,130.63388061523438,165.5000457763672,21.75
1,20130320T005454.863128.Cam6_22_aug_0.csv,121.7438735961914,111.05004119873047,19.53
2,20130320T005454.863128.Cam6_22_aug_0.csv,86.7438735961914,106.61003875732422,20.64
