,name,c-x,c-y,radius
0,20130320T004404.373443.Cam6_32_aug_2.csv,67.342529296875,107.94730377197266,24.39
