,name,c-x,c-y,radius
0,20130320T005547.435596.Cam6_42_aug_3.csv,294.11,70.28,25.09
1,20130320T005547.435596.Cam6_42_aug_3.csv,215.5,65.83,27.31
2,20130320T005547.435596.Cam6_42_aug_3.csv,128.83,92.5,25.37
3,20130320T005547.435596.Cam6_42_aug_3.csv,107.44,99.44,23.98
4,20130320T005547.435596.Cam6_42_aug_3.csv,212.17000000000002,177.22,19.53
