,name,c-x,c-y,radius
0,20130320T004743.616122.Cam6_34_aug_7.csv,70.77,65.77,17.96
1,20130320T004743.616122.Cam6_34_aug_7.csv,149.23,66.54,17.96
2,20130320T004743.616122.Cam6_34_aug_7.csv,132.31,63.85,17.96
3,20130320T004743.616122.Cam6_34_aug_7.csv,229.23,117.31,17.96
4,20130320T004743.616122.Cam6_34_aug_7.csv,220.0,135.38,17.96
