,name,c-x,c-y,radius
0,20130320T005927.440129.Cam6_43_aug_5.csv,196.65721130371094,159.49583435058594,24.25
1,20130320T005927.440129.Cam6_43_aug_5.csv,96.93720245361328,157.82583618164062,23.14
2,20130320T005927.440129.Cam6_43_aug_5.csv,67.21720123291016,123.93583679199219,21.2
3,20130320T005927.440129.Cam6_43_aug_5.csv,26.3772029876709,108.66583251953125,21.2
