,name,c-x,c-y,radius
0,20130320T005948.202429.Cam6_43_aug_6.csv,189.2169647216797,94.15496063232422,28.98
1,20130320T005948.202429.Cam6_43_aug_6.csv,244.2169647216797,120.54496002197266,29.53
2,20130320T005948.202429.Cam6_43_aug_6.csv,296.9869689941406,143.04495239257812,26.2
