,name,c-x,c-y,radius
0,20130320T012946.143980_44_aug_0.csv,200.67459106445312,165.91395568847656,24.25
1,20130320T012946.143980_44_aug_0.csv,185.39459228515625,100.63394927978516,23.42
2,20130320T012946.143980_44_aug_0.csv,167.3345947265625,82.85395050048828,24.53
3,20130320T012946.143980_44_aug_0.csv,94.8345947265625,159.24395751953125,21.75
