,name,c-x,c-y,radius
0,20130320T005948.202429.Cam6_43_aug_7.csv,159.17,99.44,28.98
1,20130320T005948.202429.Cam6_43_aug_7.csv,214.17,125.83,29.53
2,20130320T005948.202429.Cam6_43_aug_7.csv,266.94,148.33,26.2
