,name,c-x,c-y,radius
0,20130320T010000.964560.Cam6_42_aug_2.csv,279.6803035736084,92.13902282714844,20.64
1,20130320T010000.964560.Cam6_42_aug_2.csv,233.8403091430664,146.5790252685547,22.31
2,20130320T010000.964560.Cam6_42_aug_2.csv,192.45030975341797,134.0790252685547,22.31
3,20130320T010000.964560.Cam6_42_aug_2.csv,111.34030151367188,157.6990203857422,20.09
4,20130320T010000.964560.Cam6_42_aug_2.csv,80.51029968261719,144.9190216064453,23.98
