,name,c-x,c-y,radius
0,20130320T004708.186750.Cam6_31_aug_2.csv,32.76,82.76,20.3
1,20130320T004708.186750.Cam6_31_aug_2.csv,16.9,76.55,20.3
2,20130320T004708.186750.Cam6_31_aug_2.csv,28.62,112.76,19.96
3,20130320T004708.186750.Cam6_31_aug_2.csv,19.31,115.52,17.89
4,20130320T004708.186750.Cam6_31_aug_2.csv,27.24,139.31,19.27
5,20130320T004708.186750.Cam6_31_aug_2.csv,38.97,160.69,17.54
6,20130320T004708.186750.Cam6_31_aug_2.csv,74.14,162.07,17.54
