,name,c-x,c-y,radius
0,20130320T004418.278486.Cam6_51_aug_2.csv,194.73471069335938,113.71372985839844,14.7
1,20130320T004418.278486.Cam6_51_aug_2.csv,215.66470336914062,93.08372497558594,14.7
