,name,c-x,c-y,radius
0,20130320T004552.756699.Cam6_21_aug_6.csv,115.1156005859375,124.69810485839844,15.27
