,name,c-x,c-y,radius
0,20130320T005912.201684.Cam6_63_aug_4.csv,165.02915954589844,54.59507751464844,22.59
