,name,c-x,c-y,radius
0,20130320T005452.005817.Cam6_63_aug_1.csv,70.50131225585938,116.97303771972656,17.87
