,name,c-x,c-y,radius
0,20130320T005241.907895.Cam6_64_aug_4.csv,243.93146514892578,120.94981384277344,15.48
1,20130320T005241.907895.Cam6_64_aug_4.csv,79.42146301269531,103.19981384277344,16.77
