,name,c-x,c-y,radius
0,20130320T013607.485145_32_aug_0.csv,226.1579132080078,122.8555908203125,21.48
