,name,c-x,c-y,radius
0,20130320T013320.243612_41_aug_6.csv,189.34645080566406,166.76087951660156,17.59
1,20130320T013320.243612_41_aug_6.csv,182.4064483642578,134.54087829589844,17.59
2,20130320T013320.243612_41_aug_6.csv,52.956451416015625,129.54087829589844,19.25
3,20130320T013320.243612_41_aug_6.csv,79.34645080566406,115.93087768554688,17.59
