,name,c-x,c-y,radius
0,20130320T004401.325755.Cam6_61_aug_0.csv,239.10234832763672,55.85752487182617,14.08
1,20130320T004401.325755.Cam6_61_aug_0.csv,243.79234313964844,66.4875259399414,14.08
2,20130320T004401.325755.Cam6_61_aug_0.csv,238.47234344482422,80.85752868652344,14.08
3,20130320T004401.325755.Cam6_61_aug_0.csv,192.85234832763672,92.10752868652344,14.08
4,20130320T004401.325755.Cam6_61_aug_0.csv,135.9723358154297,138.35751342773438,14.08
5,20130320T004401.325755.Cam6_61_aug_0.csv,168.4723358154297,158.04751586914062,14.08
6,20130320T004401.325755.Cam6_61_aug_0.csv,180.04235076904297,142.10751342773438,11.26
