,name,c-x,c-y,radius
0,20130320T013523.865255_13_aug_3.csv,150.14292907714844,110.68891906738281,24.25
1,20130320T013523.865255_13_aug_3.csv,144.03292846679688,150.12892150878906,20.37
2,20130320T013523.865255_13_aug_3.csv,106.2529296875,142.07891845703125,20.92
3,20130320T013523.865255_13_aug_3.csv,124.86293029785156,94.57891845703125,20.37
4,20130320T013523.865255_13_aug_3.csv,104.03292846679688,99.29891967773438,19.81
5,20130320T013523.865255_13_aug_3.csv,232.9229278564453,48.18891906738281,19.81
6,20130320T013523.865255_13_aug_3.csv,183.7529296875,44.298919677734375,19.81
