,name,c-x,c-y,radius
0,20130320T005131.239822.Cam6_11_aug_6.csv,170.10707092285156,76.7500228881836,23.22
1,20130320T005131.239822.Cam6_11_aug_6.csv,221.39706420898438,44.17002487182617,21.93
2,20130320T005131.239822.Cam6_11_aug_6.csv,243.0170669555664,66.7500228881836,22.9
3,20130320T005131.239822.Cam6_11_aug_6.csv,203.97706604003906,31.270021438598633,21.61
