,name,c-x,c-y,radius
0,20130320T004749.139980.Cam6_12_aug_7.csv,171.92,158.46,19.5
1,20130320T004749.139980.Cam6_12_aug_7.csv,155.77,124.62,17.96
2,20130320T004749.139980.Cam6_12_aug_7.csv,178.46,178.08,17.96
3,20130320T004749.139980.Cam6_12_aug_7.csv,167.31,12.31,15.27
4,20130320T004749.139980.Cam6_12_aug_7.csv,149.62,32.31,15.27
