,name,c-x,c-y,radius
0,20130320T005409.338327.Cam6_42_aug_4.csv,60.42315673828125,158.1685791015625,21.61
