,name,c-x,c-y,radius
0,20130320T005619.626768.Cam6_12_aug_6.csv,96.44967651367188,104.58757019042969,26.2
