,name,c-x,c-y,radius
0,20130320T004556.947162.Cam6_34_aug_2.csv,235.74555206298828,107.4658203125,14.11
