,name,c-x,c-y,radius
0,20130320T005232.955331.Cam6_43_aug_2.csv,199.29000000000002,178.39,21.61
1,20130320T005232.955331.Cam6_43_aug_2.csv,178.0,144.52,20.0
2,20130320T005232.955331.Cam6_43_aug_2.csv,173.16,127.1,20.0
3,20130320T005232.955331.Cam6_43_aug_2.csv,1.8700000000000045,114.84,20.0
