,name,c-x,c-y,radius
0,20130320T005036.762582.Cam6_52_aug_2.csv,248.65,123.87,15.16
1,20130320T005036.762582.Cam6_52_aug_2.csv,268.0,120.97,13.87
2,20130320T005036.762582.Cam6_52_aug_2.csv,288.0,109.68,13.87
3,20130320T005036.762582.Cam6_52_aug_2.csv,294.13,89.68,15.16
