,name,c-x,c-y,radius
0,20130320T012947.096377_41_aug_3.csv,119.59547424316406,77.99822998046875,23.14
1,20130320T012947.096377_41_aug_3.csv,129.32546997070312,46.32823181152344,23.14
2,20130320T012947.096377_41_aug_3.csv,163.4854736328125,54.10823059082031,22.31
3,20130320T012947.096377_41_aug_3.csv,159.32546997070312,77.99822998046875,22.31
4,20130320T012947.096377_41_aug_3.csv,212.6554718017578,44.38822937011719,22.87
