,name,c-x,c-y,radius
0,20130320T004757.902037.Cam6_42_aug_6.csv,160.33169555664062,136.66395568847656,20.65
1,20130320T004757.902037.Cam6_42_aug_6.csv,133.4116973876953,135.1339569091797,18.73
2,20130320T004757.902037.Cam6_42_aug_6.csv,93.79168701171875,82.43394470214844,19.11
3,20130320T004757.902037.Cam6_42_aug_6.csv,55.33168029785156,77.05394744873047,18.34
4,20130320T004757.902037.Cam6_42_aug_6.csv,215.7116928100586,91.28394317626953,18.34
