,name,c-x,c-y,radius
0,20130320T005229.717262.Cam6_14_aug_2.csv,163.46226501464844,155.1310577392578,16.45
1,20130320T005229.717262.Cam6_14_aug_2.csv,141.85226440429688,134.8010711669922,15.8
2,20130320T005229.717262.Cam6_14_aug_2.csv,171.5222625732422,140.2910614013672,15.8
