,name,c-x,c-y,radius
0,20130320T013430.340287_53_aug_6.csv,66.28157806396484,144.82960510253906,29.53
1,20130320T013430.340287_53_aug_6.csv,120.45157623291016,154.5496063232422,29.53
