,name,c-x,c-y,radius
0,20130320T012945.382090_14_aug_5.csv,204.16693878173828,183.05174255371094,19.25
1,20130320T012945.382090_14_aug_5.csv,173.0569305419922,148.05174255371094,19.25
2,20130320T012945.382090_14_aug_5.csv,201.3869400024414,144.17173767089844,19.25
3,20130320T012945.382090_14_aug_5.csv,208.3369369506836,135.00173950195312,19.25
4,20130320T012945.382090_14_aug_5.csv,190.8369369506836,108.05175018310547,21.48
5,20130320T012945.382090_14_aug_5.csv,168.0569305419922,73.8917465209961,19.81
6,20130320T012945.382090_14_aug_5.csv,156.11692810058594,45.831748962402344,20.92
