,name,c-x,c-y,radius
0,20130320T013433.197472_41_aug_5.csv,269.67,126.94,20.37
1,20130320T013433.197472_41_aug_5.csv,220.5,130.83,22.87
2,20130320T013433.197472_41_aug_5.csv,33.27999999999997,175.28,23.42
