,name,c-x,c-y,radius
0,20130320T013512.055389_22_aug_3.csv,82.88490295410156,139.20681762695312,19.25
1,20130320T013512.055389_22_aug_3.csv,68.43490600585938,119.48681640625,22.03
2,20130320T013512.055389_22_aug_3.csv,68.1549072265625,100.8668212890625,20.92
3,20130320T013512.055389_22_aug_3.csv,66.21490478515625,61.706817626953125,20.92
4,20130320T013512.055389_22_aug_3.csv,99.54490661621094,78.64682006835938,20.92
5,20130320T013512.055389_22_aug_3.csv,113.99490356445312,116.14682006835938,20.92
6,20130320T013512.055389_22_aug_3.csv,167.6049041748047,66.14682006835938,20.37
7,20130320T013512.055389_22_aug_3.csv,100.10490417480469,65.59681701660156,20.37
