,name,c-x,c-y,radius
0,20130320T013505.769640_52_aug_3.csv,121.751953125,108.05345153808594,15.92
1,20130320T013505.769640_52_aug_3.csv,123.41195678710938,97.50344848632812,15.92
