,name,c-x,c-y,radius
0,20130320T004711.424944.Cam6_51_aug_0.csv,119.53999999999999,63.08,17.19
1,20130320T004711.424944.Cam6_51_aug_0.csv,274.15,146.54,16.03
2,20130320T004711.424944.Cam6_51_aug_0.csv,279.15,18.85,16.03
3,20130320T004711.424944.Cam6_51_aug_0.csv,76.46000000000001,153.08,12.96
4,20130320T004711.424944.Cam6_51_aug_0.csv,9.54000000000002,176.54,15.27
5,20130320T004711.424944.Cam6_51_aug_0.csv,37.23000000000002,194.62,15.27
