,name,c-x,c-y,radius
0,20130320T004526.089376.Cam6_33_aug_5.csv,162.22145080566406,75.25094604492188,17.2
