,name,c-x,c-y,radius
0,20130320T010006.488549.Cam6_23_aug_1.csv,219.17,171.94,21.48
1,20130320T010006.488549.Cam6_23_aug_1.csv,276.39,163.06,25.64
2,20130320T010006.488549.Cam6_23_aug_1.csv,264.44,34.72,22.31
3,20130320T010006.488549.Cam6_23_aug_1.csv,55.0,54.72,23.14
4,20130320T010006.488549.Cam6_23_aug_1.csv,93.33,22.78,23.14
