,name,c-x,c-y,radius
0,20130320T004708.948641.Cam6_62_aug_6.csv,267.24,28.97,16.51
1,20130320T004708.948641.Cam6_62_aug_6.csv,240.0,31.72,17.2
2,20130320T004708.948641.Cam6_62_aug_6.csv,284.83,51.38,18.58
3,20130320T004708.948641.Cam6_62_aug_6.csv,251.03,70.0,16.51
4,20130320T004708.948641.Cam6_62_aug_6.csv,237.59,86.9,17.54
5,20130320T004708.948641.Cam6_62_aug_6.csv,182.07,189.66,16.85
