,name,c-x,c-y,radius
0,20130320T012945.382090_14_aug_2.csv,202.91880798339844,168.66629028320312,19.25
1,20130320T012945.382090_14_aug_2.csv,171.80880737304688,133.66629028320312,19.25
2,20130320T012945.382090_14_aug_2.csv,200.13880920410156,129.78628540039062,19.25
3,20130320T012945.382090_14_aug_2.csv,207.08880615234375,120.61629486083984,19.25
4,20130320T012945.382090_14_aug_2.csv,189.58880615234375,93.66629791259766,21.48
5,20130320T012945.382090_14_aug_2.csv,166.80880737304688,59.50629425048828,19.81
6,20130320T012945.382090_14_aug_2.csv,154.86880493164062,31.4462947845459,20.92
