,name,c-x,c-y,radius
0,20130320T004849.903118.Cam6_43_aug_4.csv,291.55,40.0,25.16
1,20130320T004849.903118.Cam6_43_aug_4.csv,176.71,88.71,27.09
2,20130320T004849.903118.Cam6_43_aug_4.csv,124.44999999999999,64.52,29.35
3,20130320T004849.903118.Cam6_43_aug_4.csv,129.29,143.23,27.74
4,20130320T004849.903118.Cam6_43_aug_4.csv,171.87,168.71,26.45
5,20130320T004849.903118.Cam6_43_aug_4.csv,129.29,158.39,26.45
6,20130320T004849.903118.Cam6_43_aug_4.csv,232.51999999999998,69.35,21.93
