,name,c-x,c-y,radius
0,20130320T012851.285745_42_aug_7.csv,29.44,92.5,15.37
1,20130320T012851.285745_42_aug_7.csv,61.67,65.0,15.37
2,20130320T012851.285745_42_aug_7.csv,84.44,62.78,14.81
3,20130320T012851.285745_42_aug_7.csv,123.33,50.0,14.25
4,20130320T012851.285745_42_aug_7.csv,224.72,56.39,14.81
5,20130320T012851.285745_42_aug_7.csv,245.83,87.78,13.7
6,20130320T012851.285745_42_aug_7.csv,250.56,69.44,12.87
7,20130320T012851.285745_42_aug_7.csv,295.0,108.89,14.53
