,name,c-x,c-y,radius
0,20130320T005929.916304.Cam6_22_aug_1.csv,111.39351654052734,17.72504234313965,22.59
1,20130320T005929.916304.Cam6_22_aug_1.csv,68.3335189819336,112.16504669189453,22.59
2,20130320T005929.916304.Cam6_22_aug_1.csv,89.44351959228516,148.8350372314453,21.75
