,name,c-x,c-y,radius
0,20130320T013431.483186_53_aug_4.csv,145.56,189.17,18.98
1,20130320T013431.483186_53_aug_4.csv,218.61,193.61,17.87
2,20130320T013431.483186_53_aug_4.csv,253.06,120.0,18.7
3,20130320T013431.483186_53_aug_4.csv,202.5,108.89,19.81
4,20130320T013431.483186_53_aug_4.csv,41.39,79.72,18.7
