,name,c-x,c-y,radius
0,20130320T013333.386760_33_aug_2.csv,73.58960723876953,77.44050598144531,22.31
1,20130320T013333.386760_33_aug_2.csv,54.97960662841797,118.55050659179688,25.64
2,20130320T013333.386760_33_aug_2.csv,8.309605598449707,42.1605110168457,25.64
