,name,c-x,c-y,radius
0,20130320T005017.714559.Cam6_41_aug_5.csv,239.87657165527344,133.3662872314453,20.96
1,20130320T005017.714559.Cam6_41_aug_5.csv,141.8165740966797,41.426292419433594,15.48
