,name,c-x,c-y,radius
0,20130320T005735.247332.Cam6_43_aug_6.csv,189.97116088867188,105.30778503417969,25.09
