,name,c-x,c-y,radius
0,20130320T005948.202429.Cam6_43_aug_5.csv,151.1768798828125,116.63847351074219,28.98
1,20130320T005948.202429.Cam6_43_aug_5.csv,206.1768798828125,143.02847290039062,29.53
2,20130320T005948.202429.Cam6_43_aug_5.csv,258.9468688964844,165.52847290039062,26.2
