,name,c-x,c-y,radius
0,20130320T013438.530959_31_aug_5.csv,177.72,100.56,21.48
1,20130320T013438.530959_31_aug_5.csv,287.44,37.22,21.48
2,20130320T013438.530959_31_aug_5.csv,295.5,5.83,21.48
3,20130320T013438.530959_31_aug_5.csv,55.78,18.89,19.53
