,name,c-x,c-y,radius
0,20130320T004556.947162.Cam6_34_aug_5.csv,239.6624984741211,105.73294830322266,14.11
