,name,c-x,c-y,radius
0,20130320T005759.057320.Cam6_52_aug_7.csv,142.78,131.67,17.31
1,20130320T005759.057320.Cam6_52_aug_7.csv,174.17,135.56,17.87
2,20130320T005759.057320.Cam6_52_aug_7.csv,243.33,179.44,17.03
3,20130320T005759.057320.Cam6_52_aug_7.csv,196.39,32.22,18.42
