,name,c-x,c-y,radius
0,20130320T005029.143298.Cam6_11_aug_5.csv,173.16,176.45,19.35
1,20130320T005029.143298.Cam6_11_aug_5.csv,166.71,150.65,19.35
2,20130320T005029.143298.Cam6_11_aug_5.csv,189.61,167.42,19.35
3,20130320T005029.143298.Cam6_11_aug_5.csv,136.71,163.55,19.35
4,20130320T005029.143298.Cam6_11_aug_5.csv,154.13,137.74,19.35
5,20130320T005029.143298.Cam6_11_aug_5.csv,131.55,105.16,17.09
6,20130320T005029.143298.Cam6_11_aug_5.csv,162.84,79.35,15.48
7,20130320T005029.143298.Cam6_11_aug_5.csv,170.26,111.29,17.74
8,20130320T005029.143298.Cam6_11_aug_5.csv,146.06,32.58,16.77
