,name,c-x,c-y,radius
0,20130320T005548.197486.Cam6_34_aug_2.csv,196.18824768066406,160.31149291992188,25.92
1,20130320T005548.197486.Cam6_34_aug_2.csv,210.0782470703125,93.64149475097656,21.48
2,20130320T005548.197486.Cam6_34_aug_2.csv,206.7482452392578,65.59149932861328,19.81
3,20130320T005548.197486.Cam6_34_aug_2.csv,239.51824951171875,90.031494140625,18.7
