,name,c-x,c-y,radius
0,20130320T004715.425029.Cam6_73_aug_0.csv,198.26895904541016,78.57498931884766,12.57
1,20130320T004715.425029.Cam6_73_aug_0.csv,144.8089599609375,60.50498962402344,11.8
