,name,c-x,c-y,radius
0,20130320T004526.089376.Cam6_33_aug_4.csv,119.59056091308594,98.3830337524414,17.2
