,name,c-x,c-y,radius
0,20130320T005552.197570.Cam6_62_aug_2.csv,159.11,68.89,16.75
1,20130320T005552.197570.Cam6_62_aug_2.csv,163.83,24.44,21.48
2,20130320T005552.197570.Cam6_62_aug_2.csv,120.5,6.11,22.31
3,20130320T005552.197570.Cam6_62_aug_2.csv,34.670000000000016,52.5,19.81
