,name,c-x,c-y,radius
0,20130320T005041.905438.Cam6_24_aug_4.csv,290.13946533203125,152.16714477539062,16.13
1,20130320T005041.905438.Cam6_24_aug_4.csv,270.7794494628906,114.74713897705078,16.13
