,name,c-x,c-y,radius
0,20130320T005233.907851.Cam6_12_aug_1.csv,246.3166046142578,134.17092895507812,19.35
1,20130320T005233.907851.Cam6_12_aug_1.csv,198.5666046142578,135.47091674804688,15.8
2,20130320T005233.907851.Cam6_12_aug_1.csv,214.37660217285156,124.17092895507812,12.58
3,20130320T005233.907851.Cam6_12_aug_1.csv,110.82659912109375,87.7209243774414,18.71
4,20130320T005233.907851.Cam6_12_aug_1.csv,61.14659881591797,110.3009262084961,19.35
5,20130320T005233.907851.Cam6_12_aug_1.csv,71.79660034179688,67.40092468261719,15.8
6,20130320T005233.907851.Cam6_12_aug_1.csv,183.73660278320312,123.85092163085938,12.26
