,name,c-x,c-y,radius
0,20130320T005306.479898.Cam6_64_aug_7.csv,2.58,46.77,15.16
1,20130320T005306.479898.Cam6_64_aug_7.csv,153.23,96.45,12.9
