,name,c-x,c-y,radius
0,20130320T012837.190206_21_aug_2.csv,225.6171417236328,115.344970703125,14.81
1,20130320T012837.190206_21_aug_2.csv,151.45713806152344,111.73497009277344,17.31
