,name,c-x,c-y,radius
0,20130320T013701.772015_23_aug_4.csv,234.02849578857422,69.24174499511719,19.25
1,20130320T013701.772015_23_aug_4.csv,265.9684944152832,31.191740036010742,17.31
