,name,c-x,c-y,radius
0,20130320T004617.709587.Cam6_31_aug_1.csv,229.31,154.83,17.2
1,20130320T004617.709587.Cam6_31_aug_1.csv,234.83,176.9,17.2
2,20130320T004617.709587.Cam6_31_aug_1.csv,266.21,173.1,18.58
3,20130320T004617.709587.Cam6_31_aug_1.csv,262.07,194.48,16.51
4,20130320T004617.709587.Cam6_31_aug_1.csv,249.66,143.45,15.82
