,name,c-x,c-y,radius
0,20130320T004534.280053.Cam6_73_aug_3.csv,124.76376342773438,148.52182006835938,16.64
