,name,c-x,c-y,radius
0,20130320T013230.337859_32_aug_4.csv,224.39,26.67,15.09
1,20130320T013230.337859_32_aug_4.csv,211.61,34.44,14.25
2,20130320T013230.337859_32_aug_4.csv,195.78,19.72,14.25
