,name,c-x,c-y,radius
0,20130320T012820.428000_21_aug_1.csv,198.41461944580078,100.88459014892578,17.87
1,20130320T012820.428000_21_aug_1.csv,103.96463012695312,140.05459594726562,17.87
2,20130320T012820.428000_21_aug_1.csv,100.35462951660156,108.38459014892578,18.98
3,20130320T012820.428000_21_aug_1.csv,67.85462951660156,123.38459014892578,19.81
