,name,c-x,c-y,radius
0,20130320T004856.379504.Cam6_22_aug_0.csv,247.03,16.45,20.64
1,20130320T004856.379504.Cam6_22_aug_0.csv,223.48000000000002,29.68,19.35
2,20130320T004856.379504.Cam6_22_aug_0.csv,120.9,6.77,15.48
3,20130320T004856.379504.Cam6_22_aug_0.csv,74.77000000000001,65.48,19.03
4,20130320T004856.379504.Cam6_22_aug_0.csv,47.02999999999997,73.55,17.09
5,20130320T004856.379504.Cam6_22_aug_0.csv,216.70999999999998,150.0,18.06
6,20130320T004856.379504.Cam6_22_aug_0.csv,238.32,164.84,17.09
7,20130320T004856.379504.Cam6_22_aug_0.csv,203.81,180.97,14.84
8,20130320T004856.379504.Cam6_22_aug_0.csv,105.1,139.35,17.09
