,name,c-x,c-y,radius
0,20130320T005037.333969.Cam6_53_aug_4.csv,160.6607208251953,141.2047576904297,16.45
1,20130320T005037.333969.Cam6_53_aug_4.csv,188.73072814941406,135.39476013183594,16.45
2,20130320T005037.333969.Cam6_53_aug_4.csv,217.4407196044922,107.6547622680664,16.45
3,20130320T005037.333969.Cam6_53_aug_4.csv,222.2807159423828,123.134765625,16.45
4,20130320T005037.333969.Cam6_53_aug_4.csv,229.3707275390625,85.39476013183594,15.48
5,20130320T005037.333969.Cam6_53_aug_4.csv,172.2807159423828,111.84476470947266,15.48
6,20130320T005037.333969.Cam6_53_aug_4.csv,142.60072326660156,145.39476013183594,15.48
