,name,c-x,c-y,radius
0,20130320T005649.151124.Cam6_33_aug_1.csv,196.04135131835938,97.5250473022461,20.37
1,20130320T005649.151124.Cam6_33_aug_1.csv,170.2113494873047,68.91504669189453,23.98
