,name,c-x,c-y,radius
0,20130320T013321.386510_31_aug_2.csv,242.17000000000002,7.22,16.75
1,20130320T013321.386510_31_aug_2.csv,215.5,196.11,12.31
2,20130320T013321.386510_31_aug_2.csv,153.28,129.72,17.59
3,20130320T013321.386510_31_aug_2.csv,110.22,136.94,17.59
4,20130320T013321.386510_31_aug_2.csv,86.33000000000001,128.06,17.59
5,20130320T013321.386510_31_aug_2.csv,76.06,134.44,17.59
6,20130320T013321.386510_31_aug_2.csv,28.279999999999973,124.44,17.59
