,name,c-x,c-y,radius
0,20130320T005455.053505.Cam6_63_aug_5.csv,158.28,177.78,14.81
1,20130320T005455.053505.Cam6_63_aug_5.csv,39.110000000000014,121.94,13.7
2,20130320T005455.053505.Cam6_63_aug_5.csv,298.28,52.5,14.81
3,20130320T005455.053505.Cam6_63_aug_5.csv,159.67,30.83,13.98
