,name,c-x,c-y,radius
0,20130320T013217.956608_31_aug_2.csv,130.59860229492188,69.15898895263672,27.87
1,20130320T013217.956608_31_aug_2.csv,83.65859985351562,81.09899139404297,26.48
