,name,c-x,c-y,radius
0,20130320T004719.806124.Cam6_32_aug_4.csv,260.2684326171875,89.65958404541016,17.96
1,20130320T004719.806124.Cam6_32_aug_4.csv,272.1984329223633,49.26958465576172,17.96
2,20130320T004719.806124.Cam6_32_aug_4.csv,287.19843101501465,130.80958557128906,14.88
