,name,c-x,c-y,radius
0,20130320T005739.818800.Cam6_43_aug_5.csv,144.94,198.06,19.53
1,20130320T005739.818800.Cam6_43_aug_5.csv,22.720000000000027,155.56,19.53
2,20130320T005739.818800.Cam6_43_aug_5.csv,240.5,141.39,20.64
3,20130320T005739.818800.Cam6_43_aug_5.csv,196.89,97.5,19.81
4,20130320T005739.818800.Cam6_43_aug_5.csv,198.82999999999998,56.94,21.2
5,20130320T005739.818800.Cam6_43_aug_5.csv,236.89,81.11,18.42
