,name,c-x,c-y,radius
0,20130320T005221.907478.Cam6_33_aug_2.csv,279.94,111.29,24.19
1,20130320T005221.907478.Cam6_33_aug_2.csv,29.939999999999998,31.61,24.19
