,name,c-x,c-y,radius
0,20130320T005943.440459.Cam6_44_aug_1.csv,21.610000000000014,157.78,18.14
1,20130320T005943.440459.Cam6_44_aug_1.csv,124.66999999999999,135.83,18.7
2,20130320T005943.440459.Cam6_44_aug_1.csv,235.5,133.06,19.25
3,20130320T005943.440459.Cam6_44_aug_1.csv,294.39,115.83,21.2
4,20130320T005943.440459.Cam6_44_aug_1.csv,261.33,88.61,24.25
5,20130320T005943.440459.Cam6_44_aug_1.csv,90.22,28.61,17.59
6,20130320T005943.440459.Cam6_44_aug_1.csv,69.11000000000001,14.72,17.59
7,20130320T005943.440459.Cam6_44_aug_1.csv,31.610000000000014,17.22,19.81
8,20130320T005943.440459.Cam6_44_aug_1.csv,23.0,47.22,18.42
