,name,c-x,c-y,radius
0,20130320T005233.336339.Cam6_71_aug_1.csv,46.726566314697266,115.15227508544922,13.87
1,20130320T005233.336339.Cam6_71_aug_1.csv,94.14656829833984,52.25227355957031,11.61
2,20130320T005233.336339.Cam6_71_aug_1.csv,144.79656982421875,70.9522705078125,11.61
3,20130320T005233.336339.Cam6_71_aug_1.csv,159.3065643310547,79.99227142333984,11.61
4,20130320T005233.336339.Cam6_71_aug_1.csv,198.66656494140625,115.15227508544922,12.9
5,20130320T005233.336339.Cam6_71_aug_1.csv,166.4065704345703,101.28227233886719,10.64
