,name,c-x,c-y,radius
0,20130320T004757.902037.Cam6_42_aug_1.csv,155.09759521484375,119.0720443725586,20.65
1,20130320T004757.902037.Cam6_42_aug_1.csv,128.17759704589844,117.54204559326172,18.73
2,20130320T004757.902037.Cam6_42_aug_1.csv,88.55758666992188,64.842041015625,19.11
3,20130320T004757.902037.Cam6_42_aug_1.csv,50.097564697265625,59.4620475769043,18.34
4,20130320T004757.902037.Cam6_42_aug_1.csv,210.47759246826172,73.6920394897461,18.34
