,name,c-x,c-y,radius
0,20130320T004757.902037.Cam6_42_aug_2.csv,178.63397216796875,107.178955078125,20.65
1,20130320T004757.902037.Cam6_42_aug_2.csv,205.55397033691406,105.64895629882812,18.73
2,20130320T004757.902037.Cam6_42_aug_2.csv,245.17398071289062,52.948951721191406,19.11
3,20130320T004757.902037.Cam6_42_aug_2.csv,283.6340026855469,47.56895446777344,18.34
4,20130320T004757.902037.Cam6_42_aug_2.csv,123.25397491455078,61.7989501953125,18.34
