,name,c-x,c-y,radius
0,20130320T005927.440129.Cam6_43_aug_3.csv,180.8402099609375,179.21775817871094,24.25
1,20130320T005927.440129.Cam6_43_aug_3.csv,81.12020874023438,177.54776000976562,23.14
2,20130320T005927.440129.Cam6_43_aug_3.csv,51.400211334228516,143.6577606201172,21.2
3,20130320T005927.440129.Cam6_43_aug_3.csv,10.560210227966309,128.38775634765625,21.2
