,name,c-x,c-y,radius
0,20130320T005757.152532.Cam6_11_aug_2.csv,56.94413757324219,165.67340087890625,19.53
1,20130320T005757.152532.Cam6_11_aug_2.csv,18.894134521484375,138.17340087890625,20.09
2,20130320T005757.152532.Cam6_11_aug_2.csv,15.8341064453125,57.343406677246094,21.48
3,20130320T005757.152532.Cam6_11_aug_2.csv,6.394134521484375,79.28340911865234,19.53
