,name,c-x,c-y,radius
0,20130320T013320.243612_41_aug_2.csv,79.29537200927734,147.96963500976562,17.59
1,20130320T013320.243612_41_aug_2.csv,86.2353744506836,115.7496337890625,17.59
2,20130320T013320.243612_41_aug_2.csv,215.6853790283203,110.7496337890625,19.25
3,20130320T013320.243612_41_aug_2.csv,189.29537963867188,97.13963317871094,17.59
