,name,c-x,c-y,radius
0,20130320T005101.715349.Cam6_24_aug_7.csv,42.9,192.9,20.32
1,20130320T005101.715349.Cam6_24_aug_7.csv,39.35,137.74,19.67
2,20130320T005101.715349.Cam6_24_aug_7.csv,4.84,124.52,19.03
3,20130320T005101.715349.Cam6_24_aug_7.csv,38.39,99.35,21.93
4,20130320T005101.715349.Cam6_24_aug_7.csv,54.84,60.32,20.64
5,20130320T005101.715349.Cam6_24_aug_7.csv,81.29,46.77,20.64
