,name,c-x,c-y,radius
0,20130320T005037.333969.Cam6_53_aug_5.csv,166.3498992919922,125.5859603881836,16.45
1,20130320T005037.333969.Cam6_53_aug_5.csv,194.41990661621094,119.77596282958984,16.45
2,20130320T005037.333969.Cam6_53_aug_5.csv,223.12989807128906,92.03596496582031,16.45
3,20130320T005037.333969.Cam6_53_aug_5.csv,227.9698944091797,107.5159683227539,16.45
4,20130320T005037.333969.Cam6_53_aug_5.csv,235.05990600585938,69.77596282958984,15.48
5,20130320T005037.333969.Cam6_53_aug_5.csv,177.9698944091797,96.22596740722656,15.48
6,20130320T005037.333969.Cam6_53_aug_5.csv,148.28990173339844,129.77597045898438,15.48
