,name,c-x,c-y,radius
0,20130320T005233.907851.Cam6_12_aug_6.csv,60.97477722167969,146.8065948486328,19.35
1,20130320T005233.907851.Cam6_12_aug_6.csv,108.72478485107422,148.10658264160156,15.8
2,20130320T005233.907851.Cam6_12_aug_6.csv,92.91477966308594,136.8065948486328,12.58
3,20130320T005233.907851.Cam6_12_aug_6.csv,196.46478271484375,100.35658264160156,18.71
4,20130320T005233.907851.Cam6_12_aug_6.csv,246.144775390625,122.93658447265625,19.35
5,20130320T005233.907851.Cam6_12_aug_6.csv,235.49478149414062,80.03658294677734,15.8
6,20130320T005233.907851.Cam6_12_aug_6.csv,123.55477905273438,136.48658752441406,12.26
