,name,c-x,c-y,radius
0,20130320T004425.516756.Cam6_43_aug_0.csv,112.47303771972656,168.78160095214844,11.89
1,20130320T004425.516756.Cam6_43_aug_0.csv,131.5330352783203,170.3516082763672,11.26
