,name,c-x,c-y,radius
0,20130320T013607.485145_32_aug_6.csv,180.20616149902344,113.7582778930664,21.48
