,name,c-x,c-y,radius
0,20130320T004927.999164.Cam6_31_aug_1.csv,82.36836242675781,132.591064453125,22.58
1,20130320T004927.999164.Cam6_31_aug_1.csv,123.01837158203125,143.56106567382812,20.64
2,20130320T004927.999164.Cam6_31_aug_1.csv,111.72836303710938,53.88105773925781,19.67
