,name,c-x,c-y,radius
0,20130320T005441.910362.Cam6_34_aug_6.csv,183.61012268066406,142.5489501953125,20.37
1,20130320T005441.910362.Cam6_34_aug_6.csv,95.28012084960938,55.888946533203125,17.31
