,name,c-x,c-y,radius
0,20130320T004931.046852.Cam6_32_aug_1.csv,231.2902374267578,180.09349060058594,22.58
