,name,c-x,c-y,radius
0,20130320T013319.291217_42_aug_5.csv,264.44,123.06,18.14
1,20130320T013319.291217_42_aug_5.csv,184.17,101.11,16.48
2,20130320T013319.291217_42_aug_5.csv,152.22,106.39,18.7
3,20130320T013319.291217_42_aug_5.csv,116.11,109.72,18.14
4,20130320T013319.291217_42_aug_5.csv,81.11,110.83,18.7
5,20130320T013319.291217_42_aug_5.csv,31.94,100.56,18.42
6,20130320T013319.291217_42_aug_5.csv,54.72,55.56,16.48
