,name,c-x,c-y,radius
0,20130320T013607.104137_43_aug_1.csv,146.16726684570312,132.40435791015625,18.98
1,20130320T013607.104137_43_aug_1.csv,202.55726623535156,93.79434967041016,18.98
2,20130320T013607.104137_43_aug_1.csv,84.77725982666016,60.734352111816406,21.48
