,name,c-x,c-y,radius
0,20130320T005614.102778.Cam6_73_aug_0.csv,185.3528289794922,161.74542236328125,14.53
