,name,c-x,c-y,radius
0,20130320T004715.425029.Cam6_73_aug_4.csv,225.86476135253906,63.99373245239258,12.57
1,20130320T004715.425029.Cam6_73_aug_4.csv,172.40475463867188,45.923736572265625,11.8
