,name,c-x,c-y,radius
0,20130320T005803.819293.Cam6_44_aug_1.csv,165.78,111.67,18.42
1,20130320T005803.819293.Cam6_44_aug_1.csv,139.11,100.83,18.42
2,20130320T005803.819293.Cam6_44_aug_1.csv,143.0,137.5,18.42
3,20130320T005803.819293.Cam6_44_aug_1.csv,57.16999999999999,156.67,15.37
4,20130320T005803.819293.Cam6_44_aug_1.csv,86.33000000000001,21.94,15.37
