,name,c-x,c-y,radius
0,20130320T005116.763280.Cam6_12_aug_6.csv,248.71,166.13,18.71
1,20130320T005116.763280.Cam6_12_aug_6.csv,215.16,180.65,18.71
2,20130320T005116.763280.Cam6_12_aug_6.csv,189.35,147.42,19.35
3,20130320T005116.763280.Cam6_12_aug_6.csv,123.23,148.71,20.32
4,20130320T005116.763280.Cam6_12_aug_6.csv,137.42,163.23,20.0
5,20130320T005116.763280.Cam6_12_aug_6.csv,79.35,140.0,17.42
6,20130320T005116.763280.Cam6_12_aug_6.csv,43.87,141.29,18.71
7,20130320T005116.763280.Cam6_12_aug_6.csv,0.32,190.32,18.06
