,name,c-x,c-y,radius
0,20130320T013227.099668_32_aug_0.csv,125.15390014648438,69.64157104492188,16.2
1,20130320T013227.099668_32_aug_0.csv,158.76390075683594,82.42156982421875,17.87
2,20130320T013227.099668_32_aug_0.csv,116.53390502929688,155.4815673828125,16.75
