,name,c-x,c-y,radius
0,20130320T004749.139980.Cam6_12_aug_2.csv,136.08,158.46,19.5
1,20130320T004749.139980.Cam6_12_aug_2.csv,152.23,124.62,17.96
2,20130320T004749.139980.Cam6_12_aug_2.csv,129.54,178.08,17.96
3,20130320T004749.139980.Cam6_12_aug_2.csv,140.69,12.31,15.27
4,20130320T004749.139980.Cam6_12_aug_2.csv,158.38,32.31,15.27
