,name,c-x,c-y,radius
0,20130320T013031.478304_62_aug_1.csv,251.58676147460938,112.07695770263672,21.75
1,20130320T013031.478304_62_aug_1.csv,216.30677795410156,95.68695831298828,20.09
2,20130320T013031.478304_62_aug_1.csv,176.30677795410156,122.07695770263672,20.09
