,name,c-x,c-y,radius
0,20130320T005231.622053.Cam6_11_aug_6.csv,279.90989685058594,131.84913635253906,18.71
1,20130320T005231.622053.Cam6_11_aug_6.csv,263.7798957824707,153.78912353515625,16.45
