,name,c-x,c-y,radius
0,20130320T004428.754944.Cam6_11_aug_6.csv,145.04359436035156,95.91168212890625,19.39
