,name,c-x,c-y,radius
0,20130320T012845.190374_42_aug_1.csv,261.11,105.83,17.03
1,20130320T012845.190374_42_aug_1.csv,281.67,111.67,14.53
2,20130320T012845.190374_42_aug_1.csv,230.28,91.67,15.92
3,20130320T012845.190374_42_aug_1.csv,205.28,1.11,15.92
