,name,c-x,c-y,radius
0,20130320T004410.659327.Cam6_21_aug_5.csv,225.48947143554688,163.0113067626953,20.01
