,name,c-x,c-y,radius
0,20130320T013610.532832_42_aug_1.csv,55.79167175292969,145.6670379638672,19.81
1,20130320T013610.532832_42_aug_1.csv,104.40167236328125,151.5070343017578,19.81
2,20130320T013610.532832_42_aug_1.csv,150.7916717529297,119.55703735351562,19.25
3,20130320T013610.532832_42_aug_1.csv,230.7916717529297,68.72703552246094,25.37
