,name,c-x,c-y,radius
0,20130320T005136.192297.Cam6_33_aug_2.csv,244.13,57.74,22.9
1,20130320T005136.192297.Cam6_33_aug_2.csv,204.76999999999998,39.03,22.9
2,20130320T005136.192297.Cam6_33_aug_2.csv,93.16,184.52,21.29
3,20130320T005136.192297.Cam6_33_aug_2.csv,138.65,1.61,23.55
4,20130320T005136.192297.Cam6_33_aug_2.csv,95.74000000000001,1.29,23.55
5,20130320T005136.192297.Cam6_33_aug_2.csv,222.84,8.71,20.0
6,20130320T005136.192297.Cam6_33_aug_2.csv,266.39,29.03,20.0
