,name,c-x,c-y,radius
0,20130320T004612.947488.Cam6_22_aug_3.csv,73.79910278320312,108.92290496826172,14.5
1,20130320T004612.947488.Cam6_22_aug_3.csv,46.099090576171875,108.15290832519531,16.03
