,name,c-x,c-y,radius
0,20130320T005736.961617.Cam6_12_aug_4.csv,21.67,36.67,21.75
1,20130320T005736.961617.Cam6_12_aug_4.csv,107.22,73.61,20.37
