,name,c-x,c-y,radius
0,20130320T012947.096377_41_aug_2.csv,154.68870544433594,78.1036376953125,23.14
1,20130320T012947.096377_41_aug_2.csv,144.95870971679688,46.43364334106445,23.14
2,20130320T012947.096377_41_aug_2.csv,110.79871368408203,54.21364212036133,22.31
3,20130320T012947.096377_41_aug_2.csv,114.9587173461914,78.1036376953125,22.31
4,20130320T012947.096377_41_aug_2.csv,61.62871551513672,44.4936408996582,22.87
