,name,c-x,c-y,radius
0,20130320T013321.005503_32_aug_1.csv,290.28,150.28,17.31
1,20130320T013321.005503_32_aug_1.csv,285.56,126.39,19.25
2,20130320T013321.005503_32_aug_1.csv,228.06,87.5,18.42
3,20130320T013321.005503_32_aug_1.csv,173.06,89.44,20.92
4,20130320T013321.005503_32_aug_1.csv,67.5,49.72,18.98
