,name,c-x,c-y,radius
0,20130320T005418.100380.Cam6_51_aug_3.csv,98.76197814941406,137.92169189453125,16.13
1,20130320T005418.100380.Cam6_51_aug_3.csv,129.0819854736328,131.46170043945312,18.71
2,20130320T005418.100380.Cam6_51_aug_3.csv,38.111968994140625,125.981689453125,15.16
