,name,c-x,c-y,radius
0,20130320T004731.806377.Cam6_12_aug_2.csv,173.53634643554688,122.12440490722656,16.8
1,20130320T004731.806377.Cam6_12_aug_2.csv,205.8463592529297,132.8944091796875,16.8
2,20130320T004731.806377.Cam6_12_aug_2.csv,180.8463592529297,94.04440307617188,16.8
3,20130320T004731.806377.Cam6_12_aug_2.csv,218.9263458251953,99.43440246582031,16.8
4,20130320T004731.806377.Cam6_12_aug_2.csv,209.3063507080078,57.50440216064453,13.73
