,name,c-x,c-y,radius
0,20130320T004611.995093.Cam6_24_aug_2.csv,77.17235565185547,49.75433349609375,18.73
