,name,c-x,c-y,radius
0,20130320T004615.614293.Cam6_51_aug_7.csv,87.31,36.54,12.19
1,20130320T004615.614293.Cam6_51_aug_7.csv,87.31,44.62,11.42
2,20130320T004615.614293.Cam6_51_aug_7.csv,107.31,44.23,11.42
3,20130320T004615.614293.Cam6_51_aug_7.csv,106.54,33.46,12.19
