,name,c-x,c-y,radius
0,20130320T005825.153103.Cam6_13_aug_6.csv,45.74533462524414,36.3260383605957,25.64
1,20130320T005825.153103.Cam6_13_aug_6.csv,48.80533218383789,145.4860382080078,25.64
2,20130320T005825.153103.Cam6_13_aug_6.csv,70.74533081054688,128.82603454589844,23.14
3,20130320T005825.153103.Cam6_13_aug_6.csv,157.1353302001953,120.76603698730469,18.42
4,20130320T005825.153103.Cam6_13_aug_6.csv,175.74533081054688,155.7660369873047,26.48
