,name,c-x,c-y,radius
0,20130320T004618.661981.Cam6_62_aug_0.csv,111.90272521972656,95.18583679199219,10.64
1,20130320T004618.661981.Cam6_62_aug_0.csv,99.83272552490234,110.3558349609375,10.64
2,20130320T004618.661981.Cam6_62_aug_0.csv,133.28271484375,110.01583862304688,10.64
3,20130320T004618.661981.Cam6_62_aug_0.csv,123.28272247314453,107.2558364868164,10.64
4,20130320T004618.661981.Cam6_62_aug_0.csv,125.35272216796875,137.94583129882812,10.64
5,20130320T004618.661981.Cam6_62_aug_0.csv,130.52272033691406,135.5358428955078,10.64
