,name,c-x,c-y,radius
0,20130320T004408.944916.Cam6_54_aug_2.csv,206.60124969482422,152.6779022216797,15.95
1,20130320T004408.944916.Cam6_54_aug_2.csv,196.60124969482422,167.99790954589844,14.7
