,name,c-x,c-y,radius
0,20130320T004405.325839.Cam6_34_aug_0.csv,275.9851379394531,86.94447326660156,20.64
