,name,c-x,c-y,radius
0,20130320T004754.854350.Cam6_41_aug_5.csv,73.08,122.69,17.19
1,20130320T004754.854350.Cam6_41_aug_5.csv,50.38,195.38,14.11
2,20130320T004754.854350.Cam6_41_aug_5.csv,65.0,197.31,14.11
3,20130320T004754.854350.Cam6_41_aug_5.csv,112.31,0.38,14.11
4,20130320T004754.854350.Cam6_41_aug_5.csv,131.15,0.38,13.34
