,name,c-x,c-y,radius
0,20130320T005636.579490.Cam6_31_aug_1.csv,150.22,174.44,14.81
1,20130320T005636.579490.Cam6_31_aug_1.csv,102.44,71.67,18.42
2,20130320T005636.579490.Cam6_31_aug_1.csv,71.88999999999999,52.22,18.42
3,20130320T005636.579490.Cam6_31_aug_1.csv,96.88999999999999,36.67,18.42
4,20130320T005636.579490.Cam6_31_aug_1.csv,78.0,10.83,17.59
