,name,c-x,c-y,radius
0,20130320T004854.093706.Cam6_42_aug_1.csv,84.13,161.61,20.96
1,20130320T004854.093706.Cam6_42_aug_1.csv,48.31999999999999,142.58,20.96
2,20130320T004854.093706.Cam6_42_aug_1.csv,97.03,180.97,20.96
3,20130320T004854.093706.Cam6_42_aug_1.csv,58.650000000000006,184.52,20.96
4,20130320T004854.093706.Cam6_42_aug_1.csv,48.97000000000003,177.1,20.96
5,20130320T004854.093706.Cam6_42_aug_1.csv,11.870000000000005,143.55,20.96
6,20130320T004854.093706.Cam6_42_aug_1.csv,25.100000000000023,107.74,20.96
