,name,c-x,c-y,radius
0,20130320T005454.863128.Cam6_22_aug_3.csv,135.45974731445312,163.23863220214844,21.75
1,20130320T005454.863128.Cam6_22_aug_3.csv,126.56975555419922,108.78863525390625,19.53
2,20130320T005454.863128.Cam6_22_aug_3.csv,91.56975555419922,104.3486328125,20.64
