,name,c-x,c-y,radius
0,20130320T012941.000996_42_aug_2.csv,23.33,90.0,19.53
1,20130320T012941.000996_42_aug_2.csv,32.22,31.94,20.37
2,20130320T012941.000996_42_aug_2.csv,66.11,45.56,20.09
3,20130320T012941.000996_42_aug_2.csv,176.11,49.44,19.53
4,20130320T012941.000996_42_aug_2.csv,189.44,23.89,21.75
5,20130320T012941.000996_42_aug_2.csv,213.06,41.67,21.2
6,20130320T012941.000996_42_aug_2.csv,263.33,64.44,19.53
