,name,c-x,c-y,radius
0,20130320T005638.293775.Cam6_12_aug_3.csv,247.17000000000002,172.5,19.25
1,20130320T005638.293775.Cam6_12_aug_3.csv,264.11,78.33,17.03
2,20130320T005638.293775.Cam6_12_aug_3.csv,277.44,50.0,17.03
3,20130320T005638.293775.Cam6_12_aug_3.csv,15.5,188.06,18.7
4,20130320T005638.293775.Cam6_12_aug_3.csv,106.88999999999999,141.11,17.31
5,20130320T005638.293775.Cam6_12_aug_3.csv,139.11,109.72,17.31
6,20130320T005638.293775.Cam6_12_aug_3.csv,101.61000000000001,114.72,16.48
7,20130320T005638.293775.Cam6_12_aug_3.csv,113.28,88.61,16.48
