,name,c-x,c-y,radius
0,20130320T005810.676682.Cam6_54_aug_5.csv,138.08692932128906,51.320281982421875,19.81
1,20130320T005810.676682.Cam6_54_aug_5.csv,64.75691223144531,173.82028198242188,16.75
2,20130320T005810.676682.Cam6_54_aug_5.csv,166.70692443847656,167.43028259277344,15.37
3,20130320T005810.676682.Cam6_54_aug_5.csv,98.36692810058594,50.760284423828125,15.37
