,name,c-x,c-y,radius
0,20130320T004530.851480.Cam6_51_aug_4.csv,128.308837890625,33.49702453613281,18.8
1,20130320T004530.851480.Cam6_51_aug_4.csv,153.9788360595703,50.52702331542969,18.8
2,20130320T004530.851480.Cam6_51_aug_4.csv,197.21884155273438,105.38702392578125,18.8
3,20130320T004530.851480.Cam6_51_aug_4.csv,243.7088394165039,151.33702087402344,16.91
4,20130320T004530.851480.Cam6_51_aug_4.csv,219.11884307861328,96.46702575683594,17.18
