,name,c-x,c-y,radius
0,20130320T005409.909839.Cam6_53_aug_6.csv,38.306732177734375,36.19331741333008,19.67
