,name,c-x,c-y,radius
0,20130320T013217.956608_31_aug_4.csv,114.29356384277344,90.67189025878906,27.87
1,20130320T013217.956608_31_aug_4.csv,67.35356140136719,102.61189270019531,26.48
