,name,c-x,c-y,radius
0,20130320T005409.338327.Cam6_53_aug_6.csv,239.61,28.06,18.38
1,20130320T005409.338327.Cam6_53_aug_6.csv,98.65,32.58,18.38
