,name,c-x,c-y,radius
0,20130320T004708.186750.Cam6_31_aug_3.csv,275.24,82.76,20.3
1,20130320T004708.186750.Cam6_31_aug_3.csv,291.1,76.55,20.3
2,20130320T004708.186750.Cam6_31_aug_3.csv,279.38,112.76,19.96
3,20130320T004708.186750.Cam6_31_aug_3.csv,288.69,115.52,17.89
4,20130320T004708.186750.Cam6_31_aug_3.csv,280.76,139.31,19.27
5,20130320T004708.186750.Cam6_31_aug_3.csv,269.03,160.69,17.54
6,20130320T004708.186750.Cam6_31_aug_3.csv,233.86,162.07,17.54
