,name,c-x,c-y,radius
0,20130320T005231.622053.Cam6_11_aug_7.csv,47.1,127.74,18.71
1,20130320T005231.622053.Cam6_11_aug_7.csv,63.23,149.68,16.45
