,name,c-x,c-y,radius
0,20130320T013109.193320_51_aug_1.csv,243.64366149902344,126.15705108642578,13.7
1,20130320T013109.193320_51_aug_1.csv,299.2036437988281,94.2070541381836,14.53
2,20130320T013109.193320_51_aug_1.csv,290.0336608886719,65.03705596923828,15.64
