,name,c-x,c-y,radius
0,20130320T005409.909839.Cam6_53_aug_3.csv,257.28125,49.8854866027832,19.67
