,name,c-x,c-y,radius
0,20130320T005322.099219.Cam6_23_aug_4.csv,184.30889892578125,109.57269287109375,18.71
1,20130320T005322.099219.Cam6_23_aug_4.csv,194.62889862060547,149.25270080566406,21.29
