,name,c-x,c-y,radius
0,20130320T013517.579373_53_aug_6.csv,45.77999999999997,16.39,18.42
1,20130320T013517.579373_53_aug_6.csv,50.5,129.44,16.2
2,20130320T013517.579373_53_aug_6.csv,96.88999999999999,83.33,15.09
3,20130320T013517.579373_53_aug_6.csv,161.61,71.39,15.09
4,20130320T013517.579373_53_aug_6.csv,216.06,188.89,15.09
5,20130320T013517.579373_53_aug_6.csv,215.22,53.61,15.09
