,name,c-x,c-y,radius
0,20130320T004420.373780.Cam6_43_aug_4.csv,160.3905792236328,133.989013671875,12.51
1,20130320T004420.373780.Cam6_43_aug_4.csv,175.08058166503906,133.36900329589844,12.51
2,20130320T004420.373780.Cam6_43_aug_4.csv,161.95057678222656,155.23899841308594,12.51
3,20130320T004420.373780.Cam6_43_aug_4.csv,137.8905792236328,160.86900329589844,12.51
