,name,c-x,c-y,radius
0,20130320T004731.806377.Cam6_12_aug_3.csv,172.7725067138672,149.6187744140625,16.8
1,20130320T004731.806377.Cam6_12_aug_3.csv,140.46250915527344,160.38877868652344,16.8
2,20130320T004731.806377.Cam6_12_aug_3.csv,165.46249389648438,121.53878021240234,16.8
3,20130320T004731.806377.Cam6_12_aug_3.csv,127.38249969482422,126.92877960205078,16.8
4,20130320T004731.806377.Cam6_12_aug_3.csv,137.00250244140625,84.998779296875,13.73
