,name,c-x,c-y,radius
0,20130320T013608.628043_23_aug_6.csv,258.015869140625,64.18312072753906,18.42
1,20130320T013608.628043_23_aug_6.csv,204.40586853027344,35.84312057495117,18.7
2,20130320T013608.628043_23_aug_6.csv,77.46586608886719,78.0731201171875,15.09
