,name,c-x,c-y,radius
0,20130320T005834.296166.Cam6_62_aug_5.csv,128.1797332763672,94.38996124267578,30.92
