,name,c-x,c-y,radius
0,20130320T013605.770735_41_aug_4.csv,159.94,126.94,22.31
1,20130320T013605.770735_41_aug_4.csv,262.44,108.33,20.37
2,20130320T013605.770735_41_aug_4.csv,234.94,129.72,17.03
3,20130320T013605.770735_41_aug_4.csv,208.28,162.5,17.03
4,20130320T013605.770735_41_aug_4.csv,236.32999999999998,48.89,17.03
5,20130320T013605.770735_41_aug_4.csv,52.16999999999999,60.28,20.09
6,20130320T013605.770735_41_aug_4.csv,103.0,6.67,18.42
7,20130320T013605.770735_41_aug_4.csv,67.44,0.56,16.75
