,name,c-x,c-y,radius
0,20130320T004907.427361.Cam6_61_aug_7.csv,120.97,95.48,12.26
1,20130320T004907.427361.Cam6_61_aug_7.csv,7.74,74.19,12.26
2,20130320T004907.427361.Cam6_61_aug_7.csv,120.97,179.68,12.26
3,20130320T004907.427361.Cam6_61_aug_7.csv,132.9,156.45,12.26
4,20130320T004907.427361.Cam6_61_aug_7.csv,223.23,177.1,12.26
5,20130320T004907.427361.Cam6_61_aug_7.csv,238.06,155.48,12.26
6,20130320T004907.427361.Cam6_61_aug_7.csv,247.74,120.65,12.26
7,20130320T004907.427361.Cam6_61_aug_7.csv,229.35,91.94,12.26
