,name,c-x,c-y,radius
0,20130320T013312.433956_22_aug_4.csv,211.39730072021484,122.58686065673828,15.37
1,20130320T013312.433956_22_aug_4.csv,184.44730377197266,110.9268569946289,15.92
2,20130320T013312.433956_22_aug_4.csv,208.89730072021484,99.2568588256836,15.92
3,20130320T013312.433956_22_aug_4.csv,228.3373031616211,73.97686004638672,16.48
4,20130320T013312.433956_22_aug_4.csv,199.17729949951172,65.9268569946289,16.48
5,20130320T013312.433956_22_aug_4.csv,168.33729553222656,55.366859436035156,16.48
6,20130320T013312.433956_22_aug_4.csv,246.1172981262207,34.816856384277344,15.92
