,name,c-x,c-y,radius
0,20130320T013021.192340_43_aug_0.csv,164.1253204345703,66.25413513183594,17.03
1,20130320T013021.192340_43_aug_0.csv,252.73532104492188,68.47412872314453,17.03
2,20130320T013021.192340_43_aug_0.csv,256.0753173828125,119.59413146972656,15.92
