,name,c-x,c-y,radius
0,20130320T004612.947488.Cam6_22_aug_5.csv,85.07876586914062,104.16116333007812,14.5
1,20130320T004612.947488.Cam6_22_aug_5.csv,57.37876892089844,103.39116668701172,16.03
