,name,c-x,c-y,radius
0,20130320T004615.614293.Cam6_51_aug_1.csv,230.47352600097656,18.363601684570312,12.19
1,20130320T004615.614293.Cam6_51_aug_1.csv,230.47352600097656,26.443599700927734,11.42
2,20130320T004615.614293.Cam6_51_aug_1.csv,210.47352600097656,26.053600311279297,11.42
3,20130320T004615.614293.Cam6_51_aug_1.csv,211.24352264404297,15.283599853515625,12.19
