,name,c-x,c-y,radius
0,20130320T012857.571624_33_aug_0.csv,109.53524780273438,162.6089630126953,17.31
1,20130320T012857.571624_33_aug_0.csv,115.65524291992188,128.71896362304688,18.98
2,20130320T012857.571624_33_aug_0.csv,203.98523712158203,80.38896942138672,16.2
