,name,c-x,c-y,radius
0,20130320T005229.717262.Cam6_14_aug_6.csv,146.0095977783203,160.1675262451172,16.45
1,20130320T005229.717262.Cam6_14_aug_6.csv,124.39960479736328,139.83753967285156,15.8
2,20130320T005229.717262.Cam6_14_aug_6.csv,154.06959533691406,145.32752990722656,15.8
