,name,c-x,c-y,radius
0,20130320T005136.573304.Cam6_24_aug_4.csv,94.69895935058594,97.01499938964844,21.93
1,20130320T005136.573304.Cam6_24_aug_4.csv,62.44895553588867,123.46500396728516,20.64
2,20130320T005136.573304.Cam6_24_aug_4.csv,103.4089584350586,139.59500122070312,21.61
3,20130320T005136.573304.Cam6_24_aug_4.csv,254.0589599609375,114.11499786376953,19.03
