,name,c-x,c-y,radius
0,20130320T005318.480146.Cam6_51_aug_1.csv,140.9,124.19,15.8
1,20130320T005318.480146.Cam6_51_aug_1.csv,157.35,154.19,15.8
2,20130320T005318.480146.Cam6_51_aug_1.csv,76.71000000000001,96.13,17.09
3,20130320T005318.480146.Cam6_51_aug_1.csv,5.740000000000009,152.9,17.09
4,20130320T005318.480146.Cam6_51_aug_1.csv,138.0,25.81,20.32
5,20130320T005318.480146.Cam6_51_aug_1.csv,174.77,29.03,18.38
6,20130320T005318.480146.Cam6_51_aug_1.csv,198.97,13.55,19.03
7,20130320T005318.480146.Cam6_51_aug_1.csv,256.06,43.55,19.03
