,name,c-x,c-y,radius
0,20130320T005643.055747.Cam6_31_aug_3.csv,195.32793426513672,35.681297302246094,22.31
1,20130320T005643.055747.Cam6_31_aug_3.csv,164.2079315185547,143.18128967285156,19.53
