,name,c-x,c-y,radius
0,20130320T012837.190206_21_aug_0.csv,76.62651062011719,124.51409912109375,14.81
1,20130320T012837.190206_21_aug_0.csv,150.78651428222656,120.90409851074219,17.31
