,name,c-x,c-y,radius
0,20130320T005241.907895.Cam6_64_aug_2.csv,262.1966972351074,121.45697021484375,15.48
1,20130320T005241.907895.Cam6_64_aug_2.csv,97.68670654296875,103.70697021484375,16.77
