,name,c-x,c-y,radius
0,20130320T005453.529724.Cam6_64_aug_2.csv,212.75164794921875,38.54488754272461,21.75
