,name,c-x,c-y,radius
0,20130320T013323.291300_51_aug_4.csv,181.06,126.11,15.92
1,20130320T013323.291300_51_aug_4.csv,178.56,137.22,15.92
2,20130320T013323.291300_51_aug_4.csv,108.0,44.17,15.09
3,20130320T013323.291300_51_aug_4.csv,117.16999999999999,21.94,15.09
4,20130320T013323.291300_51_aug_4.csv,16.889999999999986,83.61,15.09
