,name,c-x,c-y,radius
0,20130320T013608.628043_23_aug_4.csv,289.9615478515625,95.84835815429688,18.42
1,20130320T013608.628043_23_aug_4.csv,236.35154724121094,67.50836181640625,18.7
2,20130320T013608.628043_23_aug_4.csv,109.41154479980469,109.73835754394531,15.09
