,name,c-x,c-y,radius
0,20130320T005455.815397.Cam6_41_aug_5.csv,179.94,116.11,20.64
1,20130320T005455.815397.Cam6_41_aug_5.csv,105.22,78.06,21.2
2,20130320T005455.815397.Cam6_41_aug_5.csv,144.39,80.28,19.81
3,20130320T005455.815397.Cam6_41_aug_5.csv,184.39,70.0,21.48
4,20130320T005455.815397.Cam6_41_aug_5.csv,290.5,78.61,20.64
5,20130320T005455.815397.Cam6_41_aug_5.csv,232.17000000000002,73.89,19.25
6,20130320T005455.815397.Cam6_41_aug_5.csv,296.06,35.0,18.14
7,20130320T005455.815397.Cam6_41_aug_5.csv,265.22,19.72,19.53
