,name,c-x,c-y,radius
0,20130320T004547.804094.Cam6_12_aug_0.csv,117.83279418945312,58.41564178466797,26.42
1,20130320T004547.804094.Cam6_12_aug_0.csv,80.14278411865234,72.2556381225586,24.11
2,20130320T004547.804094.Cam6_12_aug_0.csv,88.99279022216797,108.02564239501953,21.8
3,20130320T004547.804094.Cam6_12_aug_0.csv,120.52278137207031,84.18563842773438,21.03
4,20130320T004547.804094.Cam6_12_aug_0.csv,143.22279357910156,141.1056365966797,21.03
