,name,c-x,c-y,radius
0,20130320T004528.565680.Cam6_54_aug_2.csv,266.9007873535156,102.1174545288086,8.8
1,20130320T004528.565680.Cam6_54_aug_2.csv,275.82080078125,88.32745361328125,8.8
2,20130320T004528.565680.Cam6_54_aug_2.csv,286.0907897949219,67.7874526977539,8.8
3,20130320T004528.565680.Cam6_54_aug_2.csv,261.7607727050781,146.16744995117188,10.69
