,name,c-x,c-y,radius
0,20130320T013444.816839_43_aug_6.csv,153.9838409423828,89.50468444824219,23.42
1,20130320T013444.816839_43_aug_6.csv,90.93383026123047,28.674686431884766,21.48
2,20130320T013444.816839_43_aug_6.csv,130.09384155273438,32.28468704223633,21.48
3,20130320T013444.816839_43_aug_6.csv,221.20384216308594,21.724685668945312,17.59
