,name,c-x,c-y,radius
0,20130320T013253.004942_43_aug_2.csv,278.28,188.33,19.53
1,20130320T013253.004942_43_aug_2.csv,233.56,178.06,19.25
2,20130320T013253.004942_43_aug_2.csv,212.44,158.61,16.48
3,20130320T013253.004942_43_aug_2.csv,118.28,199.44,19.81
4,20130320T013253.004942_43_aug_2.csv,106.33000000000001,11.94,17.59
5,20130320T013253.004942_43_aug_2.csv,72.72,10.83,18.98
