,name,c-x,c-y,radius
0,20130320T013257.386032_21_aug_5.csv,186.94,200.0,17.03
1,20130320T013257.386032_21_aug_5.csv,281.11,138.89,15.09
2,20130320T013257.386032_21_aug_5.csv,288.89,119.17,15.09
