,name,c-x,c-y,radius
0,20130320T013717.962834_44_aug_2.csv,237.44,174.72,17.87
1,20130320T013717.962834_44_aug_2.csv,296.89,179.44,17.03
2,20130320T013717.962834_44_aug_2.csv,276.61,198.89,16.2
3,20130320T013717.962834_44_aug_2.csv,95.22,165.56,15.64
4,20130320T013717.962834_44_aug_2.csv,82.16999999999999,183.33,15.64
