,name,c-x,c-y,radius
0,20130320T005737.533128.Cam6_22_aug_1.csv,142.48507690429688,110.09840393066406,24.53
1,20130320T005737.533128.Cam6_22_aug_1.csv,108.31507873535156,127.59840393066406,23.14
