,name,c-x,c-y,radius
0,20130320T013221.766310_11_aug_5.csv,186.3172607421875,165.33148193359375,18.7
1,20130320T013221.766310_11_aug_5.csv,148.8172607421875,176.99148559570312,18.7
2,20130320T013221.766310_11_aug_5.csv,160.7672576904297,139.771484375,22.03
3,20130320T013221.766310_11_aug_5.csv,76.3172607421875,79.771484375,19.81
