,name,c-x,c-y,radius
0,20130320T004358.849450.Cam6_43_aug_4.csv,70.52306365966797,27.018674850463867,26.89
