,name,c-x,c-y,radius
0,20130320T005455.053505.Cam6_53_aug_6.csv,48.27999999999997,198.89,18.42
1,20130320T005455.053505.Cam6_53_aug_6.csv,93.28,168.33,16.75
2,20130320T005455.053505.Cam6_53_aug_6.csv,133.0,178.89,15.92
3,20130320T005455.053505.Cam6_53_aug_6.csv,169.67,128.61,17.03
4,20130320T005455.053505.Cam6_53_aug_6.csv,133.56,88.06,17.31
5,20130320T005455.053505.Cam6_53_aug_6.csv,52.72,146.67,14.81
