,name,c-x,c-y,radius
0,20130320T012947.096377_41_aug_4.csv,178.18707275390625,101.6427001953125,23.14
1,20130320T012947.096377_41_aug_4.csv,168.4570770263672,69.97270202636719,23.14
2,20130320T012947.096377_41_aug_4.csv,134.2970733642578,77.75270080566406,22.31
3,20130320T012947.096377_41_aug_4.csv,138.4570770263672,101.6427001953125,22.31
4,20130320T012947.096377_41_aug_4.csv,85.1270751953125,68.03269958496094,22.87
