,name,c-x,c-y,radius
0,20130320T013336.243945_43_aug_0.csv,161.69375610351562,86.75135040283203,25.64
1,20130320T013336.243945_43_aug_0.csv,111.69376373291016,108.4113540649414,29.53
