,name,c-x,c-y,radius
0,20130320T004528.565680.Cam6_54_aug_6.csv,250.22836303710938,117.56713104248047,8.8
1,20130320T004528.565680.Cam6_54_aug_6.csv,259.14837646484375,103.77713012695312,8.8
2,20130320T004528.565680.Cam6_54_aug_6.csv,269.4183654785156,83.23712921142578,8.8
3,20130320T004528.565680.Cam6_54_aug_6.csv,245.08836364746094,161.61712646484375,10.69
