,name,c-x,c-y,radius
0,20130320T012947.096377_41_aug_6.csv,172.37738037109375,104.14459991455078,23.14
1,20130320T012947.096377_41_aug_6.csv,162.6473846435547,72.47460174560547,23.14
2,20130320T012947.096377_41_aug_6.csv,128.4873809814453,80.25460052490234,22.31
3,20130320T012947.096377_41_aug_6.csv,132.6473846435547,104.14459991455078,22.31
4,20130320T012947.096377_41_aug_6.csv,79.31737518310547,70.53459930419922,22.87
