,name,c-x,c-y,radius
0,20130320T005651.246417.Cam6_42_aug_1.csv,235.22,126.11,21.2
1,20130320T005651.246417.Cam6_42_aug_1.csv,192.17000000000002,126.67,21.2
2,20130320T005651.246417.Cam6_42_aug_1.csv,188.56,146.11,18.7
3,20130320T005651.246417.Cam6_42_aug_1.csv,139.94,89.17,18.7
4,20130320T005651.246417.Cam6_42_aug_1.csv,120.22,139.17,18.7
5,20130320T005651.246417.Cam6_42_aug_1.csv,33.56,150.28,18.7
6,20130320T005651.246417.Cam6_42_aug_1.csv,223.56,75.0,19.25
7,20130320T005651.246417.Cam6_42_aug_1.csv,20.5,107.5,19.25
