,name,c-x,c-y,radius
0,20130320T005912.201684.Cam6_63_aug_6.csv,118.68189239501953,47.587188720703125,22.59
