,name,c-x,c-y,radius
0,20130320T012947.667888_32_aug_0.csv,218.89822387695312,71.5587158203125,21.75
1,20130320T012947.667888_32_aug_0.csv,152.5082244873047,105.438720703125,21.75
2,20130320T012947.667888_32_aug_0.csv,131.11822509765625,73.77871704101562,21.75
