,name,c-x,c-y,radius
0,20130320T013324.243694_43_aug_3.csv,153.1486358642578,72.86522674560547,17.31
