,name,c-x,c-y,radius
0,20130320T005544.959297.Cam6_62_aug_0.csv,83.97114562988281,153.41009521484375,18.7
1,20130320T005544.959297.Cam6_62_aug_0.csv,116.47114562988281,137.3000946044922,17.87
2,20130320T005544.959297.Cam6_62_aug_0.csv,132.3011474609375,112.57009887695312,15.92
3,20130320T005544.959297.Cam6_62_aug_0.csv,184.53114318847656,108.41009521484375,18.7
4,20130320T005544.959297.Cam6_62_aug_0.csv,200.921142578125,48.9600944519043,24.53
5,20130320T005544.959297.Cam6_62_aug_0.csv,210.36114501953125,126.46009826660156,14.81
