,name,c-x,c-y,radius
0,20130320T004405.325839.Cam6_34_aug_4.csv,228.33526611328125,91.34239196777344,20.64
