,name,c-x,c-y,radius
0,20130320T005453.148715.Cam6_63_aug_1.csv,67.16999999999999,8.06,17.87
