,name,c-x,c-y,radius
0,20130320T004531.613372.Cam6_24_aug_6.csv,232.68126678466797,119.1380844116211,19.61
1,20130320T004531.613372.Cam6_24_aug_6.csv,225.9212646484375,88.32808685302734,18.53
2,20130320T004531.613372.Cam6_24_aug_6.csv,223.49126434326172,72.91808319091797,18.53
3,20130320T004531.613372.Cam6_24_aug_6.csv,258.9012680053711,58.058082580566406,20.15
4,20130320T004531.613372.Cam6_24_aug_6.csv,284.30126953125,78.86808013916016,18.8
5,20130320T004531.613372.Cam6_24_aug_6.csv,267.8112678527832,103.45808410644531,18.8
