,name,c-x,c-y,radius
0,20130320T013105.002733_54_aug_7.csv,63.61,124.17,17.03
1,20130320T013105.002733_54_aug_7.csv,82.5,47.22,17.03
2,20130320T013105.002733_54_aug_7.csv,113.61,21.11,20.92
3,20130320T013105.002733_54_aug_7.csv,177.22,40.83,15.92
4,20130320T013105.002733_54_aug_7.csv,186.94,20.28,18.42
5,20130320T013105.002733_54_aug_7.csv,236.39,7.78,18.42
