,name,c-x,c-y,radius
0,20130320T013452.817008_12_aug_5.csv,261.33,166.94,20.37
1,20130320T013452.817008_12_aug_5.csv,230.22,103.89,19.25
2,20130320T013452.817008_12_aug_5.csv,291.61,98.89,18.14
3,20130320T013452.817008_12_aug_5.csv,118.0,97.78,17.03
4,20130320T013452.817008_12_aug_5.csv,26.889999999999986,91.11,17.59
5,20130320T013452.817008_12_aug_5.csv,3.2799999999999727,115.56,17.59
