,name,c-x,c-y,radius
0,20130320T005455.053505.Cam6_63_aug_7.csv,149.72,177.78,14.81
1,20130320T005455.053505.Cam6_63_aug_7.csv,268.89,121.94,13.7
2,20130320T005455.053505.Cam6_63_aug_7.csv,9.72,52.5,14.81
3,20130320T005455.053505.Cam6_63_aug_7.csv,148.33,30.83,13.98
