,name,c-x,c-y,radius
0,20130320T005453.529724.Cam6_64_aug_0.csv,73.85462951660156,42.14038848876953,21.75
