,name,c-x,c-y,radius
0,20130320T004547.042202.Cam6_34_aug_7.csv,122.31,105.0,16.03
1,20130320T004547.042202.Cam6_34_aug_7.csv,65.38,191.54,16.03
