,name,c-x,c-y,radius
0,20130320T012946.524989_21_aug_6.csv,125.52405548095703,148.1267852783203,21.75
1,20130320T012946.524989_21_aug_6.csv,152.1940460205078,155.34678649902344,23.98
2,20130320T012946.524989_21_aug_6.csv,186.91404724121094,145.34678649902344,23.98
3,20130320T012946.524989_21_aug_6.csv,250.80404663085938,123.67678833007812,23.98
4,20130320T012946.524989_21_aug_6.csv,141.63404846191406,64.50678253173828,23.98
5,20130320T012946.524989_21_aug_6.csv,143.30404663085938,91.17678833007812,23.98
