,name,c-x,c-y,radius
0,20130320T004415.802310.Cam6_21_aug_3.csv,119.56,199.06,18.14
1,20130320T004415.802310.Cam6_21_aug_3.csv,185.19,11.87,15.95
