,name,c-x,c-y,radius
0,20130320T005544.959297.Cam6_62_aug_4.csv,216.67881774902344,144.3236083984375,18.7
1,20130320T005544.959297.Cam6_62_aug_4.csv,184.17881774902344,128.21360778808594,17.87
2,20130320T005544.959297.Cam6_62_aug_4.csv,168.34881591796875,103.4836196899414,15.92
3,20130320T005544.959297.Cam6_62_aug_4.csv,116.11881256103516,99.32361602783203,18.7
4,20130320T005544.959297.Cam6_62_aug_4.csv,99.72881317138672,39.87361526489258,24.53
5,20130320T005544.959297.Cam6_62_aug_4.csv,90.28881072998047,117.37361907958984,14.81
