,name,c-x,c-y,radius
0,20130320T005424.767142.Cam6_32_aug_7.csv,226.94,60.83,17.31
1,20130320T005424.767142.Cam6_32_aug_7.csv,216.67,31.39,17.31
2,20130320T005424.767142.Cam6_32_aug_7.csv,213.61,4.17,17.31
3,20130320T005424.767142.Cam6_32_aug_7.csv,280.0,35.0,20.09
