,name,c-x,c-y,radius
0,20130320T005041.905438.Cam6_24_aug_0.csv,242.3682098388672,148.1666717529297,16.13
1,20130320T005041.905438.Cam6_24_aug_0.csv,223.00820922851562,110.74667358398438,16.13
