,name,c-x,c-y,radius
0,20130320T013512.055389_22_aug_4.csv,223.59603881835938,150.3558807373047,19.25
1,20130320T013512.055389_22_aug_4.csv,238.04603576660156,130.63587951660156,22.03
2,20130320T013512.055389_22_aug_4.csv,238.32603454589844,112.0158920288086,20.92
3,20130320T013512.055389_22_aug_4.csv,240.2660369873047,72.85588836669922,20.92
4,20130320T013512.055389_22_aug_4.csv,206.93603515625,89.79589080810547,20.92
5,20130320T013512.055389_22_aug_4.csv,192.4860382080078,127.29589080810547,20.92
6,20130320T013512.055389_22_aug_4.csv,138.87603759765625,77.29589080810547,20.37
7,20130320T013512.055389_22_aug_4.csv,206.37603759765625,76.74588775634766,20.37
