,name,c-x,c-y,radius
0,20130320T004438.278894.Cam6_42_aug_2.csv,207.8743896484375,74.02671813964844,10.64
1,20130320T004438.278894.Cam6_42_aug_2.csv,228.80438232421875,75.89671325683594,10.64
2,20130320T004438.278894.Cam6_42_aug_2.csv,249.43438720703125,117.77671813964844,10.64
3,20130320T004438.278894.Cam6_42_aug_2.csv,207.244384765625,113.70671844482422,10.01
