,name,c-x,c-y,radius
0,20130320T004556.947162.Cam6_34_aug_4.csv,254.92515182495117,105.48270416259766,14.11
