,name,c-x,c-y,radius
0,20130320T004950.856759.Cam6_43_aug_7.csv,52.9,87.1,20.0
1,20130320T004950.856759.Cam6_43_aug_7.csv,84.52,91.61,19.03
2,20130320T004950.856759.Cam6_43_aug_7.csv,227.1,123.23,19.03
3,20130320T004950.856759.Cam6_43_aug_7.csv,208.06,117.42,19.03
4,20130320T004950.856759.Cam6_43_aug_7.csv,237.42,135.48,19.03
5,20130320T004950.856759.Cam6_43_aug_7.csv,260.0,82.58,21.61
6,20130320T004950.856759.Cam6_43_aug_7.csv,301.94,85.48,21.61
7,20130320T004950.856759.Cam6_43_aug_7.csv,174.84,2.9,16.77
8,20130320T004950.856759.Cam6_43_aug_7.csv,207.42,4.52,18.38
