,name,c-x,c-y,radius
0,20130320T013623.866348_22_aug_2.csv,48.27999999999997,182.78,19.53
1,20130320T013623.866348_22_aug_2.csv,82.16999999999999,194.17,19.53
2,20130320T013623.866348_22_aug_2.csv,46.06,158.89,18.7
3,20130320T013623.866348_22_aug_2.csv,95.22,133.06,15.64
4,20130320T013623.866348_22_aug_2.csv,224.94,58.61,16.2
5,20130320T013623.866348_22_aug_2.csv,299.67,77.22,17.59
6,20130320T013623.866348_22_aug_2.csv,306.33,38.89,17.59
