,name,c-x,c-y,radius
0,20130320T005219.812185.Cam6_63_aug_6.csv,202.9228286743164,50.66791534423828,24.19
