,name,c-x,c-y,radius
0,20130320T005318.480146.Cam6_51_aug_7.csv,167.1,124.19,15.8
1,20130320T005318.480146.Cam6_51_aug_7.csv,150.65,154.19,15.8
2,20130320T005318.480146.Cam6_51_aug_7.csv,231.29,96.13,17.09
3,20130320T005318.480146.Cam6_51_aug_7.csv,302.26,152.9,17.09
4,20130320T005318.480146.Cam6_51_aug_7.csv,170.0,25.81,20.32
5,20130320T005318.480146.Cam6_51_aug_7.csv,133.23,29.03,18.38
6,20130320T005318.480146.Cam6_51_aug_7.csv,109.03,13.55,19.03
7,20130320T005318.480146.Cam6_51_aug_7.csv,51.94,43.55,19.03
