,name,c-x,c-y,radius
0,20130320T005649.151124.Cam6_33_aug_4.csv,163.05506896972656,90.01783752441406,20.37
1,20130320T005649.151124.Cam6_33_aug_4.csv,137.22506713867188,61.4078369140625,23.98
