,name,c-x,c-y,radius
0,20130320T013523.865255_13_aug_5.csv,171.1673583984375,119.30229949951172,24.25
1,20130320T013523.865255_13_aug_5.csv,165.05735778808594,158.7423095703125,20.37
2,20130320T013523.865255_13_aug_5.csv,127.27735900878906,150.6923065185547,20.92
3,20130320T013523.865255_13_aug_5.csv,145.88735961914062,103.19229888916016,20.37
4,20130320T013523.865255_13_aug_5.csv,125.05735778808594,107.91230010986328,19.81
5,20130320T013523.865255_13_aug_5.csv,253.94736099243164,56.80229949951172,19.81
6,20130320T013523.865255_13_aug_5.csv,204.7773666381836,52.91230010986328,19.81
