,name,c-x,c-y,radius
0,20130320T004401.325755.Cam6_61_aug_2.csv,245.18231582641602,49.99629211425781,14.08
1,20130320T004401.325755.Cam6_61_aug_2.csv,249.87231063842773,60.62629318237305,14.08
2,20130320T004401.325755.Cam6_61_aug_2.csv,244.55231094360352,74.99629974365234,14.08
3,20130320T004401.325755.Cam6_61_aug_2.csv,198.93231201171875,86.24629974365234,14.08
4,20130320T004401.325755.Cam6_61_aug_2.csv,142.05230712890625,132.4962921142578,14.08
5,20130320T004401.325755.Cam6_61_aug_2.csv,174.55230712890625,152.18629455566406,14.08
6,20130320T004401.325755.Cam6_61_aug_2.csv,186.122314453125,136.2462921142578,11.26
