,name,c-x,c-y,radius
0,20130320T013148.622759_33_aug_0.csv,189.94,174.72,16.75
1,20130320T013148.622759_33_aug_0.csv,226.06,138.61,17.31
2,20130320T013148.622759_33_aug_0.csv,109.11000000000001,164.17,17.31
