,name,c-x,c-y,radius
0,20130320T005225.145669.Cam6_72_aug_0.csv,189.94,121.29,12.9
1,20130320T005225.145669.Cam6_72_aug_0.csv,141.23,117.1,12.9
2,20130320T005225.145669.Cam6_72_aug_0.csv,192.51999999999998,83.23,11.61
3,20130320T005225.145669.Cam6_72_aug_0.csv,274.13,95.16,11.61
4,20130320T005225.145669.Cam6_72_aug_0.csv,87.03,12.58,11.61
