,name,c-x,c-y,radius
0,20130320T012857.571624_33_aug_3.csv,121.11041259765625,168.5709228515625,17.31
1,20130320T012857.571624_33_aug_3.csv,127.23040771484375,134.68092346191406,18.98
2,20130320T012857.571624_33_aug_3.csv,215.56040954589844,86.35092163085938,16.2
