,name,c-x,c-y,radius
0,20130320T013217.956608_31_aug_1.csv,109.856689453125,74.59418487548828,27.87
1,20130320T013217.956608_31_aug_1.csv,62.91668701171875,86.53418731689453,26.48
