,name,c-x,c-y,radius
0,20130320T013320.243612_41_aug_3.csv,229.2772445678711,163.8440399169922,17.59
1,20130320T013320.243612_41_aug_3.csv,222.33724212646484,131.62403869628906,17.59
2,20130320T013320.243612_41_aug_3.csv,92.88725280761719,126.6240463256836,19.25
3,20130320T013320.243612_41_aug_3.csv,119.27725219726562,113.01404571533203,17.59
