,name,c-x,c-y,radius
0,20130320T013523.865255_13_aug_2.csv,197.28282165527344,142.20872497558594,24.25
1,20130320T013523.865255_13_aug_2.csv,191.17282104492188,181.6487274169922,20.37
2,20130320T013523.865255_13_aug_2.csv,153.392822265625,173.59872436523438,20.92
3,20130320T013523.865255_13_aug_2.csv,172.00282287597656,126.0987319946289,20.37
4,20130320T013523.865255_13_aug_2.csv,151.17282104492188,130.8187255859375,19.81
5,20130320T013523.865255_13_aug_2.csv,280.0628185272217,79.70873260498047,19.81
6,20130320T013523.865255_13_aug_2.csv,230.892822265625,75.81873321533203,19.81
