,name,c-x,c-y,radius
0,20130320T005257.146330.Cam6_54_aug_5.csv,7.42,165.81,17.09
1,20130320T005257.146330.Cam6_54_aug_5.csv,61.94,188.71,15.16
2,20130320T005257.146330.Cam6_54_aug_5.csv,73.55,150.97,15.16
3,20130320T005257.146330.Cam6_54_aug_5.csv,107.42,158.06,14.51
4,20130320T005257.146330.Cam6_54_aug_5.csv,196.13,134.19,15.16
5,20130320T005257.146330.Cam6_54_aug_5.csv,162.58,187.42,11.61
6,20130320T005257.146330.Cam6_54_aug_5.csv,113.87,4.84,14.84
