,name,c-x,c-y,radius
0,20130320T005417.719497.Cam6_53_aug_5.csv,109.32746887207031,46.91014862060547,21.61
