,name,c-x,c-y,radius
0,20130320T004709.710657.Cam6_22_aug_1.csv,177.59,6.21,22.37
1,20130320T004709.710657.Cam6_22_aug_1.csv,224.83,0.34,19.96
2,20130320T004709.710657.Cam6_22_aug_1.csv,216.9,49.66,25.47
3,20130320T004709.710657.Cam6_22_aug_1.csv,110.69,64.48,23.06
4,20130320T004709.710657.Cam6_22_aug_1.csv,165.52,124.48,23.75
5,20130320T004709.710657.Cam6_22_aug_1.csv,198.97,98.62,22.71
6,20130320T004709.710657.Cam6_22_aug_1.csv,187.59,143.1,22.71
7,20130320T004709.710657.Cam6_22_aug_1.csv,105.52,133.45,23.75
8,20130320T004709.710657.Cam6_22_aug_1.csv,85.52,148.28,23.75
