,name,c-x,c-y,radius
0,20130320T004555.804388.Cam6_33_aug_4.csv,243.10276794433594,156.10845947265625,13.73
