,name,c-x,c-y,radius
0,20130320T013605.199348_32_aug_1.csv,1.6100000000000136,71.11,22.87
