,name,c-x,c-y,radius
0,20130320T013523.865255_13_aug_1.csv,105.8711929321289,114.5556640625,24.25
1,20130320T013523.865255_13_aug_1.csv,111.98119354248047,153.99566650390625,20.37
2,20130320T013523.865255_13_aug_1.csv,149.76119995117188,145.94566345214844,20.92
3,20130320T013523.865255_13_aug_1.csv,131.1511993408203,98.44566345214844,20.37
4,20130320T013523.865255_13_aug_1.csv,151.981201171875,103.16566467285156,19.81
5,20130320T013523.865255_13_aug_1.csv,23.091196060180664,52.0556640625,19.81
6,20130320T013523.865255_13_aug_1.csv,72.26119232177734,48.16566467285156,19.81
