,name,c-x,c-y,radius
0,20130320T012947.667888_32_aug_6.csv,255.82608032226562,64.44515228271484,21.75
1,20130320T012947.667888_32_aug_6.csv,189.4360809326172,98.32515716552734,21.75
2,20130320T012947.667888_32_aug_6.csv,168.04608154296875,66.66515350341797,21.75
