,name,c-x,c-y,radius
0,20130320T004628.947822.Cam6_64_aug_1.csv,54.12207794189453,74.18402862548828,14.44
