,name,c-x,c-y,radius
0,20130320T005554.483368.Cam6_51_aug_4.csv,196.06,193.61,16.75
1,20130320T005554.483368.Cam6_51_aug_4.csv,277.72,167.5,18.14
2,20130320T005554.483368.Cam6_51_aug_4.csv,262.17,83.33,18.14
3,20130320T005554.483368.Cam6_51_aug_4.csv,255.22,54.44,17.03
4,20130320T005554.483368.Cam6_51_aug_4.csv,177.17,56.11,16.2
5,20130320T005554.483368.Cam6_51_aug_4.csv,85.78,52.22,19.53
6,20130320T005554.483368.Cam6_51_aug_4.csv,73.56,75.0,18.14
