,name,c-x,c-y,radius
0,20130320T004428.754944.Cam6_11_aug_1.csv,198.9116668701172,117.38917541503906,19.39
