,name,c-x,c-y,radius
0,20130320T013430.340287_53_aug_4.csv,73.95307159423828,140.4541778564453,29.53
1,20130320T013430.340287_53_aug_4.csv,128.12307739257812,150.17417907714844,29.53
