,name,c-x,c-y,radius
0,20130320T013607.104137_43_aug_5.csv,130.53102111816406,108.94457244873047,18.98
1,20130320T013607.104137_43_aug_5.csv,186.9210205078125,70.3345718383789,18.98
2,20130320T013607.104137_43_aug_5.csv,69.1410140991211,37.27457809448242,21.48
