,name,c-x,c-y,radius
0,20130320T005735.247332.Cam6_43_aug_5.csv,163.19818115234375,70.52932739257812,25.09
