,name,c-x,c-y,radius
0,20130320T013143.098770_13_aug_4.csv,130.22,188.06,17.03
1,20130320T013143.098770_13_aug_4.csv,182.17000000000002,103.33,16.2
2,20130320T013143.098770_13_aug_4.csv,72.72,67.5,15.09
3,20130320T013143.098770_13_aug_4.csv,46.889999999999986,65.56,14.25
4,20130320T013143.098770_13_aug_4.csv,234.39,75.0,14.25
5,20130320T013143.098770_13_aug_4.csv,245.22,50.28,15.09
6,20130320T013143.098770_13_aug_4.csv,269.39,71.94,16.48
7,20130320T013143.098770_13_aug_4.csv,284.39,93.06,15.64
8,20130320T013143.098770_13_aug_4.csv,300.78,66.94,13.7
