,name,c-x,c-y,radius
0,20130320T004757.902037.Cam6_42_aug_3.csv,175.71609497070312,116.89360046386719,20.65
1,20130320T004757.902037.Cam6_42_aug_3.csv,148.7960968017578,115.36360168457031,18.73
2,20130320T004757.902037.Cam6_42_aug_3.csv,109.17608642578125,62.66360092163086,19.11
3,20130320T004757.902037.Cam6_42_aug_3.csv,70.71607971191406,57.28360366821289,18.34
4,20130320T004757.902037.Cam6_42_aug_3.csv,231.0960922241211,71.51359558105469,18.34
