,name,c-x,c-y,radius
0,20130320T004420.945168.Cam6_44_aug_1.csv,101.43850708007812,132.02734375,10.95
1,20130320T004420.945168.Cam6_44_aug_1.csv,83.93850708007812,129.52734375,10.95
2,20130320T004420.945168.Cam6_44_aug_1.csv,92.99850463867188,149.83734130859375,10.95
