,name,c-x,c-y,radius
0,20130320T005218.097902.Cam6_73_aug_1.csv,43.55,133.87,15.8
1,20130320T005218.097902.Cam6_73_aug_1.csv,184.19,72.58,15.8
2,20130320T005218.097902.Cam6_73_aug_1.csv,168.71,110.32,13.55
3,20130320T005218.097902.Cam6_73_aug_1.csv,165.48,69.03,13.55
4,20130320T005218.097902.Cam6_73_aug_1.csv,53.87,41.94,12.9
5,20130320T005218.097902.Cam6_73_aug_1.csv,73.55,35.81,12.9
6,20130320T005218.097902.Cam6_73_aug_1.csv,6.13,9.03,12.9
