,name,c-x,c-y,radius
0,20130320T004934.666053.Cam6_42_aug_6.csv,152.19,196.45,17.74
1,20130320T004934.666053.Cam6_42_aug_6.csv,119.61000000000001,180.97,16.45
2,20130320T004934.666053.Cam6_42_aug_6.csv,70.9,159.35,18.71
3,20130320T004934.666053.Cam6_42_aug_6.csv,173.16,112.26,17.74
4,20130320T004934.666053.Cam6_42_aug_6.csv,150.9,84.84,17.09
5,20130320T004934.666053.Cam6_42_aug_6.csv,146.39,39.03,18.71
6,20130320T004934.666053.Cam6_42_aug_6.csv,5.420000000000016,150.0,15.8
