,name,c-x,c-y,radius
0,20130320T012946.715493_54_aug_6.csv,136.06,171.94,18.98
1,20130320T012946.715493_54_aug_6.csv,179.39,101.11,22.31
2,20130320T012946.715493_54_aug_6.csv,207.44,49.44,22.31
