,name,c-x,c-y,radius
0,20130320T004616.757192.Cam6_41_aug_6.csv,138.81808471679688,171.23007202148438,13.73
1,20130320T004616.757192.Cam6_41_aug_6.csv,151.12808227539062,147.00006103515625,13.73
