,name,c-x,c-y,radius
0,20130320T004808.188000.Cam6_61_aug_5.csv,137.1488800048828,111.748779296875,17.42
1,20130320T004808.188000.Cam6_61_aug_5.csv,45.2088623046875,42.39877700805664,18.71
2,20130320T004808.188000.Cam6_61_aug_5.csv,76.17887878417969,34.64877700805664,18.71
