,name,c-x,c-y,radius
0,20130320T013109.193320_51_aug_0.csv,186.09906005859375,150.5594024658203,13.7
1,20130320T013109.193320_51_aug_0.csv,241.6590576171875,118.60940551757812,14.53
2,20130320T013109.193320_51_aug_0.csv,232.48907470703125,89.43940734863281,15.64
