,name,c-x,c-y,radius
0,20130320T004847.236437.Cam6_42_aug_7.csv,130.97,52.58,27.74
1,20130320T004847.236437.Cam6_42_aug_7.csv,84.19,38.39,24.19
2,20130320T004847.236437.Cam6_42_aug_7.csv,70.65,16.77,26.77
3,20130320T004847.236437.Cam6_42_aug_7.csv,19.68,24.84,27.42
4,20130320T004847.236437.Cam6_42_aug_7.csv,277.42,47.42,22.9
5,20130320T004847.236437.Cam6_42_aug_7.csv,304.19,17.42,22.9
6,20130320T004847.236437.Cam6_42_aug_7.csv,125.48,7.74,18.06
