,name,c-x,c-y,radius
0,20130320T005545.530809.Cam6_53_aug_6.csv,299.94,58.33,21.75
1,20130320T005545.530809.Cam6_53_aug_6.csv,258.0,63.61,23.98
2,20130320T005545.530809.Cam6_53_aug_6.csv,270.5,99.72,21.75
3,20130320T005545.530809.Cam6_53_aug_6.csv,248.28,115.28,17.31
4,20130320T005545.530809.Cam6_53_aug_6.csv,13.560000000000002,10.0,19.25
