,name,c-x,c-y,radius
0,20130320T013221.766310_11_aug_1.csv,157.156494140625,164.904541015625,18.7
1,20130320T013221.766310_11_aug_1.csv,119.656494140625,176.56454467773438,18.7
2,20130320T013221.766310_11_aug_1.csv,131.6064910888672,139.34454345703125,22.03
3,20130320T013221.766310_11_aug_1.csv,47.156494140625,79.34454345703125,19.81
