,name,c-x,c-y,radius
0,20130320T013144.051164_52_aug_5.csv,195.56,192.5,15.37
1,20130320T013144.051164_52_aug_5.csv,211.39,77.78,17.31
