,name,c-x,c-y,radius
0,20130320T005241.907895.Cam6_64_aug_3.csv,73.78276824951172,105.55166625976562,15.48
1,20130320T005241.907895.Cam6_64_aug_3.csv,238.2927703857422,87.80166625976562,16.77
