,name,c-x,c-y,radius
0,20130320T004915.618035.Cam6_23_aug_7.csv,69.35,167.74,21.61
1,20130320T004915.618035.Cam6_23_aug_7.csv,118.06,174.84,21.61
2,20130320T004915.618035.Cam6_23_aug_7.csv,201.61,102.58,20.0
