,name,c-x,c-y,radius
0,20130320T005119.430084.Cam6_11_aug_6.csv,228.93224334716797,107.9562759399414,12.58
