,name,c-x,c-y,radius
0,20130320T005604.007318.Cam6_12_aug_6.csv,70.3912124633789,84.49505615234375,17.87
