,name,c-x,c-y,radius
0,20130320T004607.995015.Cam6_24_aug_4.csv,264.2290344238281,143.6184539794922,18.73
1,20130320T004607.995015.Cam6_24_aug_4.csv,189.22903442382812,117.84845733642578,17.57
