,name,c-x,c-y,radius
0,20130320T013608.056531_21_aug_4.csv,254.94,147.78,15.64
1,20130320T013608.056531_21_aug_4.csv,291.89,158.61,15.64
2,20130320T013608.056531_21_aug_4.csv,176.61,171.67,18.42
3,20130320T013608.056531_21_aug_4.csv,151.33,167.22,19.53
4,20130320T013608.056531_21_aug_4.csv,136.89,181.11,19.53
5,20130320T013608.056531_21_aug_4.csv,43.56,111.39,18.7
