,name,c-x,c-y,radius
0,20130320T013031.478304_62_aug_6.csv,292.9105529785156,90.96517944335938,21.75
1,20130320T013031.478304_62_aug_6.csv,257.63055419921875,74.57518005371094,20.09
2,20130320T013031.478304_62_aug_6.csv,217.6305694580078,100.96517944335938,20.09
