,name,c-x,c-y,radius
0,20130320T004352.373192.Cam6_51_aug_0.csv,249.0460968017578,69.05561065673828,20.33
1,20130320T004352.373192.Cam6_51_aug_0.csv,222.47608947753906,67.17561340332031,20.33
2,20130320T004352.373192.Cam6_51_aug_0.csv,182.1660919189453,126.55561065673828,18.14
3,20130320T004352.373192.Cam6_51_aug_0.csv,148.4160919189453,164.3656005859375,14.7
