,name,c-x,c-y,radius
0,20130320T012945.953603_42_aug_4.csv,2.5,76.94,21.2
1,20130320T012945.953603_42_aug_4.csv,45.0,90.83,23.42
2,20130320T012945.953603_42_aug_4.csv,128.06,56.11,25.09
3,20130320T012945.953603_42_aug_4.csv,130.0,44.44,25.09
4,20130320T012945.953603_42_aug_4.csv,165.0,61.11,22.31
5,20130320T012945.953603_42_aug_4.csv,168.06,71.94,23.14
6,20130320T012945.953603_42_aug_4.csv,217.78,90.28,22.03
7,20130320T012945.953603_42_aug_4.csv,228.06,48.33,24.25
