,name,c-x,c-y,radius
0,20130320T004618.280974.Cam6_61_aug_6.csv,81.87455749511719,71.9144058227539,10.64
1,20130320T004618.280974.Cam6_61_aug_6.csv,86.35456848144531,87.43441009521484,10.64
2,20130320T004618.280974.Cam6_61_aug_6.csv,63.94456481933594,84.67440795898438,10.64
3,20130320T004618.280974.Cam6_61_aug_6.csv,62.56455993652344,108.81440734863281,10.64
