,name,c-x,c-y,radius
0,20130320T013431.102178_34_aug_4.csv,245.75423431396484,92.53636169433594,21.75
1,20130320T013431.102178_34_aug_4.csv,256.58423614501953,116.1463623046875,23.14
2,20130320T013431.102178_34_aug_4.csv,200.75423431396484,79.75636291503906,22.59
