,name,c-x,c-y,radius
0,20130320T005434.672219.Cam6_61_aug_3.csv,256.989013671875,81.65714263916016,12.87
1,20130320T005434.672219.Cam6_61_aug_3.csv,277.8190002441406,49.437137603759766,12.87
