,name,c-x,c-y,radius
0,20130320T004855.808117.Cam6_24_aug_1.csv,141.55,141.61,14.84
1,20130320T004855.808117.Cam6_24_aug_1.csv,153.16,139.03,14.84
2,20130320T004855.808117.Cam6_24_aug_1.csv,111.22999999999999,167.42,14.84
3,20130320T004855.808117.Cam6_24_aug_1.csv,140.9,175.48,14.84
4,20130320T004855.808117.Cam6_24_aug_1.csv,111.22999999999999,135.16,13.87
