,name,c-x,c-y,radius
0,20130320T005057.905769.Cam6_61_aug_0.csv,62.84,83.23,16.77
1,20130320T005057.905769.Cam6_61_aug_0.csv,176.06,90.0,13.87
2,20130320T005057.905769.Cam6_61_aug_0.csv,170.58,8.39,13.87
3,20130320T005057.905769.Cam6_61_aug_0.csv,212.84,137.42,13.87
4,20130320T005057.905769.Cam6_61_aug_0.csv,121.55000000000001,141.94,13.87
