,name,c-x,c-y,radius
0,20130320T004404.373443.Cam6_32_aug_4.csv,107.9915771484375,82.75813293457031,24.39
