,name,c-x,c-y,radius
0,20130320T004628.947822.Cam6_64_aug_4.csv,60.773921966552734,65.34119415283203,14.44
