,name,c-x,c-y,radius
0,20130320T012947.286881_21_aug_2.csv,265.4638366699219,62.84578323364258,19.81
1,20130320T012947.286881_21_aug_2.csv,214.08383178710938,106.72578430175781,19.81
