,name,c-x,c-y,radius
0,20130320T012918.143419_34_aug_6.csv,136.89,176.11,16.75
1,20130320T012918.143419_34_aug_6.csv,235.78,143.33,16.2
2,20130320T012918.143419_34_aug_6.csv,301.61,106.39,16.2
