,name,c-x,c-y,radius
0,20130320T005307.051284.Cam6_64_aug_4.csv,159.29,38.39,13.87
1,20130320T005307.051284.Cam6_64_aug_4.csv,72.19,18.71,13.87
