,name,c-x,c-y,radius
0,20130320T005800.581226.Cam6_54_aug_1.csv,126.35013580322266,140.1039276123047,21.48
1,20130320T005800.581226.Cam6_54_aug_1.csv,231.90013122558594,170.6539306640625,18.7
2,20130320T005800.581226.Cam6_54_aug_1.csv,68.2901382446289,35.373931884765625,15.64
3,20130320T005800.581226.Cam6_54_aug_1.csv,88.01013946533203,50.373931884765625,18.14
4,20130320T005800.581226.Cam6_54_aug_1.csv,166.90013122558594,55.653934478759766,18.7
5,20130320T005800.581226.Cam6_54_aug_1.csv,200.5101318359375,65.65393829345703,19.25
6,20130320T005800.581226.Cam6_54_aug_1.csv,225.79013061523438,71.49393463134766,19.25
7,20130320T005800.581226.Cam6_54_aug_1.csv,129.12013244628906,119.82393646240234,15.37
