,name,c-x,c-y,radius
0,20130320T013217.956608_31_aug_5.csv,131.863525390625,86.91211700439453,27.87
1,20130320T013217.956608_31_aug_5.csv,84.92352294921875,98.85211944580078,26.48
