,name,c-x,c-y,radius
0,20130320T004807.807118.Cam6_64_aug_5.csv,296.06,40.65,19.03
1,20130320T004807.807118.Cam6_64_aug_5.csv,234.13,124.52,15.48
2,20130320T004807.807118.Cam6_64_aug_5.csv,15.740000000000009,121.29,14.19
3,20130320T004807.807118.Cam6_64_aug_5.csv,240.57999999999998,117.1,14.19
4,20130320T004807.807118.Cam6_64_aug_5.csv,63.16,56.45,13.55
