,name,c-x,c-y,radius
0,20130320T004556.947162.Cam6_34_aug_1.csv,47.85507583618164,100.88523864746094,14.11
