,name,c-x,c-y,radius
0,20130320T005457.148800.Cam6_14_aug_3.csv,67.64517974853516,88.6562728881836,27.03
1,20130320T005457.148800.Cam6_14_aug_3.csv,17.925182342529297,76.7062759399414,27.03
