,name,c-x,c-y,radius
0,20130320T004611.995093.Cam6_24_aug_4.csv,222.14801025390625,65.9467544555664,18.73
