,name,c-x,c-y,radius
0,20130320T012847.857177_32_aug_1.csv,198.8267822265625,122.06947326660156,17.31
