,name,c-x,c-y,radius
0,20130320T005021.143132.Cam6_32_aug_6.csv,272.84000000000003,200.65,20.64
1,20130320T005021.143132.Cam6_32_aug_6.csv,37.02999999999997,136.45,22.9
2,20130320T005021.143132.Cam6_32_aug_6.csv,29.610000000000014,172.9,22.9
3,20130320T005021.143132.Cam6_32_aug_6.csv,138.0,183.23,16.45
4,20130320T005021.143132.Cam6_32_aug_6.csv,167.35,196.13,14.84
