,name,c-x,c-y,radius
0,20130320T004710.853432.Cam6_73_aug_0.csv,88.80224609375,50.118003845214844,16.16
1,20130320T004710.853432.Cam6_73_aug_0.csv,63.63224411010742,37.708003997802734,13.06
2,20130320T004710.853432.Cam6_73_aug_0.csv,95.69224548339844,23.56800079345703,13.06
