,name,c-x,c-y,radius
0,20130320T005041.905438.Cam6_24_aug_7.csv,45.16,136.45,16.13
1,20130320T005041.905438.Cam6_24_aug_7.csv,64.52,99.03,16.13
