,name,c-x,c-y,radius
0,20130320T004402.659157.Cam6_43_aug_1.csv,123.58699035644531,62.907371520996094,25.33
1,20130320T004402.659157.Cam6_43_aug_1.csv,43.9069938659668,91.34736633300781,20.01
