,name,c-x,c-y,radius
0,20130320T005103.048751.Cam6_62_aug_1.csv,171.42080688476562,157.58665466308594,14.84
1,20130320T005103.048751.Cam6_62_aug_1.csv,57.22080612182617,116.61663818359375,14.84
2,20130320T005103.048751.Cam6_62_aug_1.csv,160.7707977294922,82.10664367675781,14.84
3,20130320T005103.048751.Cam6_62_aug_1.csv,178.19081115722656,70.16664123535156,14.84
