,name,c-x,c-y,radius
0,20130320T005219.812185.Cam6_63_aug_5.csv,83.88408660888672,80.1750717163086,24.19
