,name,c-x,c-y,radius
0,20130320T013610.151823_23_aug_7.csv,45.56,186.11,14.81
1,20130320T013610.151823_23_aug_7.csv,59.72,189.72,14.81
2,20130320T013610.151823_23_aug_7.csv,45.56,113.61,17.03
3,20130320T013610.151823_23_aug_7.csv,48.89,60.28,18.7
4,20130320T013610.151823_23_aug_7.csv,191.94,77.22,17.87
5,20130320T013610.151823_23_aug_7.csv,251.67,99.17,17.03
