,name,c-x,c-y,radius
0,20130320T013120.050671_42_aug_2.csv,283.56,65.83,18.14
1,20130320T013120.050671_42_aug_2.csv,146.33,31.11,18.98
2,20130320T013120.050671_42_aug_2.csv,122.44,91.11,18.14
3,20130320T013120.050671_42_aug_2.csv,131.61,10.56,17.31
4,20130320T013120.050671_42_aug_2.csv,25.779999999999973,141.11,18.14
5,20130320T013120.050671_42_aug_2.csv,44.94,148.33,17.31
6,20130320T013120.050671_42_aug_2.csv,39.110000000000014,79.44,18.7
7,20130320T013120.050671_42_aug_2.csv,270.5,141.39,14.53
