,name,c-x,c-y,radius
0,20130320T005327.242198.Cam6_62_aug_4.csv,67.03,20.65,20.96
1,20130320T005327.242198.Cam6_62_aug_4.csv,117.68,154.84,14.84
2,20130320T005327.242198.Cam6_62_aug_4.csv,155.42,140.65,14.84
