,name,c-x,c-y,radius
0,20130320T012857.571624_33_aug_4.csv,131.48153686523438,148.63015747070312,17.31
1,20130320T012857.571624_33_aug_4.csv,137.60153198242188,114.74015045166016,18.98
2,20130320T012857.571624_33_aug_4.csv,225.9315414428711,66.41014862060547,16.2
