,name,c-x,c-y,radius
0,20130320T013027.097214_33_aug_7.csv,101.39,93.61,23.14
1,20130320T013027.097214_33_aug_7.csv,140.56,99.17,22.59
2,20130320T013027.097214_33_aug_7.csv,303.06,112.78,18.98
