,name,c-x,c-y,radius
0,20130320T013227.099668_32_aug_3.csv,157.1051025390625,47.85423278808594,16.2
1,20130320T013227.099668_32_aug_3.csv,123.49510192871094,60.63423538208008,17.87
2,20130320T013227.099668_32_aug_3.csv,165.72509765625,133.69422912597656,16.75
