,name,c-x,c-y,radius
0,20130320T013312.433956_22_aug_5.csv,210.65119171142578,126.29975128173828,15.37
1,20130320T013312.433956_22_aug_5.csv,183.7011947631836,114.6397476196289,15.92
2,20130320T013312.433956_22_aug_5.csv,208.15119171142578,102.9697494506836,15.92
3,20130320T013312.433956_22_aug_5.csv,227.59119415283203,77.68975067138672,16.48
4,20130320T013312.433956_22_aug_5.csv,198.43119049072266,69.6397476196289,16.48
5,20130320T013312.433956_22_aug_5.csv,167.59120178222656,59.07974624633789,16.48
6,20130320T013312.433956_22_aug_5.csv,245.37119674682617,38.52974319458008,15.92
