,name,c-x,c-y,radius
0,20130320T005615.817189.Cam6_32_aug_2.csv,81.43887329101562,83.45330810546875,21.2
1,20130320T005615.817189.Cam6_32_aug_2.csv,166.7188720703125,69.84330749511719,23.42
2,20130320T005615.817189.Cam6_32_aug_2.csv,203.6688690185547,87.06330871582031,20.37
