,name,c-x,c-y,radius
0,20130320T005912.201684.Cam6_63_aug_3.csv,164.02218627929688,60.198001861572266,22.59
