,name,c-x,c-y,radius
0,20130320T005036.000567.Cam6_64_aug_2.csv,257.24957275390625,95.53011322021484,12.58
1,20130320T005036.000567.Cam6_64_aug_2.csv,250.47958374023438,107.79011535644531,12.58
2,20130320T005036.000567.Cam6_64_aug_2.csv,231.1195831298828,99.08011627197266,12.58
3,20130320T005036.000567.Cam6_64_aug_2.csv,216.92958068847656,79.7201156616211,12.58
