,name,c-x,c-y,radius
0,20130320T005619.626768.Cam6_12_aug_5.csv,83.15107727050781,107.54193115234375,26.2
