,name,c-x,c-y,radius
0,20130320T013232.433153_31_aug_3.csv,85.6710205078125,59.776611328125,13.7
1,20130320T013232.433153_31_aug_3.csv,110.11102294921875,59.22660827636719,13.7
2,20130320T013232.433153_31_aug_3.csv,88.44102478027344,76.72660827636719,13.7
3,20130320T013232.433153_31_aug_3.csv,254.56101989746094,133.11660766601562,12.59
4,20130320T013232.433153_31_aug_3.csv,235.39102172851562,156.16661071777344,12.59
5,20130320T013232.433153_31_aug_3.csv,176.78102111816406,119.50660705566406,12.59
6,20130320T013232.433153_31_aug_3.csv,186.2210235595703,126.44660949707031,12.59
7,20130320T013232.433153_31_aug_3.csv,120.11102294921875,83.3966064453125,12.87
