,name,c-x,c-y,radius
0,20130320T013349.958479_61_aug_3.csv,50.77999999999997,85.28,26.2
1,20130320T013349.958479_61_aug_3.csv,29.670000000000016,122.78,22.03
