,name,c-x,c-y,radius
0,20130320T004402.659157.Cam6_43_aug_3.csv,114.43980407714844,73.7013931274414,25.33
1,20130320T004402.659157.Cam6_43_aug_3.csv,34.75980758666992,102.14138793945312,20.01
