,name,c-x,c-y,radius
0,20130320T005925.154329.Cam6_23_aug_2.csv,282.72,5.0,23.42
1,20130320T005925.154329.Cam6_23_aug_2.csv,101.33000000000001,82.78,23.42
2,20130320T005925.154329.Cam6_23_aug_2.csv,29.110000000000014,35.28,23.42
3,20130320T005925.154329.Cam6_23_aug_2.csv,1.0600000000000023,152.22,22.03
