,name,c-x,c-y,radius
0,20130320T005302.479817.Cam6_43_aug_4.csv,55.74000000000001,132.26,18.38
1,20130320T005302.479817.Cam6_43_aug_4.csv,30.899999999999977,118.06,18.06
2,20130320T005302.479817.Cam6_43_aug_4.csv,54.77000000000001,35.16,15.8
3,20130320T005302.479817.Cam6_43_aug_4.csv,71.87,14.84,15.8
4,20130320T005302.479817.Cam6_43_aug_4.csv,117.03,157.1,20.0
5,20130320T005302.479817.Cam6_43_aug_4.csv,130.9,154.19,20.0
6,20130320T005302.479817.Cam6_43_aug_4.csv,212.84,108.39,17.74
7,20130320T005302.479817.Cam6_43_aug_4.csv,271.87,108.06,17.74
8,20130320T005302.479817.Cam6_43_aug_4.csv,239.29000000000002,87.74,16.77
