,name,c-x,c-y,radius
0,20130320T013232.433153_31_aug_5.csv,186.08811950683594,65.36161804199219,13.7
1,20130320T013232.433153_31_aug_5.csv,161.6481170654297,64.81161499023438,13.7
2,20130320T013232.433153_31_aug_5.csv,183.318115234375,82.31161499023438,13.7
3,20130320T013232.433153_31_aug_5.csv,17.198116302490234,138.7016143798828,12.59
4,20130320T013232.433153_31_aug_5.csv,36.36811828613281,161.75161743164062,12.59
5,20130320T013232.433153_31_aug_5.csv,94.97811889648438,125.09161376953125,12.59
6,20130320T013232.433153_31_aug_5.csv,85.53811645507812,132.0316162109375,12.59
7,20130320T013232.433153_31_aug_5.csv,151.6481170654297,88.98161315917969,12.87
