,name,c-x,c-y,radius
0,20130320T005556.007152.Cam6_22_aug_3.csv,198.28,175.56,25.37
1,20130320T005556.007152.Cam6_22_aug_3.csv,184.94,190.83,23.42
2,20130320T005556.007152.Cam6_22_aug_3.csv,242.72,171.11,23.7
3,20130320T005556.007152.Cam6_22_aug_3.csv,191.61,133.33,23.7
4,20130320T005556.007152.Cam6_22_aug_3.csv,232.72,129.72,22.31
5,20130320T005556.007152.Cam6_22_aug_3.csv,199.67000000000002,107.22,22.31
6,20130320T005556.007152.Cam6_22_aug_3.csv,264.67,109.17,23.42
7,20130320T005556.007152.Cam6_22_aug_3.csv,263.0,71.67,24.81
8,20130320T005556.007152.Cam6_22_aug_3.csv,210.22,48.61,24.81
