,name,c-x,c-y,radius
0,20130320T004858.855806.Cam6_33_aug_5.csv,231.45437622070312,91.2122802734375,22.9
1,20130320T004858.855806.Cam6_33_aug_5.csv,226.29438018798828,131.53228759765625,17.74
