,name,c-x,c-y,radius
0,20130320T013505.769640_52_aug_0.csv,118.33618927001953,107.44866180419922,15.92
1,20130320T013505.769640_52_aug_0.csv,119.9961929321289,96.8986587524414,15.92
