,name,c-x,c-y,radius
0,20130320T005804.581307.Cam6_42_aug_1.csv,106.61000000000001,184.72,20.92
1,20130320T005804.581307.Cam6_42_aug_1.csv,124.94,107.5,21.75
2,20130320T005804.581307.Cam6_42_aug_1.csv,254.94,58.61,21.75
3,20130320T005804.581307.Cam6_42_aug_1.csv,215.22,18.33,20.09
4,20130320T005804.581307.Cam6_42_aug_1.csv,46.06,53.33,20.09
5,20130320T005804.581307.Cam6_42_aug_1.csv,10.779999999999973,70.56,17.59
