,name,c-x,c-y,radius
0,20130320T004401.325755.Cam6_61_aug_5.csv,248.14355850219727,60.455543518066406,14.08
1,20130320T004401.325755.Cam6_61_aug_5.csv,252.83355331420898,71.08554077148438,14.08
2,20130320T004401.325755.Cam6_61_aug_5.csv,247.51355361938477,85.4555435180664,14.08
3,20130320T004401.325755.Cam6_61_aug_5.csv,201.89356231689453,96.7055435180664,14.08
4,20130320T004401.325755.Cam6_61_aug_5.csv,145.0135498046875,142.95553588867188,14.08
5,20130320T004401.325755.Cam6_61_aug_5.csv,177.5135498046875,162.64553833007812,14.08
6,20130320T004401.325755.Cam6_61_aug_5.csv,189.08356475830078,146.70553588867188,11.26
