,name,c-x,c-y,radius
0,20130320T005754.104844.Cam6_52_aug_3.csv,245.7356414794922,98.26948547363281,22.31
1,20130320T005754.104844.Cam6_52_aug_3.csv,207.12562561035156,95.20948791503906,18.98
