,name,c-x,c-y,radius
0,20130320T005818.486343.Cam6_53_aug_6.csv,155.02264404296875,112.65581512451172,28.42
1,20130320T005818.486343.Cam6_53_aug_6.csv,113.91264343261719,87.92581939697266,24.53
2,20130320T005818.486343.Cam6_53_aug_6.csv,126.69264221191406,140.98580932617188,24.53
