,name,c-x,c-y,radius
0,20130320T013350.339486_32_aug_5.csv,297.0745429992676,125.41068267822266,21.2
