,name,c-x,c-y,radius
0,20130320T005643.055747.Cam6_31_aug_2.csv,169.53057861328125,34.32100296020508,22.31
1,20130320T005643.055747.Cam6_31_aug_2.csv,138.41058349609375,141.8209991455078,19.53
