,name,c-x,c-y,radius
0,20130320T005325.718417.Cam6_64_aug_4.csv,40.97,117.74,15.16
1,20130320T005325.718417.Cam6_64_aug_4.csv,53.87,119.68,12.9
2,20130320T005325.718417.Cam6_64_aug_4.csv,8.39,124.52,11.93
3,20130320T005325.718417.Cam6_64_aug_4.csv,183.23,42.9,11.93
