,name,c-x,c-y,radius
0,20130320T005918.678069.Cam6_33_aug_5.csv,150.5,172.5,23.42
1,20130320T005918.678069.Cam6_33_aug_5.csv,186.61,153.89,25.37
2,20130320T005918.678069.Cam6_33_aug_5.csv,198.0,103.33,27.87
