,name,c-x,c-y,radius
0,20130320T004758.473548.Cam6_23_aug_7.csv,204.62,120.38,19.11
1,20130320T004758.473548.Cam6_23_aug_7.csv,177.31,120.38,19.11
2,20130320T004758.473548.Cam6_23_aug_7.csv,214.62,149.23,19.11
3,20130320T004758.473548.Cam6_23_aug_7.csv,176.15,197.69,19.11
4,20130320T004758.473548.Cam6_23_aug_7.csv,205.38,200.38,17.57
