,name,c-x,c-y,radius
0,20130320T013550.722937_33_aug_1.csv,182.44,166.67,20.37
1,20130320T013550.722937_33_aug_1.csv,19.389999999999986,12.5,18.98
