,name,c-x,c-y,radius
0,20130320T004528.565680.Cam6_54_aug_0.csv,254.65525817871094,125.54692840576172,8.8
1,20130320T004528.565680.Cam6_54_aug_0.csv,263.5752868652344,111.75692749023438,8.8
2,20130320T004528.565680.Cam6_54_aug_0.csv,273.84527587890625,91.21692657470703,8.8
3,20130320T004528.565680.Cam6_54_aug_0.csv,249.5152587890625,169.596923828125,10.69
