,name,c-x,c-y,radius
0,20130320T005230.669657.Cam6_34_aug_2.csv,141.87,149.03,17.09
1,20130320T005230.669657.Cam6_34_aug_2.csv,166.39,175.81,17.09
2,20130320T005230.669657.Cam6_34_aug_2.csv,149.61,177.74,17.09
3,20130320T005230.669657.Cam6_34_aug_2.csv,179.94,173.23,16.13
4,20130320T005230.669657.Cam6_34_aug_2.csv,192.84,158.71,16.13
5,20130320T005230.669657.Cam6_34_aug_2.csv,100.58000000000001,24.84,16.13
