,name,c-x,c-y,radius
0,20130320T005409.338327.Cam6_42_aug_1.csv,59.23114013671875,156.8055419921875,21.61
