,name,c-x,c-y,radius
0,20130320T010010.679132.Cam6_64_aug_3.csv,194.39,120.83,17.03
1,20130320T010010.679132.Cam6_64_aug_3.csv,228.0,107.22,17.03
2,20130320T010010.679132.Cam6_64_aug_3.csv,258.0,86.67,17.03
3,20130320T010010.679132.Cam6_64_aug_3.csv,292.72,68.06,19.25
