,name,c-x,c-y,radius
0,20130320T013020.239945_32_aug_2.csv,249.44,88.61,17.59
1,20130320T013020.239945_32_aug_2.csv,228.06,50.56,17.59
2,20130320T013020.239945_32_aug_2.csv,201.11,6.94,17.59
