,name,c-x,c-y,radius
0,20130320T005944.964239.Cam6_42_aug_5.csv,281.30853271484375,115.6268539428711,24.25
1,20130320T005944.964239.Cam6_42_aug_5.csv,234.91856384277344,118.40685272216797,23.14
2,20130320T005944.964239.Cam6_42_aug_5.csv,161.86856079101562,80.90685272216797,22.03
