,name,c-x,c-y,radius
0,20130320T005228.764869.Cam6_73_aug_1.csv,91.22401428222656,58.95148849487305,14.19
