,name,c-x,c-y,radius
0,20130320T005759.057320.Cam6_52_aug_1.csv,165.22,131.67,17.31
1,20130320T005759.057320.Cam6_52_aug_1.csv,133.83,135.56,17.87
2,20130320T005759.057320.Cam6_52_aug_1.csv,64.66999999999999,179.44,17.03
3,20130320T005759.057320.Cam6_52_aug_1.csv,111.61000000000001,32.22,18.42
