,name,c-x,c-y,radius
0,20130320T005544.959297.Cam6_62_aug_2.csv,220.20899963378906,152.24867248535156,18.7
1,20130320T005544.959297.Cam6_62_aug_2.csv,187.70899963378906,136.138671875,17.87
2,20130320T005544.959297.Cam6_62_aug_2.csv,171.87899780273438,111.40868377685547,15.92
3,20130320T005544.959297.Cam6_62_aug_2.csv,119.64899444580078,107.2486801147461,18.7
4,20130320T005544.959297.Cam6_62_aug_2.csv,103.25899505615234,47.79867935180664,24.53
5,20130320T005544.959297.Cam6_62_aug_2.csv,93.8189926147461,125.2986831665039,14.81
