,name,c-x,c-y,radius
0,20130320T005615.817189.Cam6_32_aug_4.csv,245.8132553100586,53.80279541015625,21.2
1,20130320T005615.817189.Cam6_32_aug_4.csv,160.53326416015625,40.19279479980469,23.42
2,20130320T005615.817189.Cam6_32_aug_4.csv,123.58326721191406,57.41279602050781,20.37
