,name,c-x,c-y,radius
0,20130320T005954.678807.Cam6_42_aug_1.csv,264.11,113.33,25.92
1,20130320T005954.678807.Cam6_42_aug_1.csv,182.17000000000002,141.39,27.59
2,20130320T005954.678807.Cam6_42_aug_1.csv,111.06,28.06,27.59
3,20130320T005954.678807.Cam6_42_aug_1.csv,57.16999999999999,30.83,26.75
4,20130320T005954.678807.Cam6_42_aug_1.csv,6.060000000000002,48.06,26.2
5,20130320T005954.678807.Cam6_42_aug_1.csv,18.560000000000002,2.5,26.2
