,name,c-x,c-y,radius
0,20130320T005944.964239.Cam6_42_aug_0.csv,34.92776107788086,99.21900939941406,24.25
1,20130320T005944.964239.Cam6_42_aug_0.csv,81.31776428222656,101.99900817871094,23.14
2,20130320T005944.964239.Cam6_42_aug_0.csv,154.36776733398438,64.49900817871094,22.03
