,name,c-x,c-y,radius
0,20130320T005233.336339.Cam6_71_aug_3.csv,301.0777587890625,96.37047576904297,13.87
1,20130320T005233.336339.Cam6_71_aug_3.csv,253.65774536132812,33.47047424316406,11.61
2,20130320T005233.336339.Cam6_71_aug_3.csv,203.00775146484375,52.17047119140625,11.61
3,20130320T005233.336339.Cam6_71_aug_3.csv,188.4977569580078,61.210472106933594,11.61
4,20130320T005233.336339.Cam6_71_aug_3.csv,149.13775634765625,96.37047576904297,12.9
5,20130320T005233.336339.Cam6_71_aug_3.csv,181.3977508544922,82.50047302246094,10.64
