,name,c-x,c-y,radius
0,20130320T005807.247987.Cam6_24_aug_1.csv,114.94,171.67,22.87
1,20130320T005807.247987.Cam6_24_aug_1.csv,77.44,182.5,22.87
2,20130320T005807.247987.Cam6_24_aug_1.csv,121.61000000000001,69.72,17.03
3,20130320T005807.247987.Cam6_24_aug_1.csv,108.0,42.22,20.64
4,20130320T005807.247987.Cam6_24_aug_1.csv,67.44,33.33,20.92
