,name,c-x,c-y,radius
0,20130320T005641.531967.Cam6_13_aug_3.csv,138.5345458984375,122.77751159667969,20.92
