,name,c-x,c-y,radius
0,20130320T004530.279967.Cam6_23_aug_6.csv,50.0,86.22,20.42
1,20130320T004530.279967.Cam6_23_aug_6.csv,81.89,95.41,20.42
2,20130320T004530.279967.Cam6_23_aug_6.csv,17.3,27.3,16.91
