,name,c-x,c-y,radius
0,20130320T013507.674427_21_aug_6.csv,97.16999999999999,177.22,18.98
1,20130320T013507.674427_21_aug_6.csv,90.78,144.72,18.98
2,20130320T013507.674427_21_aug_6.csv,69.11000000000001,118.06,18.98
3,20130320T013507.674427_21_aug_6.csv,138.0,80.83,18.98
4,20130320T013507.674427_21_aug_6.csv,158.28,45.56,20.64
5,20130320T013507.674427_21_aug_6.csv,166.89,16.67,18.14
6,20130320T013507.674427_21_aug_6.csv,153.28,5.83,18.14
