,name,c-x,c-y,radius
0,20130320T005313.527669.Cam6_32_aug_7.csv,161.94,160.65,21.29
1,20130320T005313.527669.Cam6_32_aug_7.csv,182.9,129.03,22.58
2,20130320T005313.527669.Cam6_32_aug_7.csv,143.23,118.06,21.29
3,20130320T005313.527669.Cam6_32_aug_7.csv,238.71,61.29,19.03
4,20130320T005313.527669.Cam6_32_aug_7.csv,207.1,49.03,19.03
5,20130320T005313.527669.Cam6_32_aug_7.csv,221.29,26.45,19.03
