,name,c-x,c-y,radius
0,20130320T005454.863128.Cam6_22_aug_5.csv,148.46615600585938,154.17599487304688,21.75
1,20130320T005454.863128.Cam6_22_aug_5.csv,139.57615661621094,99.72599792480469,19.53
2,20130320T005454.863128.Cam6_22_aug_5.csv,104.57615661621094,95.28599548339844,20.64
