,name,c-x,c-y,radius
0,20130320T013627.866430_31_aug_3.csv,188.69552612304688,173.93032836914062,16.48
1,20130320T013627.866430_31_aug_3.csv,240.92552185058594,169.49032592773438,13.42
2,20130320T013627.866430_31_aug_3.csv,250.3655242919922,99.49031829833984,15.92
3,20130320T013627.866430_31_aug_3.csv,260.6455078125,73.38031768798828,17.03
4,20130320T013627.866430_31_aug_3.csv,279.5355224609375,88.1003189086914,17.03
