,name,c-x,c-y,radius
0,20130320T004428.183433.Cam6_54_aug_3.csv,209.69,72.5,15.33
1,20130320T004428.183433.Cam6_54_aug_3.csv,123.12,179.69,15.33
