,name,c-x,c-y,radius
0,20130320T005550.673788.Cam6_43_aug_4.csv,239.39,87.22,22.59
1,20130320T005550.673788.Cam6_43_aug_4.csv,234.94,111.67,17.87
2,20130320T005550.673788.Cam6_43_aug_4.csv,234.67000000000002,7.78,20.09
3,20130320T005550.673788.Cam6_43_aug_4.csv,168.56,6.11,17.87
4,20130320T005550.673788.Cam6_43_aug_4.csv,24.389999999999986,10.0,22.03
5,20130320T005550.673788.Cam6_43_aug_4.csv,105.78,197.22,23.7
6,20130320T005550.673788.Cam6_43_aug_4.csv,35.22000000000003,172.78,22.87
