,name,c-x,c-y,radius
0,20130320T013505.769640_52_aug_5.csv,101.26433563232422,107.99674987792969,15.92
1,20130320T013505.769640_52_aug_5.csv,102.9243392944336,97.44674682617188,15.92
