,name,c-x,c-y,radius
0,20130320T004924.189585.Cam6_22_aug_7.csv,119.03,72.58,18.38
1,20130320T004924.189585.Cam6_22_aug_7.csv,175.48,38.39,22.26
2,20130320T004924.189585.Cam6_22_aug_7.csv,109.35,27.1,20.96
3,20130320T004924.189585.Cam6_22_aug_7.csv,51.94,14.52,17.74
4,20130320T004924.189585.Cam6_22_aug_7.csv,86.45,161.94,20.0
5,20130320T004924.189585.Cam6_22_aug_7.csv,126.45,164.84,18.38
