,name,c-x,c-y,radius
0,20130320T004628.947822.Cam6_64_aug_3.csv,215.02019500732422,80.17450714111328,14.44
