,name,c-x,c-y,radius
0,20130320T012947.286881_21_aug_5.csv,83.11474609375,49.57745361328125,19.81
1,20130320T012947.286881_21_aug_5.csv,134.4947509765625,93.45745849609375,19.81
