,name,c-x,c-y,radius
0,20130320T004420.373780.Cam6_43_aug_2.csv,151.45144653320312,120.26627349853516,12.51
1,20130320T004420.373780.Cam6_43_aug_2.csv,136.76144409179688,119.64627075195312,12.51
2,20130320T004420.373780.Cam6_43_aug_2.csv,149.89144897460938,141.51626586914062,12.51
3,20130320T004420.373780.Cam6_43_aug_2.csv,173.95144653320312,147.14627075195312,12.51
