,name,c-x,c-y,radius
0,20130320T004710.853432.Cam6_73_aug_5.csv,100.84712982177734,53.27922439575195,16.16
1,20130320T004710.853432.Cam6_73_aug_5.csv,75.67713165283203,40.869224548339844,13.06
2,20130320T004710.853432.Cam6_73_aug_5.csv,107.73712921142578,26.729219436645508,13.06
