,name,c-x,c-y,radius
0,20130320T005324.575519.Cam6_21_aug_7.csv,78.06,190.65,14.84
1,20130320T005324.575519.Cam6_21_aug_7.csv,91.94,164.84,15.8
2,20130320T005324.575519.Cam6_21_aug_7.csv,121.61,153.23,15.16
3,20130320T005324.575519.Cam6_21_aug_7.csv,76.45,145.81,15.48
4,20130320T005324.575519.Cam6_21_aug_7.csv,57.1,122.26,15.48
5,20130320T005324.575519.Cam6_21_aug_7.csv,52.26,112.9,15.48
