,name,c-x,c-y,radius
0,20130320T004757.711657.Cam6_21_aug_1.csv,102.16410827636719,73.45834350585938,17.19
