,name,c-x,c-y,radius
0,20130320T005641.531967.Cam6_13_aug_2.csv,162.78851318359375,120.95613861083984,20.92
