,name,c-x,c-y,radius
0,20130320T005219.812185.Cam6_63_aug_0.csv,185.94290924072266,76.19170379638672,24.19
