,name,c-x,c-y,radius
0,20130320T004806.664219.Cam6_23_aug_3.csv,122.52000000000001,91.29,20.96
1,20130320T004806.664219.Cam6_23_aug_3.csv,123.47999999999999,130.32,20.32
2,20130320T004806.664219.Cam6_23_aug_3.csv,88.97,102.26,20.32
3,20130320T004806.664219.Cam6_23_aug_3.csv,88.65,64.84,19.35
4,20130320T004806.664219.Cam6_23_aug_3.csv,261.23,3.23,19.35
