,name,c-x,c-y,radius
0,20130320T005614.102778.Cam6_73_aug_5.csv,127.8227310180664,158.26473999023438,14.53
