,name,c-x,c-y,radius
0,20130320T012907.095566_43_aug_1.csv,238.2485580444336,99.72793579101562,21.2
1,20130320T012907.095566_43_aug_1.csv,280.4685592651367,110.83793640136719,21.75
