,name,c-x,c-y,radius
0,20130320T012907.095566_43_aug_2.csv,236.42717742919922,80.71778106689453,21.2
1,20130320T012907.095566_43_aug_2.csv,278.6471767425537,91.8277816772461,21.75
