,name,c-x,c-y,radius
0,20130320T004451.993418.Cam6_41_aug_0.csv,156.1122589111328,117.30734252929688,21.26
1,20130320T004451.993418.Cam6_41_aug_0.csv,113.92224884033203,130.12734985351562,21.26
2,20130320T004451.993418.Cam6_41_aug_0.csv,83.92224884033203,114.80734252929688,21.26
