,name,c-x,c-y,radius
0,20130320T004931.046852.Cam6_32_aug_2.csv,255.93185424804688,179.87417602539062,22.58
