,name,c-x,c-y,radius
0,20130320T004706.662968.Cam6_12_aug_0.csv,20.69,158.62,23.06
1,20130320T004706.662968.Cam6_12_aug_0.csv,183.45,188.97,23.06
2,20130320T004706.662968.Cam6_12_aug_0.csv,210.34,148.62,25.13
3,20130320T004706.662968.Cam6_12_aug_0.csv,248.28,141.72,21.33
4,20130320T004706.662968.Cam6_12_aug_0.csv,228.28,97.24,27.54
5,20130320T004706.662968.Cam6_12_aug_0.csv,180.34,115.52,29.61
6,20130320T004706.662968.Cam6_12_aug_0.csv,253.1,66.21,26.85
7,20130320T004706.662968.Cam6_12_aug_0.csv,210.69,51.03,27.89
8,20130320T004706.662968.Cam6_12_aug_0.csv,168.97,77.24,20.3
