,name,c-x,c-y,radius
0,20130320T005651.246417.Cam6_23_aug_5.csv,291.7142639160156,112.94038391113281,19.53
