,name,c-x,c-y,radius
0,20130320T012947.477385_33_aug_0.csv,295.78,138.61,24.53
1,20130320T012947.477385_33_aug_0.csv,276.33,166.39,26.2
