,name,c-x,c-y,radius
0,20130320T005022.667038.Cam6_13_aug_6.csv,125.74000000000001,169.03,21.61
1,20130320T005022.667038.Cam6_13_aug_6.csv,116.06,148.71,20.0
2,20130320T005022.667038.Cam6_13_aug_6.csv,88.65,181.94,20.0
3,20130320T005022.667038.Cam6_13_aug_6.csv,54.129999999999995,7.42,20.96
4,20130320T005022.667038.Cam6_13_aug_6.csv,26.70999999999998,12.58,20.96
5,20130320T005022.667038.Cam6_13_aug_6.csv,47.35000000000002,17.74,20.96
6,20130320T005022.667038.Cam6_13_aug_6.csv,88.97,13.87,20.96
