,name,c-x,c-y,radius
0,20130320T005422.100462.Cam6_32_aug_7.csv,30.0,191.39,15.92
1,20130320T005422.100462.Cam6_32_aug_7.csv,40.56,55.83,16.2
2,20130320T005422.100462.Cam6_32_aug_7.csv,46.94,21.94,16.75
3,20130320T005422.100462.Cam6_32_aug_7.csv,8.89,32.78,16.75
4,20130320T005422.100462.Cam6_32_aug_7.csv,23.06,28.33,20.09
