,name,c-x,c-y,radius
0,20130320T013027.668727_21_aug_5.csv,92.18417358398438,145.74838256835938,18.42
1,20130320T013027.668727_21_aug_5.csv,54.96417236328125,157.4183807373047,18.42
2,20130320T013027.668727_21_aug_5.csv,45.244171142578125,131.30838012695312,18.42
3,20130320T013027.668727_21_aug_5.csv,90.79417419433594,113.24838256835938,19.53
4,20130320T013027.668727_21_aug_5.csv,62.184173583984375,92.41838073730469,19.53
5,20130320T013027.668727_21_aug_5.csv,86.63417053222656,71.85838317871094,19.53
