,name,c-x,c-y,radius
0,20130320T013048.812028_42_aug_3.csv,61.94,198.61,20.37
1,20130320T013048.812028_42_aug_3.csv,208.61,155.83,20.37
2,20130320T013048.812028_42_aug_3.csv,187.78,106.39,17.03
3,20130320T013048.812028_42_aug_3.csv,221.11,92.78,17.03
4,20130320T013048.812028_42_aug_3.csv,186.39,23.33,21.75
