,name,c-x,c-y,radius
0,20130320T005614.102778.Cam6_73_aug_6.csv,195.0222930908203,150.01937866210938,14.53
