,name,c-x,c-y,radius
0,20130320T005649.151124.Cam6_33_aug_7.csv,131.39,91.11,20.37
1,20130320T005649.151124.Cam6_33_aug_7.csv,157.22,62.5,23.98
