,name,c-x,c-y,radius
0,20130320T005239.812601.Cam6_34_aug_5.csv,193.80587768554688,127.22710418701172,22.26
1,20130320T005239.812601.Cam6_34_aug_5.csv,211.54586791992188,160.13710021972656,20.32
2,20130320T005239.812601.Cam6_34_aug_5.csv,52.515869140625,118.84710693359375,19.03
