,name,c-x,c-y,radius
0,20130320T005424.195756.Cam6_44_aug_5.csv,247.17000000000002,160.0,22.31
1,20130320T005424.195756.Cam6_44_aug_5.csv,265.78,162.78,19.25
2,20130320T005424.195756.Cam6_44_aug_5.csv,289.11,145.28,22.59
3,20130320T005424.195756.Cam6_44_aug_5.csv,275.78,31.11,18.42
