,name,c-x,c-y,radius
0,20130320T005136.192297.Cam6_33_aug_7.csv,63.87,57.74,22.9
1,20130320T005136.192297.Cam6_33_aug_7.csv,103.23,39.03,22.9
2,20130320T005136.192297.Cam6_33_aug_7.csv,214.84,184.52,21.29
3,20130320T005136.192297.Cam6_33_aug_7.csv,169.35,1.61,23.55
4,20130320T005136.192297.Cam6_33_aug_7.csv,212.26,1.29,23.55
5,20130320T005136.192297.Cam6_33_aug_7.csv,85.16,8.71,20.0
6,20130320T005136.192297.Cam6_33_aug_7.csv,41.61,29.03,20.0
