,name,c-x,c-y,radius
0,20130320T012820.808883_32_aug_3.csv,299.11,120.56,19.81
1,20130320T012820.808883_32_aug_3.csv,282.17,61.39,17.59
2,20130320T012820.808883_32_aug_3.csv,227.44,9.72,19.25
3,20130320T012820.808883_32_aug_3.csv,175.22,34.72,21.75
4,20130320T012820.808883_32_aug_3.csv,156.89,73.06,23.98
5,20130320T012820.808883_32_aug_3.csv,111.88999999999999,65.83,23.42
6,20130320T012820.808883_32_aug_3.csv,126.06,107.5,23.42
