,name,c-x,c-y,radius
0,20130320T005045.334133.Cam6_23_aug_1.csv,251.87,187.42,20.32
1,20130320T005045.334133.Cam6_23_aug_1.csv,212.84,171.29,20.32
2,20130320T005045.334133.Cam6_23_aug_1.csv,246.06,153.23,20.32
3,20130320T005045.334133.Cam6_23_aug_1.csv,221.55,145.16,17.09
