,name,c-x,c-y,radius
0,20130320T004547.804094.Cam6_12_aug_1.csv,145.5441131591797,69.99813079833984,26.42
1,20130320T004547.804094.Cam6_12_aug_1.csv,183.23411560058594,83.83812713623047,24.11
2,20130320T004547.804094.Cam6_12_aug_1.csv,174.3841094970703,119.6081314086914,21.8
3,20130320T004547.804094.Cam6_12_aug_1.csv,142.8541259765625,95.76812744140625,21.03
4,20130320T004547.804094.Cam6_12_aug_1.csv,120.15411376953125,152.68812561035156,21.03
