,name,c-x,c-y,radius
0,20130320T004808.188000.Cam6_61_aug_0.csv,134.69332885742188,119.34903717041016,17.42
1,20130320T004808.188000.Cam6_61_aug_0.csv,226.63333129882812,49.9990348815918,18.71
2,20130320T004808.188000.Cam6_61_aug_0.csv,195.663330078125,42.2490348815918,18.71
