,name,c-x,c-y,radius
0,20130320T005649.151124.Cam6_33_aug_0.csv,146.39175415039062,91.99299621582031,20.37
1,20130320T005649.151124.Cam6_33_aug_0.csv,120.56175231933594,63.38299560546875,23.98
