,name,c-x,c-y,radius
0,20130320T013627.866430_31_aug_4.csv,168.47119140625,136.5687255859375,16.48
1,20130320T013627.866430_31_aug_4.csv,220.70118713378906,132.12872314453125,13.42
2,20130320T013627.866430_31_aug_4.csv,230.1411895751953,62.12872314453125,15.92
3,20130320T013627.866430_31_aug_4.csv,240.4211883544922,36.01872253417969,17.03
4,20130320T013627.866430_31_aug_4.csv,259.31121826171875,50.73872375488281,17.03
