,name,c-x,c-y,radius
0,20130320T004401.325755.Cam6_61_aug_4.csv,265.3711814880371,58.77450942993164,14.08
1,20130320T004401.325755.Cam6_61_aug_4.csv,270.0611763000488,69.40451049804688,14.08
2,20130320T004401.325755.Cam6_61_aug_4.csv,264.7411766052246,83.7745132446289,14.08
3,20130320T004401.325755.Cam6_61_aug_4.csv,219.12118530273438,95.0245132446289,14.08
4,20130320T004401.325755.Cam6_61_aug_4.csv,162.24118041992188,141.27450561523438,14.08
5,20130320T004401.325755.Cam6_61_aug_4.csv,194.74118041992188,160.96450805664062,14.08
6,20130320T004401.325755.Cam6_61_aug_4.csv,206.31118774414062,145.02450561523438,11.26
