,name,c-x,c-y,radius
0,20130320T013320.243612_41_aug_4.csv,210.19464874267578,163.29412841796875,17.59
1,20130320T013320.243612_41_aug_4.csv,203.25464630126953,131.07412719726562,17.59
2,20130320T013320.243612_41_aug_4.csv,73.80464172363281,126.07412719726562,19.25
3,20130320T013320.243612_41_aug_4.csv,100.19464111328125,112.46412658691406,17.59
