,name,c-x,c-y,radius
0,20130320T005457.148800.Cam6_14_aug_4.csv,221.73797607421875,99.15997314453125,27.03
1,20130320T005457.148800.Cam6_14_aug_4.csv,271.4579772949219,87.20997619628906,27.03
