,name,c-x,c-y,radius
0,20130320T012907.095566_43_aug_6.csv,222.69316864013672,84.36854553222656,21.2
1,20130320T012907.095566_43_aug_6.csv,264.9131660461426,95.47854614257812,21.75
