,name,c-x,c-y,radius
0,20130320T012947.286881_21_aug_1.csv,35.34239959716797,43.34074783325195,19.81
1,20130320T012947.286881_21_aug_1.csv,86.72239685058594,87.22074890136719,19.81
