,name,c-x,c-y,radius
0,20130320T005441.910362.Cam6_34_aug_5.csv,139.08802795410156,163.25559997558594,20.37
1,20130320T005441.910362.Cam6_34_aug_5.csv,227.41803741455078,76.5956039428711,17.31
