,name,c-x,c-y,radius
0,20130320T013701.772015_23_aug_1.csv,242.47711181640625,85.01759338378906,19.25
1,20130320T013701.772015_23_aug_1.csv,274.41711807250977,46.967594146728516,17.31
