,name,c-x,c-y,radius
0,20130320T005754.104844.Cam6_52_aug_6.csv,296.51434326171875,77.90338134765625,22.31
1,20130320T005754.104844.Cam6_52_aug_6.csv,257.9043273925781,74.8433837890625,18.98
