,name,c-x,c-y,radius
0,20130320T004612.947488.Cam6_22_aug_1.csv,44.7088623046875,86.50038146972656,14.5
1,20130320T004612.947488.Cam6_22_aug_1.csv,17.00885009765625,85.73038482666016,16.03
