,name,c-x,c-y,radius
0,20130320T005614.102778.Cam6_73_aug_1.csv,232.86032104492188,143.29757690429688,14.53
