,name,c-x,c-y,radius
0,20130320T004619.042864.Cam6_53_aug_6.csv,11.100000000000023,154.83,17.54
