,name,c-x,c-y,radius
0,20130320T005801.343117.Cam6_12_aug_4.csv,192.17000000000002,157.78,18.98
1,20130320T005801.343117.Cam6_12_aug_4.csv,144.39,4.72,20.37
2,20130320T005801.343117.Cam6_12_aug_4.csv,71.33000000000001,74.72,26.2
