,name,c-x,c-y,radius
0,20130320T005638.293775.Cam6_12_aug_0.csv,60.83,172.5,19.25
1,20130320T005638.293775.Cam6_12_aug_0.csv,43.89,78.33,17.03
2,20130320T005638.293775.Cam6_12_aug_0.csv,30.56,50.0,17.03
3,20130320T005638.293775.Cam6_12_aug_0.csv,292.5,188.06,18.7
4,20130320T005638.293775.Cam6_12_aug_0.csv,201.11,141.11,17.31
5,20130320T005638.293775.Cam6_12_aug_0.csv,168.89,109.72,17.31
6,20130320T005638.293775.Cam6_12_aug_0.csv,206.39,114.72,16.48
7,20130320T005638.293775.Cam6_12_aug_0.csv,194.72,88.61,16.48
