,name,c-x,c-y,radius
0,20130320T004412.183109.Cam6_51_aug_3.csv,174.56,92.81,15.95
1,20130320T004412.183109.Cam6_51_aug_3.csv,182.69,120.31,15.95
2,20130320T004412.183109.Cam6_51_aug_3.csv,280.81,120.0,14.7
3,20130320T004412.183109.Cam6_51_aug_3.csv,304.56,115.94,13.45
