,name,c-x,c-y,radius
0,20130320T005946.488145.Cam6_11_aug_2.csv,87.22,191.11,17.03
1,20130320T005946.488145.Cam6_11_aug_2.csv,126.11,183.89,17.03
2,20130320T005946.488145.Cam6_11_aug_2.csv,95.83,120.0,19.25
3,20130320T005946.488145.Cam6_11_aug_2.csv,150.56,117.5,18.98
4,20130320T005946.488145.Cam6_11_aug_2.csv,145.83,77.22,19.81
5,20130320T005946.488145.Cam6_11_aug_2.csv,158.06,53.61,17.59
6,20130320T005946.488145.Cam6_11_aug_2.csv,125.0,51.67,20.37
7,20130320T005946.488145.Cam6_11_aug_2.csv,105.56,0.56,17.87
