,name,c-x,c-y,radius
0,20130320T013242.719107_13_aug_6.csv,290.22,155.56,19.53
1,20130320T013242.719107_13_aug_6.csv,204.11,138.33,14.53
2,20130320T013242.719107_13_aug_6.csv,183.82999999999998,122.78,16.75
3,20130320T013242.719107_13_aug_6.csv,148.28,141.11,14.53
4,20130320T013242.719107_13_aug_6.csv,92.16999999999999,140.56,14.53
5,20130320T013242.719107_13_aug_6.csv,67.44,142.78,14.53
6,20130320T013242.719107_13_aug_6.csv,54.110000000000014,132.78,14.53
7,20130320T013242.719107_13_aug_6.csv,84.66999999999999,113.33,14.53
8,20130320T013242.719107_13_aug_6.csv,25.5,168.06,14.53
