,name,c-x,c-y,radius
0,20130320T005906.868327.Cam6_61_aug_6.csv,16.060000000000002,21.39,18.14
