,name,c-x,c-y,radius
0,20130320T013505.769640_52_aug_4.csv,187.6539306640625,130.76065063476562,15.92
1,20130320T013505.769640_52_aug_4.csv,185.99392700195312,120.21065521240234,15.92
