,name,c-x,c-y,radius
0,20130320T004428.754944.Cam6_11_aug_4.csv,109.84210205078125,123.28865051269531,19.39
