,name,c-x,c-y,radius
0,20130320T004616.757192.Cam6_41_aug_3.csv,95.39964294433594,146.72105407714844,13.73
1,20130320T004616.757192.Cam6_41_aug_3.csv,107.70964813232422,122.49105072021484,13.73
