,name,c-x,c-y,radius
0,20130320T005504.768081.Cam6_11_aug_5.csv,81.39,185.0,21.75
1,20130320T005504.768081.Cam6_11_aug_5.csv,115.56,178.89,22.59
2,20130320T005504.768081.Cam6_11_aug_5.csv,146.94,163.06,17.03
3,20130320T005504.768081.Cam6_11_aug_5.csv,162.5,183.33,19.81
4,20130320T005504.768081.Cam6_11_aug_5.csv,75.83,103.33,22.31
5,20130320T005504.768081.Cam6_11_aug_5.csv,54.44,72.5,20.09
6,20130320T005504.768081.Cam6_11_aug_5.csv,93.33,71.11,20.09
