,name,c-x,c-y,radius
0,20130320T004430.088222.Cam6_33_aug_1.csv,101.76548767089844,138.91246032714844,20.33
1,20130320T004430.088222.Cam6_33_aug_1.csv,73.95549011230469,122.66246032714844,19.08
