,name,c-x,c-y,radius
0,20130320T004418.278486.Cam6_51_aug_4.csv,212.28448486328125,119.91697692871094,14.7
1,20130320T004418.278486.Cam6_51_aug_4.csv,233.2144775390625,99.28697204589844,14.7
