,name,c-x,c-y,radius
0,20130320T012847.857177_32_aug_3.csv,202.92032623291016,109.60765838623047,17.31
