,name,c-x,c-y,radius
0,20130320T013021.192340_43_aug_4.csv,166.37144470214844,44.309242248535156,17.03
1,20130320T013021.192340_43_aug_4.csv,254.9814453125,46.529239654541016,17.03
2,20130320T013021.192340_43_aug_4.csv,258.3214416503906,97.64923858642578,15.92
