,name,c-x,c-y,radius
0,20130320T004731.806377.Cam6_12_aug_1.csv,162.52706909179688,123.26808166503906,16.8
1,20130320T004731.806377.Cam6_12_aug_1.csv,194.8370819091797,134.0380859375,16.8
2,20130320T004731.806377.Cam6_12_aug_1.csv,169.8370819091797,95.18807983398438,16.8
3,20130320T004731.806377.Cam6_12_aug_1.csv,207.9170684814453,100.57807922363281,16.8
4,20130320T004731.806377.Cam6_12_aug_1.csv,198.2970733642578,58.64807891845703,13.73
