,name,c-x,c-y,radius
0,20130320T005544.959297.Cam6_62_aug_6.csv,207.3665771484375,118.89453125,18.7
1,20130320T005544.959297.Cam6_62_aug_6.csv,174.8665771484375,102.78453063964844,17.87
2,20130320T005544.959297.Cam6_62_aug_6.csv,159.0365753173828,78.05453491210938,15.92
3,20130320T005544.959297.Cam6_62_aug_6.csv,106.80658721923828,73.89453125,18.7
4,20130320T005544.959297.Cam6_62_aug_6.csv,90.41658782958984,14.444533348083496,24.53
5,20130320T005544.959297.Cam6_62_aug_6.csv,80.9765853881836,91.94453430175781,14.81
