,name,c-x,c-y,radius
0,20130320T005103.048751.Cam6_62_aug_2.csv,144.53207397460938,158.78594970703125,14.84
1,20130320T005103.048751.Cam6_62_aug_2.csv,258.7320747375488,117.81594848632812,14.84
2,20130320T005103.048751.Cam6_62_aug_2.csv,155.1820831298828,83.30595397949219,14.84
3,20130320T005103.048751.Cam6_62_aug_2.csv,137.76206970214844,71.36595153808594,14.84
