,name,c-x,c-y,radius
0,20130320T005441.910362.Cam6_34_aug_1.csv,106.15408325195312,168.4463653564453,20.37
1,20130320T005441.910362.Cam6_34_aug_1.csv,194.48407745361328,81.78636169433594,17.31
