,name,c-x,c-y,radius
0,20130320T012837.190206_21_aug_1.csv,178.95913696289062,101.27149200439453,14.81
1,20130320T012837.190206_21_aug_1.csv,104.79913330078125,97.66149139404297,17.31
