,name,c-x,c-y,radius
0,20130320T004422.088064.Cam6_43_aug_7.csv,37.81,86.25,20.64
1,20130320T004422.088064.Cam6_43_aug_7.csv,142.5,109.69,22.83
2,20130320T004422.088064.Cam6_43_aug_7.csv,206.56,113.75,20.33
3,20130320T004422.088064.Cam6_43_aug_7.csv,264.06,122.19,23.45
4,20130320T004422.088064.Cam6_43_aug_7.csv,249.06,169.06,26.58
5,20130320T004422.088064.Cam6_43_aug_7.csv,288.75,176.56,25.01
