,name,c-x,c-y,radius
0,20130320T013430.340287_53_aug_5.csv,85.17742919921875,129.23886108398438,29.53
1,20130320T013430.340287_53_aug_5.csv,139.34742736816406,138.9588623046875,29.53
