,name,c-x,c-y,radius
0,20130320T004615.614293.Cam6_51_aug_6.csv,214.41864013671875,20.930999755859375,12.19
1,20130320T004615.614293.Cam6_51_aug_6.csv,214.41864013671875,29.010997772216797,11.42
2,20130320T004615.614293.Cam6_51_aug_6.csv,194.41864013671875,28.62099838256836,11.42
3,20130320T004615.614293.Cam6_51_aug_6.csv,195.18863677978516,17.850997924804688,12.19
