,name,c-x,c-y,radius
0,20130320T013348.625201_64_aug_4.csv,191.06,142.5,23.98
1,20130320T013348.625201_64_aug_4.csv,135.5,71.94,27.03
2,20130320T013348.625201_64_aug_4.csv,162.72,34.17,28.7
3,20130320T013348.625201_64_aug_4.csv,11.060000000000002,115.0,23.98
