,name,c-x,c-y,radius
0,20130320T004438.278894.Cam6_42_aug_4.csv,201.00955200195312,57.63587951660156,10.64
1,20130320T004438.278894.Cam6_42_aug_4.csv,221.93954467773438,59.50587463378906,10.64
2,20130320T004438.278894.Cam6_42_aug_4.csv,242.56954956054688,101.38587951660156,10.64
3,20130320T004438.278894.Cam6_42_aug_4.csv,200.37954711914062,97.31587982177734,10.01
