,name,c-x,c-y,radius
0,20130320T004420.373780.Cam6_43_aug_3.csv,162.50125122070312,129.2440185546875,12.51
1,20130320T004420.373780.Cam6_43_aug_3.csv,177.19125366210938,128.62400817871094,12.51
2,20130320T004420.373780.Cam6_43_aug_3.csv,164.06124877929688,150.49400329589844,12.51
3,20130320T004420.373780.Cam6_43_aug_3.csv,140.00125122070312,156.12400817871094,12.51
