,name,c-x,c-y,radius
0,20130320T004935.046935.Cam6_52_aug_1.csv,186.06,144.52,15.8
1,20130320T004935.046935.Cam6_52_aug_1.csv,158.97,114.19,16.77
2,20130320T004935.046935.Cam6_52_aug_1.csv,114.13,166.45,15.16
3,20130320T004935.046935.Cam6_52_aug_1.csv,108.32,152.58,15.16
4,20130320T004935.046935.Cam6_52_aug_1.csv,95.1,132.9,15.16
5,20130320T004935.046935.Cam6_52_aug_1.csv,84.44999999999999,155.16,15.16
6,20130320T004935.046935.Cam6_52_aug_1.csv,55.41999999999999,49.03,25.8
7,20130320T004935.046935.Cam6_52_aug_1.csv,285.42,180.0,13.22
