,name,c-x,c-y,radius
0,20130320T013610.532832_42_aug_4.csv,51.961456298828125,145.05567932128906,19.81
1,20130320T013610.532832_42_aug_4.csv,100.57144165039062,150.8956756591797,19.81
2,20130320T013610.532832_42_aug_4.csv,146.96144104003906,118.9456787109375,19.25
3,20130320T013610.532832_42_aug_4.csv,226.9614486694336,68.11567687988281,25.37
