,name,c-x,c-y,radius
0,20130320T005418.100380.Cam6_51_aug_1.csv,115.73757934570312,127.86353302001953,16.13
1,20130320T005418.100380.Cam6_51_aug_1.csv,146.05758666992188,121.4035415649414,18.71
2,20130320T005418.100380.Cam6_51_aug_1.csv,55.08758544921875,115.92353057861328,15.16
