,name,c-x,c-y,radius
0,20130320T005241.907895.Cam6_64_aug_1.csv,286.7518196105957,119.15446472167969,15.48
1,20130320T005241.907895.Cam6_64_aug_1.csv,122.2418212890625,101.40446472167969,16.77
