,name,c-x,c-y,radius
0,20130320T013109.193320_51_aug_6.csv,230.5406494140625,154.20704650878906,13.7
1,20130320T013109.193320_51_aug_6.csv,286.10064697265625,122.2570571899414,14.53
2,20130320T013109.193320_51_aug_6.csv,276.9306640625,93.0870590209961,15.64
