,name,c-x,c-y,radius
0,20130320T004719.806124.Cam6_32_aug_6.csv,55.123783111572266,114.10391998291016,17.96
1,20130320T004719.806124.Cam6_32_aug_6.csv,43.193782806396484,73.71392059326172,17.96
2,20130320T004719.806124.Cam6_32_aug_6.csv,28.193782806396484,155.25392150878906,14.88
