,name,c-x,c-y,radius
0,20130320T005044.000731.Cam6_24_aug_3.csv,187.92837524414062,111.9026107788086,19.35
1,20130320T005044.000731.Cam6_24_aug_3.csv,218.89837646484375,94.16260528564453,18.38
2,20130320T005044.000731.Cam6_24_aug_3.csv,98.24838256835938,125.4526138305664,16.77
3,20130320T005044.000731.Cam6_24_aug_3.csv,72.12837219238281,149.32260131835938,18.38
