,name,c-x,c-y,radius
0,20130320T005229.717262.Cam6_14_aug_4.csv,121.78338623046875,143.88316345214844,16.45
1,20130320T005229.717262.Cam6_14_aug_4.csv,143.3933868408203,123.55318450927734,15.8
2,20130320T005229.717262.Cam6_14_aug_4.csv,113.723388671875,129.0431671142578,15.8
