,name,c-x,c-y,radius
0,20130320T013607.104137_43_aug_3.csv,126.96892547607422,135.2952423095703,18.98
1,20130320T013607.104137_43_aug_3.csv,183.3589324951172,96.68524169921875,18.98
2,20130320T013607.104137_43_aug_3.csv,65.57892608642578,63.625247955322266,21.48
