,name,c-x,c-y,radius
0,20130320T005821.153022.Cam6_13_aug_4.csv,88.83000000000001,85.0,23.42
1,20130320T005821.153022.Cam6_13_aug_4.csv,39.670000000000016,76.94,27.03
2,20130320T005821.153022.Cam6_13_aug_4.csv,16.060000000000002,120.83,24.25
