,name,c-x,c-y,radius
0,20130320T004757.711657.Cam6_21_aug_0.csv,131.72171020507812,82.72868347167969,17.19
