,name,c-x,c-y,radius
0,20130320T004754.663970.Cam6_52_aug_6.csv,34.920000000000016,20.38,16.03
1,20130320T004754.663970.Cam6_52_aug_6.csv,270.31,200.38,16.03
