,name,c-x,c-y,radius
0,20130320T012823.285182_62_aug_3.csv,33.37504196166992,83.9549560546875,17.87
1,20130320T012823.285182_62_aug_3.csv,154.76504516601562,101.17495727539062,22.31
2,20130320T012823.285182_62_aug_3.csv,76.15504455566406,29.504962921142578,22.31
