,name,c-x,c-y,radius
0,20130320T005808.771893.Cam6_23_aug_7.csv,235.0,33.06,24.25
1,20130320T005808.771893.Cam6_23_aug_7.csv,255.0,65.83,20.64
2,20130320T005808.771893.Cam6_23_aug_7.csv,275.56,47.78,20.64
3,20130320T005808.771893.Cam6_23_aug_7.csv,295.28,76.94,20.64
4,20130320T005808.771893.Cam6_23_aug_7.csv,297.5,21.94,21.48
5,20130320T005808.771893.Cam6_23_aug_7.csv,266.39,8.61,21.48
6,20130320T005808.771893.Cam6_23_aug_7.csv,80.56,4.44,21.48
