,name,c-x,c-y,radius
0,20130320T005409.338327.Cam6_42_aug_0.csv,244.5283203125,123.77986145019531,21.61
