,name,c-x,c-y,radius
0,20130320T005912.201684.Cam6_63_aug_0.csv,163.13352966308594,51.60060501098633,22.59
