,name,c-x,c-y,radius
0,20130320T005319.623044.Cam6_13_aug_5.csv,181.55,47.1,20.64
1,20130320T005319.623044.Cam6_13_aug_5.csv,114.13,111.29,19.03
2,20130320T005319.623044.Cam6_13_aug_5.csv,109.28999999999999,143.55,19.03
3,20130320T005319.623044.Cam6_13_aug_5.csv,58.650000000000006,184.84,19.03
