,name,c-x,c-y,radius
0,20130320T005757.152532.Cam6_11_aug_4.csv,206.5224609375,172.67530822753906,19.53
1,20130320T005757.152532.Cam6_11_aug_4.csv,244.57244873046875,145.17530822753906,20.09
2,20130320T005757.152532.Cam6_11_aug_4.csv,247.63247680664062,64.34530639648438,21.48
3,20130320T005757.152532.Cam6_11_aug_4.csv,257.07244873046875,86.28530883789062,19.53
