,name,c-x,c-y,radius
0,20130320T013512.055389_22_aug_6.csv,233.39881896972656,142.77557373046875,19.25
1,20130320T013512.055389_22_aug_6.csv,247.84881591796875,123.05557250976562,22.03
2,20130320T013512.055389_22_aug_6.csv,248.12881469726562,104.43557739257812,20.92
3,20130320T013512.055389_22_aug_6.csv,250.06881713867188,65.27557373046875,20.92
4,20130320T013512.055389_22_aug_6.csv,216.7388153076172,82.215576171875,20.92
5,20130320T013512.055389_22_aug_6.csv,202.288818359375,119.715576171875,20.92
6,20130320T013512.055389_22_aug_6.csv,148.67881774902344,69.715576171875,20.37
7,20130320T013512.055389_22_aug_6.csv,216.17881774902344,69.16557312011719,20.37
