,name,c-x,c-y,radius
0,20130320T005754.104844.Cam6_52_aug_5.csv,250.61724853515625,70.25276184082031,22.31
1,20130320T005754.104844.Cam6_52_aug_5.csv,212.00723266601562,67.19276428222656,18.98
