,name,c-x,c-y,radius
0,20130320T005611.055090.Cam6_13_aug_7.csv,82.22,114.72,20.37
1,20130320T005611.055090.Cam6_13_aug_7.csv,118.33,126.11,17.03
2,20130320T005611.055090.Cam6_13_aug_7.csv,257.5,103.33,21.2
3,20130320T005611.055090.Cam6_13_aug_7.csv,43.89,192.5,22.59
