,name,c-x,c-y,radius
0,20130320T004850.855639.Cam6_23_aug_1.csv,13.946685791015625,70.34873962402344,23.22
