,name,c-x,c-y,radius
0,20130320T004408.944916.Cam6_54_aug_6.csv,253.2335205078125,129.8952178955078,15.95
1,20130320T004408.944916.Cam6_54_aug_6.csv,243.2335205078125,145.21522521972656,14.7
