,name,c-x,c-y,radius
0,20130320T013608.056531_21_aug_7.csv,53.06,147.78,15.64
1,20130320T013608.056531_21_aug_7.csv,16.11,158.61,15.64
2,20130320T013608.056531_21_aug_7.csv,131.39,171.67,18.42
3,20130320T013608.056531_21_aug_7.csv,156.67,167.22,19.53
4,20130320T013608.056531_21_aug_7.csv,171.11,181.11,19.53
5,20130320T013608.056531_21_aug_7.csv,264.44,111.39,18.7
