,name,c-x,c-y,radius
0,20130320T004916.760931.Cam6_21_aug_7.csv,274.84,18.06,16.13
1,20130320T004916.760931.Cam6_21_aug_7.csv,302.58,121.61,14.19
