,name,c-x,c-y,radius
0,20130320T004931.046852.Cam6_32_aug_3.csv,207.17257690429688,154.27366638183594,22.58
