,name,c-x,c-y,radius
0,20130320T005034.857669.Cam6_61_aug_0.csv,11.230000000000018,55.48,15.48
1,20130320T005034.857669.Cam6_61_aug_0.csv,22.189999999999998,64.84,15.48
2,20130320T005034.857669.Cam6_61_aug_0.csv,124.44999999999999,81.29,12.58
3,20130320T005034.857669.Cam6_61_aug_0.csv,209.61,17.1,12.58
4,20130320T005034.857669.Cam6_61_aug_0.csv,225.1,20.0,12.58
