,name,c-x,c-y,radius
0,20130320T005017.714559.Cam6_41_aug_2.csv,227.4599151611328,134.6809844970703,20.96
1,20130320T005017.714559.Cam6_41_aug_2.csv,129.39991760253906,42.74098587036133,15.48
