,name,c-x,c-y,radius
0,20130320T004850.855639.Cam6_23_aug_3.csv,296.8377990722656,77.27523040771484,23.22
