,name,c-x,c-y,radius
0,20130320T010001.916956.Cam6_44_aug_6.csv,212.43800354003906,122.05896759033203,18.42
1,20130320T010001.916956.Cam6_44_aug_6.csv,188.2779998779297,144.83895874023438,22.87
2,20130320T010001.916956.Cam6_44_aug_6.csv,152.43800354003906,127.3389663696289,21.75
3,20130320T010001.916956.Cam6_44_aug_6.csv,114.38800048828125,114.55896759033203,19.53
