,name,c-x,c-y,radius
0,20130320T004849.331732.Cam6_43_aug_6.csv,50.037628173828125,99.27811431884766,28.71
1,20130320T004849.331732.Cam6_43_aug_6.csv,73.57762145996094,108.95811462402344,28.71
2,20130320T004849.331732.Cam6_43_aug_6.csv,50.99761962890625,59.278114318847656,19.67
3,20130320T004849.331732.Cam6_43_aug_6.csv,34.87762451171875,53.14811325073242,19.67
4,20130320T004849.331732.Cam6_43_aug_6.csv,31.967620849609375,65.73811340332031,19.67
