,name,c-x,c-y,radius
0,20130320T004628.947822.Cam6_64_aug_6.csv,216.73583221435547,88.55049133300781,14.44
