,name,c-x,c-y,radius
0,20130320T010000.964560.Cam6_42_aug_6.csv,245.48480606079102,77.895263671875,20.64
1,20130320T010000.964560.Cam6_42_aug_6.csv,199.64481353759766,132.33526611328125,22.31
2,20130320T010000.964560.Cam6_42_aug_6.csv,158.2548065185547,119.83526611328125,22.31
3,20130320T010000.964560.Cam6_42_aug_6.csv,77.14480590820312,143.45526123046875,20.09
4,20130320T010000.964560.Cam6_42_aug_6.csv,46.3148193359375,130.67526245117188,23.98
