,name,c-x,c-y,radius
0,20130320T005252.003348.Cam6_42_aug_1.csv,299.61,132.58,14.84
1,20130320T005252.003348.Cam6_42_aug_1.csv,279.61,112.58,17.42
2,20130320T005252.003348.Cam6_42_aug_1.csv,170.58,32.58,17.42
