,name,c-x,c-y,radius
0,20130320T004425.516756.Cam6_43_aug_4.csv,132.66929626464844,152.16030883789062,11.89
1,20130320T004425.516756.Cam6_43_aug_4.csv,151.7292938232422,153.73031616210938,11.26
