,name,c-x,c-y,radius
0,20130320T004550.470901.Cam6_42_aug_3.csv,82.08259582519531,85.14237976074219,17.57
