,name,c-x,c-y,radius
0,20130320T012914.905227_42_aug_1.csv,56.80564880371094,74.55052947998047,16.48
1,20130320T012914.905227_42_aug_1.csv,62.07563781738281,52.600528717041016,16.48
2,20130320T012914.905227_42_aug_1.csv,184.30562591552734,63.160526275634766,15.64
3,20130320T012914.905227_42_aug_1.csv,212.9156265258789,66.21053314208984,15.64
4,20130320T012914.905227_42_aug_1.csv,169.8556365966797,100.93053436279297,13.7
