,name,c-x,c-y,radius
0,20130320T013333.386760_33_aug_6.csv,104.45598602294922,92.65642547607422,22.31
1,20130320T013333.386760_33_aug_6.csv,85.84598541259766,133.76641845703125,25.64
2,20130320T013333.386760_33_aug_6.csv,39.17598342895508,57.376426696777344,25.64
