,name,c-x,c-y,radius
0,20130320T010000.964560.Cam6_42_aug_0.csv,267.60813903808594,79.17504119873047,20.64
1,20130320T010000.964560.Cam6_42_aug_0.csv,221.7681427001953,133.6150360107422,22.31
2,20130320T010000.964560.Cam6_42_aug_0.csv,180.37814331054688,121.11504364013672,22.31
3,20130320T010000.964560.Cam6_42_aug_0.csv,99.26814270019531,144.7350311279297,20.09
4,20130320T010000.964560.Cam6_42_aug_0.csv,68.43814086914062,131.9550323486328,23.98
