,name,c-x,c-y,radius
0,20130320T005822.486424.Cam6_43_aug_4.csv,54.297607421875,107.04191589355469,26.2
1,20130320T005822.486424.Cam6_43_aug_4.csv,84.297607421875,77.60191345214844,32.59
