,name,c-x,c-y,radius
0,20130320T004808.188000.Cam6_61_aug_1.csv,133.00559997558594,137.08343505859375,17.42
1,20130320T004808.188000.Cam6_61_aug_1.csv,41.065582275390625,67.73342895507812,18.71
2,20130320T004808.188000.Cam6_61_aug_1.csv,72.03559875488281,59.98343276977539,18.71
