,name,c-x,c-y,radius
0,20130320T013512.055389_22_aug_0.csv,200.79779052734375,154.29574584960938,19.25
1,20130320T013512.055389_22_aug_0.csv,215.24778747558594,134.57574462890625,22.03
2,20130320T013512.055389_22_aug_0.csv,215.5277862548828,115.95574951171875,20.92
3,20130320T013512.055389_22_aug_0.csv,217.46778869628906,76.79574584960938,20.92
4,20130320T013512.055389_22_aug_0.csv,184.13778686523438,93.73574829101562,20.92
5,20130320T013512.055389_22_aug_0.csv,169.6877899169922,131.23574829101562,20.92
6,20130320T013512.055389_22_aug_0.csv,116.07779693603516,81.23574829101562,20.37
7,20130320T013512.055389_22_aug_0.csv,183.57778930664062,80.68574523925781,20.37
