,name,c-x,c-y,radius
0,20130320T004946.285290.Cam6_34_aug_5.csv,210.9,51.94,23.87
1,20130320T004946.285290.Cam6_34_aug_5.csv,140.26,47.42,18.38
2,20130320T004946.285290.Cam6_34_aug_5.csv,108.32,27.1,21.61
3,20130320T004946.285290.Cam6_34_aug_5.csv,270.9,110.0,19.03
4,20130320T004946.285290.Cam6_34_aug_5.csv,171.23,173.87,21.61
5,20130320T004946.285290.Cam6_34_aug_5.csv,9.610000000000014,197.1,19.35
