,name,c-x,c-y,radius
0,20130320T005418.100380.Cam6_51_aug_0.csv,215.6228485107422,143.70140075683594,16.13
1,20130320T005418.100380.Cam6_51_aug_0.csv,185.30284118652344,137.2414093017578,18.71
2,20130320T005418.100380.Cam6_51_aug_0.csv,276.2728271484375,131.7613983154297,15.16
