,name,c-x,c-y,radius
0,20130320T004534.280053.Cam6_73_aug_2.csv,101.45849609375,156.23672485351562,16.64
