,name,c-x,c-y,radius
0,20130320T013137.193899_22_aug_1.csv,266.06,75.56,15.92
1,20130320T013137.193899_22_aug_1.csv,201.61,93.89,16.75
2,20130320T013137.193899_22_aug_1.csv,188.82999999999998,117.5,15.92
3,20130320T013137.193899_22_aug_1.csv,185.22,18.06,14.25
4,20130320T013137.193899_22_aug_1.csv,190.78,0.56,14.25
5,20130320T013137.193899_22_aug_1.csv,52.16999999999999,136.11,17.59
