,name,c-x,c-y,radius
0,20130320T004753.521071.Cam6_54_aug_1.csv,256.46,138.08,17.19
1,20130320T004753.521071.Cam6_54_aug_1.csv,225.69,158.08,16.42
2,20130320T004753.521071.Cam6_54_aug_1.csv,194.92000000000002,150.38,14.88
3,20130320T004753.521071.Cam6_54_aug_1.csv,168.0,171.54,14.88
4,20130320T004753.521071.Cam6_54_aug_1.csv,99.53999999999999,132.31,14.88
5,20130320T004753.521071.Cam6_54_aug_1.csv,149.15,126.92,14.5
6,20130320T004753.521071.Cam6_54_aug_1.csv,38.0,150.38,14.5
7,20130320T004753.521071.Cam6_54_aug_1.csv,51.85000000000002,10.0,14.11
8,20130320T004753.521071.Cam6_54_aug_1.csv,74.91999999999999,192.31,13.34
