,name,c-x,c-y,radius
0,20130320T012947.286881_21_aug_4.csv,219.61605834960938,57.84929275512695,19.81
1,20130320T012947.286881_21_aug_4.csv,168.23605346679688,101.72929382324219,19.81
