,name,c-x,c-y,radius
0,20130320T005834.296166.Cam6_62_aug_2.csv,165.6788330078125,124.52782440185547,30.92
