,name,c-x,c-y,radius
0,20130320T004430.088222.Cam6_33_aug_2.csv,227.58245849609375,168.33065795898438,20.33
1,20130320T004430.088222.Cam6_33_aug_2.csv,255.3924560546875,152.08065795898438,19.08
