,name,c-x,c-y,radius
0,20130320T004430.659734.Cam6_42_aug_4.csv,250.2503204345703,106.94853210449219,19.08
1,20130320T004430.659734.Cam6_42_aug_4.csv,289.6303405761719,120.38853454589844,16.89
2,20130320T004430.659734.Cam6_42_aug_4.csv,272.7503356933594,91.00852966308594,17.2
3,20130320T004430.659734.Cam6_42_aug_4.csv,176.19032287597656,160.0685272216797,10.01
