,name,c-x,c-y,radius
0,20130320T005944.964239.Cam6_42_aug_6.csv,250.5317840576172,131.3714599609375,24.25
1,20130320T005944.964239.Cam6_42_aug_6.csv,204.1417999267578,134.15145874023438,23.14
2,20130320T005944.964239.Cam6_42_aug_6.csv,131.091796875,96.65145874023438,22.03
