,name,c-x,c-y,radius
0,20130320T005119.430084.Cam6_11_aug_1.csv,184.4133071899414,126.50033569335938,12.58
