,name,c-x,c-y,radius
0,20130320T005641.531967.Cam6_13_aug_4.csv,153.08901977539062,151.10104370117188,20.92
