,name,c-x,c-y,radius
0,20130320T012845.190374_42_aug_5.csv,46.889999999999986,105.83,17.03
1,20130320T012845.190374_42_aug_5.csv,26.329999999999984,111.67,14.53
2,20130320T012845.190374_42_aug_5.csv,77.72,91.67,15.92
3,20130320T012845.190374_42_aug_5.csv,102.72,1.11,15.92
