,name,c-x,c-y,radius
0,20130320T004528.565680.Cam6_54_aug_5.csv,282.64202880859375,99.2857666015625,8.8
1,20130320T004528.565680.Cam6_54_aug_5.csv,291.5620422363281,85.49576568603516,8.8
2,20130320T004528.565680.Cam6_54_aug_5.csv,301.83203125,64.95576477050781,8.8
3,20130320T004528.565680.Cam6_54_aug_5.csv,277.5020446777344,143.3357696533203,10.69
