,name,c-x,c-y,radius
0,20130320T013221.385303_23_aug_0.csv,116.61000000000001,138.06,19.81
1,20130320T013221.385303_23_aug_0.csv,116.06,117.22,24.81
2,20130320T013221.385303_23_aug_0.csv,95.22,84.17,23.98
3,20130320T013221.385303_23_aug_0.csv,128.83,44.17,26.2
4,20130320T013221.385303_23_aug_0.csv,147.72,13.06,23.7
5,20130320T013221.385303_23_aug_0.csv,79.11000000000001,25.28,22.59
