,name,c-x,c-y,radius
0,20130320T013040.049855_33_aug_0.csv,6.94,183.61,16.75
1,20130320T013040.049855_33_aug_0.csv,32.5,165.56,17.59
2,20130320T013040.049855_33_aug_0.csv,33.06,115.83,17.31
3,20130320T013040.049855_33_aug_0.csv,26.11,99.17,17.31
4,20130320T013040.049855_33_aug_0.csv,64.44,98.61,17.87
5,20130320T013040.049855_33_aug_0.csv,170.56,59.44,15.64
6,20130320T013040.049855_33_aug_0.csv,202.78,61.11,18.42
7,20130320T013040.049855_33_aug_0.csv,248.89,70.83,18.14
