,name,c-x,c-y,radius
0,20130320T004440.374187.Cam6_62_aug_3.csv,201.2899169921875,150.7899169921875,20.33
