,name,c-x,c-y,radius
0,20130320T013311.672065_31_aug_6.csv,63.83000000000001,165.0,14.53
1,20130320T013311.672065_31_aug_6.csv,14.939999999999998,150.56,14.53
2,20130320T013311.672065_31_aug_6.csv,264.67,86.11,13.98
3,20130320T013311.672065_31_aug_6.csv,233.56,87.22,13.98
