,name,c-x,c-y,radius
0,20130320T005834.296166.Cam6_62_aug_6.csv,154.8531951904297,109.74478149414062,30.92
