,name,c-x,c-y,radius
0,20130320T005548.959378.Cam6_62_aug_1.csv,93.1337661743164,129.81593322753906,16.48
