,name,c-x,c-y,radius
0,20130320T004359.801846.Cam6_21_aug_3.csv,130.5945281982422,128.09896850585938,24.39
1,20130320T004359.801846.Cam6_21_aug_3.csv,148.7145233154297,122.15897369384766,24.39
2,20130320T004359.801846.Cam6_21_aug_3.csv,138.40452575683594,95.28897857666016,23.14
