,name,c-x,c-y,radius
0,20130320T013351.101377_43_aug_7.csv,77.78,158.89,21.48
1,20130320T013351.101377_43_aug_7.csv,141.94,161.67,22.87
2,20130320T013351.101377_43_aug_7.csv,185.0,137.5,24.53
3,20130320T013351.101377_43_aug_7.csv,250.0,166.67,24.53
4,20130320T013351.101377_43_aug_7.csv,280.56,201.67,20.09
