,name,c-x,c-y,radius
0,20130320T012927.857864_33_aug_3.csv,221.8365936279297,154.32614135742188,15.09
1,20130320T012927.857864_33_aug_3.csv,252.39659118652344,105.98614501953125,15.09
2,20130320T012927.857864_33_aug_3.csv,204.89659118652344,87.65614318847656,17.03
3,20130320T012927.857864_33_aug_3.csv,172.39659118652344,101.546142578125,18.14
4,20130320T012927.857864_33_aug_3.csv,96.56658172607422,63.766143798828125,16.48
5,20130320T012927.857864_33_aug_3.csv,44.33658218383789,73.48614501953125,14.25
6,20130320T012927.857864_33_aug_3.csv,42.396583557128906,56.546142578125,15.37
