,name,c-x,c-y,radius
0,20130320T013026.525827_62_aug_3.csv,192.72,41.94,21.2
1,20130320T013026.525827_62_aug_3.csv,159.94,41.11,20.64
2,20130320T013026.525827_62_aug_3.csv,118.83000000000001,27.5,22.31
3,20130320T013026.525827_62_aug_3.csv,73.0,148.61,17.87
4,20130320T013026.525827_62_aug_3.csv,48.56,167.5,17.87
5,20130320T013026.525827_62_aug_3.csv,73.56,174.17,16.75
6,20130320T013026.525827_62_aug_3.csv,91.33000000000001,52.22,20.92
