,name,c-x,c-y,radius
0,20130320T013027.668727_21_aug_0.csv,97.95004272460938,148.2958526611328,18.42
1,20130320T013027.668727_21_aug_0.csv,60.73004150390625,159.96585083007812,18.42
2,20130320T013027.668727_21_aug_0.csv,51.010040283203125,133.85585021972656,18.42
3,20130320T013027.668727_21_aug_0.csv,96.56004333496094,115.79586029052734,19.53
4,20130320T013027.668727_21_aug_0.csv,67.95004272460938,94.96585845947266,19.53
5,20130320T013027.668727_21_aug_0.csv,92.40003967285156,74.4058609008789,19.53
