,name,c-x,c-y,radius
0,20130320T004611.042700.Cam6_31_aug_2.csv,153.60089111328125,130.75051879882812,14.5
1,20130320T004611.042700.Cam6_31_aug_2.csv,127.44088745117188,121.13053131103516,14.5
2,20130320T004611.042700.Cam6_31_aug_2.csv,113.60089111328125,137.29051208496094,14.5
