,name,c-x,c-y,radius
0,20130320T005737.914012.Cam6_52_aug_0.csv,174.88706970214844,153.9916534423828,23.98
1,20130320T005737.914012.Cam6_52_aug_0.csv,204.88706970214844,185.38165283203125,30.09
