,name,c-x,c-y,radius
0,20130320T005218.097902.Cam6_73_aug_3.csv,264.45,133.87,15.8
1,20130320T005218.097902.Cam6_73_aug_3.csv,123.81,72.58,15.8
2,20130320T005218.097902.Cam6_73_aug_3.csv,139.29,110.32,13.55
3,20130320T005218.097902.Cam6_73_aug_3.csv,142.52,69.03,13.55
4,20130320T005218.097902.Cam6_73_aug_3.csv,254.13,41.94,12.9
5,20130320T005218.097902.Cam6_73_aug_3.csv,234.45,35.81,12.9
6,20130320T005218.097902.Cam6_73_aug_3.csv,301.87,9.03,12.9
