,name,c-x,c-y,radius
0,20130320T012820.428000_21_aug_5.csv,231.04279327392578,116.54024505615234,17.87
1,20130320T012820.428000_21_aug_5.csv,136.59280395507812,155.71023559570312,17.87
2,20130320T012820.428000_21_aug_5.csv,132.98280334472656,124.04024505615234,18.98
3,20130320T012820.428000_21_aug_5.csv,100.48280334472656,139.0402374267578,19.81
