,name,c-x,c-y,radius
0,20130320T004541.899219.Cam6_31_aug_5.csv,47.45999999999998,182.16,19.61
1,20130320T004541.899219.Cam6_31_aug_5.csv,27.45999999999998,162.97,16.1
