,name,c-x,c-y,radius
0,20130320T005106.286943.Cam6_32_aug_0.csv,111.34070587158203,61.05352783203125,16.45
