,name,c-x,c-y,radius
0,20130320T004404.373443.Cam6_32_aug_0.csv,63.33595275878906,108.33746337890625,24.39
