,name,c-x,c-y,radius
0,20130320T005452.005817.Cam6_63_aug_4.csv,260.2834167480469,119.77953338623047,17.87
