,name,c-x,c-y,radius
0,20130320T013021.192340_43_aug_1.csv,182.0631561279297,50.612979888916016,17.03
1,20130320T013021.192340_43_aug_1.csv,93.4531478881836,52.832977294921875,17.03
2,20130320T013021.192340_43_aug_1.csv,90.11315155029297,103.9529800415039,15.92
