,name,c-x,c-y,radius
0,20130320T004408.944916.Cam6_54_aug_1.csv,234.63453674316406,153.36212158203125,15.95
1,20130320T004408.944916.Cam6_54_aug_1.csv,224.63453674316406,168.68212890625,14.7
