,name,c-x,c-y,radius
0,20130320T005913.915969.Cam6_31_aug_7.csv,19.17,160.0,22.87
1,20130320T005913.915969.Cam6_31_aug_7.csv,40.56,169.44,22.87
2,20130320T005913.915969.Cam6_31_aug_7.csv,158.61,128.89,22.87
3,20130320T005913.915969.Cam6_31_aug_7.csv,110.28,19.17,23.7
4,20130320T005913.915969.Cam6_31_aug_7.csv,250.28,45.56,18.7
5,20130320T005913.915969.Cam6_31_aug_7.csv,30.56,118.89,18.42
