,name,c-x,c-y,radius
0,20130320T005106.286943.Cam6_32_aug_2.csv,209.1024932861328,88.48713684082031,16.45
