,name,c-x,c-y,radius
0,20130320T005946.488145.Cam6_11_aug_0.csv,220.78,191.11,17.03
1,20130320T005946.488145.Cam6_11_aug_0.csv,181.89,183.89,17.03
2,20130320T005946.488145.Cam6_11_aug_0.csv,212.17000000000002,120.0,19.25
3,20130320T005946.488145.Cam6_11_aug_0.csv,157.44,117.5,18.98
4,20130320T005946.488145.Cam6_11_aug_0.csv,162.17,77.22,19.81
5,20130320T005946.488145.Cam6_11_aug_0.csv,149.94,53.61,17.59
6,20130320T005946.488145.Cam6_11_aug_0.csv,183.0,51.67,20.37
7,20130320T005946.488145.Cam6_11_aug_0.csv,202.44,0.56,17.87
