,name,c-x,c-y,radius
0,20130320T005927.440129.Cam6_43_aug_1.csv,224.9459686279297,154.5363311767578,24.25
1,20130320T005927.440129.Cam6_43_aug_1.csv,125.2259750366211,152.8663330078125,23.14
2,20130320T005927.440129.Cam6_43_aug_1.csv,95.50597381591797,118.9763412475586,21.2
3,20130320T005927.440129.Cam6_43_aug_1.csv,54.66597366333008,103.70633697509766,21.2
