,name,c-x,c-y,radius
0,20130320T005545.911690.Cam6_41_aug_2.csv,279.67,53.33,24.25
1,20130320T005545.911690.Cam6_41_aug_2.csv,241.89,49.17,24.25
2,20130320T005545.911690.Cam6_41_aug_2.csv,182.17000000000002,100.0,31.2
3,20130320T005545.911690.Cam6_41_aug_2.csv,140.5,79.72,35.64
4,20130320T005545.911690.Cam6_41_aug_2.csv,58.56,51.67,24.81
5,20130320T005545.911690.Cam6_41_aug_2.csv,25.779999999999973,200.0,26.2
