,name,c-x,c-y,radius
0,20130320T012907.095566_43_aug_5.csv,188.9666976928711,91.84576416015625,21.2
1,20130320T012907.095566_43_aug_5.csv,231.18669891357422,102.95576477050781,21.75
