,name,c-x,c-y,radius
0,20130320T005737.533128.Cam6_22_aug_6.csv,118.27775573730469,97.67086029052734,24.53
1,20130320T005737.533128.Cam6_22_aug_6.csv,152.44775390625,115.17086029052734,23.14
