,name,c-x,c-y,radius
0,20130320T005454.101113.Cam6_51_aug_1.csv,272.72,142.5,14.25
1,20130320T005454.101113.Cam6_51_aug_1.csv,242.44,142.78,14.25
2,20130320T005454.101113.Cam6_51_aug_1.csv,204.11,177.78,17.03
3,20130320T005454.101113.Cam6_51_aug_1.csv,187.44,129.72,15.09
4,20130320T005454.101113.Cam6_51_aug_1.csv,119.11000000000001,157.78,15.09
