,name,c-x,c-y,radius
0,20130320T005917.725673.Cam6_43_aug_2.csv,285.22,164.44,27.31
1,20130320T005917.725673.Cam6_43_aug_2.csv,299.39,119.17,25.37
2,20130320T005917.725673.Cam6_43_aug_2.csv,245.22,121.39,27.87
3,20130320T005917.725673.Cam6_43_aug_2.csv,163.28,134.72,25.37
