,name,c-x,c-y,radius
0,20130320T005644.770158.Cam6_13_aug_6.csv,46.889999999999986,152.78,27.03
1,20130320T005644.770158.Cam6_13_aug_6.csv,93.28,116.94,21.2
2,20130320T005644.770158.Cam6_13_aug_6.csv,103.83000000000001,87.5,18.42
3,20130320T005644.770158.Cam6_13_aug_6.csv,64.11000000000001,39.72,19.53
4,20130320T005644.770158.Cam6_13_aug_6.csv,33.56,19.44,18.7
