,name,c-x,c-y,radius
0,20130320T013608.628043_23_aug_3.csv,243.48876953125,92.76875305175781,18.42
1,20130320T013608.628043_23_aug_3.csv,189.87876892089844,64.42875671386719,18.7
2,20130320T013608.628043_23_aug_3.csv,62.93876266479492,106.65875244140625,15.09
