,name,c-x,c-y,radius
0,20130320T005136.573304.Cam6_24_aug_3.csv,238.71602630615234,68.96672058105469,21.93
1,20130320T005136.573304.Cam6_24_aug_3.csv,270.96602630615234,95.4167251586914,20.64
2,20130320T005136.573304.Cam6_24_aug_3.csv,230.0060272216797,111.54672241210938,21.61
3,20130320T005136.573304.Cam6_24_aug_3.csv,79.35601806640625,86.06671905517578,19.03
