,name,c-x,c-y,radius
0,20130320T005441.910362.Cam6_34_aug_0.csv,150.3410186767578,140.4669189453125,20.37
1,20130320T005441.910362.Cam6_34_aug_0.csv,238.67101287841797,53.80691909790039,17.31
