,name,c-x,c-y,radius
0,20130320T005051.048506.Cam6_31_aug_7.csv,143.87,144.84,21.93
1,20130320T005051.048506.Cam6_31_aug_7.csv,115.81,149.03,21.93
2,20130320T005051.048506.Cam6_31_aug_7.csv,153.55,172.26,21.93
3,20130320T005051.048506.Cam6_31_aug_7.csv,240.97,185.16,21.93
4,20130320T005051.048506.Cam6_31_aug_7.csv,276.13,183.55,21.93
5,20130320T005051.048506.Cam6_31_aug_7.csv,200.97,194.52,21.93
6,20130320T005051.048506.Cam6_31_aug_7.csv,217.74,20.0,21.93
7,20130320T005051.048506.Cam6_31_aug_7.csv,242.9,0.0,20.96
