,name,c-x,c-y,radius
0,20130320T005027.238508.Cam6_53_aug_2.csv,69.041748046875,77.27713775634766,23.55
1,20130320T005027.238508.Cam6_53_aug_2.csv,256.78174591064453,110.17713928222656,21.29
