,name,c-x,c-y,radius
0,20130320T013126.146046_22_aug_6.csv,132.44,103.89,15.09
1,20130320T013126.146046_22_aug_6.csv,106.33000000000001,116.67,15.64
2,20130320T013126.146046_22_aug_6.csv,283.56,95.83,14.25
3,20130320T013126.146046_22_aug_6.csv,141.61,25.0,17.03
4,20130320T013126.146046_22_aug_6.csv,109.94,9.44,16.48
5,20130320T013126.146046_22_aug_6.csv,100.78,24.17,16.48
