,name,c-x,c-y,radius
0,20130320T004550.470901.Cam6_42_aug_2.csv,224.67198181152344,71.87427520751953,17.57
