,name,c-x,c-y,radius
0,20130320T013058.526474_21_aug_5.csv,247.17000000000002,150.56,14.53
1,20130320T013058.526474_21_aug_5.csv,154.94,152.5,16.75
2,20130320T013058.526474_21_aug_5.csv,140.5,119.72,17.87
3,20130320T013058.526474_21_aug_5.csv,40.22000000000003,101.67,16.2
4,20130320T013058.526474_21_aug_5.csv,2.7200000000000273,123.89,16.2
