,name,c-x,c-y,radius
0,20130320T005131.239822.Cam6_11_aug_1.csv,209.02352142333984,70.20858764648438,23.22
1,20130320T005131.239822.Cam6_11_aug_1.csv,260.31352615356445,37.62858963012695,21.93
2,20130320T005131.239822.Cam6_11_aug_1.csv,281.9335231781006,60.208587646484375,22.9
3,20130320T005131.239822.Cam6_11_aug_1.csv,242.89352416992188,24.728588104248047,21.61
