,name,c-x,c-y,radius
0,20130320T005927.440129.Cam6_43_aug_0.csv,204.4328155517578,177.76483154296875,24.25
1,20130320T005927.440129.Cam6_43_aug_0.csv,104.71280670166016,176.09483337402344,23.14
2,20130320T005927.440129.Cam6_43_aug_0.csv,74.99280548095703,142.204833984375,21.2
3,20130320T005927.440129.Cam6_43_aug_0.csv,34.15280532836914,126.93482208251953,21.2
