,name,c-x,c-y,radius
0,20130320T004359.801846.Cam6_21_aug_6.csv,120.22174072265625,131.54063415527344,24.39
1,20130320T004359.801846.Cam6_21_aug_6.csv,138.34173583984375,125.60063171386719,24.39
2,20130320T004359.801846.Cam6_21_aug_6.csv,128.03173828125,98.73063659667969,23.14
