,name,c-x,c-y,radius
0,20130320T004929.332567.Cam6_23_aug_0.csv,216.70999999999998,187.1,20.96
1,20130320T004929.332567.Cam6_23_aug_0.csv,234.76999999999998,117.74,20.0
2,20130320T004929.332567.Cam6_23_aug_0.csv,202.19,107.42,19.03
3,20130320T004929.332567.Cam6_23_aug_0.csv,222.19,81.94,19.03
4,20130320T004929.332567.Cam6_23_aug_0.csv,239.94,49.68,19.03
5,20130320T004929.332567.Cam6_23_aug_0.csv,195.42000000000002,51.61,21.61
