,name,c-x,c-y,radius
0,20130320T005800.581226.Cam6_54_aug_2.csv,226.95660400390625,134.51431274414062,21.48
1,20130320T005800.581226.Cam6_54_aug_2.csv,121.40660095214844,165.06431579589844,18.7
2,20130320T005800.581226.Cam6_54_aug_2.csv,285.01659774780273,29.78430938720703,15.64
3,20130320T005800.581226.Cam6_54_aug_2.csv,265.2965965270996,44.78430938720703,18.14
4,20130320T005800.581226.Cam6_54_aug_2.csv,186.40660095214844,50.06431198120117,18.7
5,20130320T005800.581226.Cam6_54_aug_2.csv,152.79660034179688,60.06431198120117,19.25
6,20130320T005800.581226.Cam6_54_aug_2.csv,127.5166015625,65.90431213378906,19.25
7,20130320T005800.581226.Cam6_54_aug_2.csv,224.1865997314453,114.23431396484375,15.37
