,name,c-x,c-y,radius
0,20130320T005131.620831.Cam6_64_aug_6.csv,147.03,37.74,21.93
1,20130320T005131.620831.Cam6_64_aug_6.csv,103.47999999999999,29.68,21.93
2,20130320T005131.620831.Cam6_64_aug_6.csv,58.31999999999999,14.19,20.64
3,20130320T005131.620831.Cam6_64_aug_6.csv,107.68,92.26,20.64
4,20130320T005131.620831.Cam6_64_aug_6.csv,104.13,76.77,20.64
5,20130320T005131.620831.Cam6_64_aug_6.csv,190.26,106.13,15.8
