,name,c-x,c-y,radius
0,20130320T013043.478550_23_aug_7.csv,53.33,138.33,18.14
1,20130320T013043.478550_23_aug_7.csv,32.78,152.22,18.14
2,20130320T013043.478550_23_aug_7.csv,19.72,128.89,18.14
3,20130320T013043.478550_23_aug_7.csv,259.17,100.83,17.31
4,20130320T013043.478550_23_aug_7.csv,282.22,80.0,19.53
