,name,c-x,c-y,radius
0,20130320T005757.152532.Cam6_11_aug_0.csv,228.3621063232422,167.7760467529297,19.53
1,20130320T005757.152532.Cam6_11_aug_0.csv,266.4120788574219,140.2760467529297,20.09
2,20130320T005757.152532.Cam6_11_aug_0.csv,269.47210693359375,59.446048736572266,21.48
3,20130320T005757.152532.Cam6_11_aug_0.csv,278.9120788574219,81.38604736328125,19.53
