,name,c-x,c-y,radius
0,20130320T005229.717262.Cam6_14_aug_0.csv,137.02455139160156,169.72125244140625,16.45
1,20130320T005229.717262.Cam6_14_aug_0.csv,115.41455078125,149.39126586914062,15.8
2,20130320T005229.717262.Cam6_14_aug_0.csv,145.0845489501953,154.88125610351562,15.8
