,name,c-x,c-y,radius
0,20130320T005911.058786.Cam6_52_aug_3.csv,261.61,88.06,26.75
1,20130320T005911.058786.Cam6_52_aug_3.csv,203.56,78.61,28.98
2,20130320T005911.058786.Cam6_52_aug_3.csv,113.0,0.0,27.87
3,20130320T005911.058786.Cam6_52_aug_3.csv,43.27999999999997,7.22,27.03
