,name,c-x,c-y,radius
0,20130320T012947.286881_21_aug_6.csv,232.67271423339844,42.911922454833984,19.81
1,20130320T012947.286881_21_aug_6.csv,181.29270935058594,86.79192352294922,19.81
