,name,c-x,c-y,radius
0,20130320T005926.678235.Cam6_41_aug_3.csv,221.67,191.11,22.31
1,20130320T005926.678235.Cam6_41_aug_3.csv,172.5,195.83,20.37
2,20130320T005926.678235.Cam6_41_aug_3.csv,163.06,174.72,20.37
3,20130320T005926.678235.Cam6_41_aug_3.csv,78.06,175.28,19.81
4,20130320T005926.678235.Cam6_41_aug_3.csv,161.67,23.89,17.31
