,name,c-x,c-y,radius
0,20130320T004418.278486.Cam6_51_aug_1.csv,168.49212646484375,117.45661163330078,14.7
1,20130320T004418.278486.Cam6_51_aug_1.csv,189.422119140625,96.82660675048828,14.7
