,name,c-x,c-y,radius
0,20130320T005219.812185.Cam6_63_aug_2.csv,206.19873809814453,64.41558837890625,24.19
