,name,c-x,c-y,radius
0,20130320T013430.340287_53_aug_0.csv,46.60151290893555,142.4833984375,29.53
1,20130320T013430.340287_53_aug_0.csv,100.77151489257812,152.20339965820312,29.53
