,name,c-x,c-y,radius
0,20130320T005239.812601.Cam6_34_aug_6.csv,176.72683715820312,140.90122985839844,22.26
1,20130320T005239.812601.Cam6_34_aug_6.csv,194.46683502197266,173.8112335205078,20.32
2,20130320T005239.812601.Cam6_34_aug_6.csv,35.43682861328125,132.52122497558594,19.03
