,name,c-x,c-y,radius
0,20130320T004612.376101.Cam6_52_aug_3.csv,216.45999999999998,155.77,15.65
1,20130320T004612.376101.Cam6_52_aug_3.csv,248.38,161.92,17.19
2,20130320T004612.376101.Cam6_52_aug_3.csv,276.08,175.0,15.65
3,20130320T004612.376101.Cam6_52_aug_3.csv,242.62,90.38,11.8
4,20130320T004612.376101.Cam6_52_aug_3.csv,209.54000000000002,93.08,11.8
5,20130320T004612.376101.Cam6_52_aug_3.csv,126.85,61.92,11.8
