,name,c-x,c-y,radius
0,20130320T004411.421218.Cam6_54_aug_2.csv,215.31,145.31,18.14
1,20130320T004411.421218.Cam6_54_aug_2.csv,297.19,26.25,16.89
