,name,c-x,c-y,radius
0,20130320T004405.706847.Cam6_53_aug_1.csv,135.81390380859375,101.30097961425781,16.58
1,20130320T004405.706847.Cam6_53_aug_1.csv,151.1339111328125,113.17098236083984,13.14
2,20130320T004405.706847.Cam6_53_aug_1.csv,158.94390869140625,80.67098236083984,13.14
3,20130320T004405.706847.Cam6_53_aug_1.csv,183.31390380859375,109.74098205566406,13.14
4,20130320T004405.706847.Cam6_53_aug_1.csv,172.3839111328125,116.92097473144531,13.14
5,20130320T004405.706847.Cam6_53_aug_1.csv,182.3839111328125,122.55097961425781,11.26
