,name,c-x,c-y,radius
0,20130320T005457.148800.Cam6_14_aug_1.csv,227.74781799316406,118.12703704833984,27.03
1,20130320T005457.148800.Cam6_14_aug_1.csv,277.4678039550781,106.17704010009766,27.03
