,name,c-x,c-y,radius
0,20130320T005612.578997.Cam6_61_aug_4.csv,25.385986328125,132.9352264404297,21.48
1,20130320T005612.578997.Cam6_61_aug_4.csv,7.885986328125,123.20523834228516,20.37
2,20130320T005612.578997.Cam6_61_aug_4.csv,18.165985107421875,49.325233459472656,17.87
3,20130320T005612.578997.Cam6_61_aug_4.csv,45.665985107421875,44.32523727416992,17.87
4,20130320T005612.578997.Cam6_61_aug_4.csv,87.33598327636719,47.93523406982422,17.03
