,name,c-x,c-y,radius
0,20130320T005239.812601.Cam6_34_aug_4.csv,190.01632690429688,118.85511016845703,22.26
1,20130320T005239.812601.Cam6_34_aug_4.csv,207.75631713867188,151.76510620117188,20.32
2,20130320T005239.812601.Cam6_34_aug_4.csv,48.726318359375,110.47511291503906,19.03
