,name,c-x,c-y,radius
0,20130320T005611.055090.Cam6_13_aug_2.csv,225.78,114.72,20.37
1,20130320T005611.055090.Cam6_13_aug_2.csv,189.67000000000002,126.11,17.03
2,20130320T005611.055090.Cam6_13_aug_2.csv,50.5,103.33,21.2
3,20130320T005611.055090.Cam6_13_aug_2.csv,264.11,192.5,22.59
