,name,c-x,c-y,radius
0,20130320T004422.088064.Cam6_43_aug_6.csv,270.19,86.25,20.64
1,20130320T004422.088064.Cam6_43_aug_6.csv,165.5,109.69,22.83
2,20130320T004422.088064.Cam6_43_aug_6.csv,101.44,113.75,20.33
3,20130320T004422.088064.Cam6_43_aug_6.csv,43.94,122.19,23.45
4,20130320T004422.088064.Cam6_43_aug_6.csv,58.94,169.06,26.58
5,20130320T004422.088064.Cam6_43_aug_6.csv,19.25,176.56,25.01
