,name,c-x,c-y,radius
0,20130320T004408.944916.Cam6_54_aug_7.csv,82.19,139.37,15.95
1,20130320T004408.944916.Cam6_54_aug_7.csv,92.19,154.69,14.7
