,name,c-x,c-y,radius
0,20130320T013550.341930_22_aug_2.csv,306.61,142.22,18.98
1,20130320T013550.341930_22_aug_2.csv,303.0,55.56,18.98
2,20130320T013550.341930_22_aug_2.csv,274.94,75.28,20.64
3,20130320T013550.341930_22_aug_2.csv,283.0,188.33,19.81
4,20130320T013550.341930_22_aug_2.csv,273.0,150.83,18.7
5,20130320T013550.341930_22_aug_2.csv,202.72,73.89,17.87
6,20130320T013550.341930_22_aug_2.csv,133.83,133.06,17.87
7,20130320T013550.341930_22_aug_2.csv,125.22,125.56,20.64
8,20130320T013550.341930_22_aug_2.csv,74.11000000000001,178.61,22.31
