,name,c-x,c-y,radius
0,20130320T005822.486424.Cam6_43_aug_2.csv,32.69518280029297,111.34918975830078,26.2
1,20130320T005822.486424.Cam6_43_aug_2.csv,62.69518280029297,81.90918731689453,32.59
