,name,c-x,c-y,radius
0,20130320T013350.339486_32_aug_3.csv,38.12086486816406,99.91455841064453,21.2
