,name,c-x,c-y,radius
0,20130320T012947.667888_32_aug_3.csv,236.95567321777344,79.22191619873047,21.75
1,20130320T012947.667888_32_aug_3.csv,170.565673828125,113.10192108154297,21.75
2,20130320T012947.667888_32_aug_3.csv,149.17567443847656,81.4419174194336,21.75
