,name,c-x,c-y,radius
0,20130320T005241.907895.Cam6_64_aug_7.csv,44.52,105.81,15.48
1,20130320T005241.907895.Cam6_64_aug_7.csv,209.03,88.06,16.77
