,name,c-x,c-y,radius
0,20130320T013223.671101_34_aug_7.csv,32.78,124.44,24.53
1,20130320T013223.671101_34_aug_7.csv,270.56,196.11,17.03
