,name,c-x,c-y,radius
0,20130320T005424.767142.Cam6_32_aug_0.csv,81.06,60.83,17.31
1,20130320T005424.767142.Cam6_32_aug_0.csv,91.33000000000001,31.39,17.31
2,20130320T005424.767142.Cam6_32_aug_0.csv,94.38999999999999,4.17,17.31
3,20130320T005424.767142.Cam6_32_aug_0.csv,28.0,35.0,20.09
