,name,c-x,c-y,radius
0,20130320T005643.055747.Cam6_31_aug_5.csv,172.91346740722656,45.6815185546875,22.31
1,20130320T005643.055747.Cam6_31_aug_5.csv,141.79347229003906,153.1815185546875,19.53
