,name,c-x,c-y,radius
0,20130320T005938.678488.Cam6_11_aug_3.csv,154.94,172.5,22.59
1,20130320T005938.678488.Cam6_11_aug_3.csv,181.06,201.11,19.25
2,20130320T005938.678488.Cam6_11_aug_3.csv,204.11,158.89,19.25
3,20130320T005938.678488.Cam6_11_aug_3.csv,247.17000000000002,155.28,19.25
4,20130320T005938.678488.Cam6_11_aug_3.csv,212.44,120.0,19.81
5,20130320T005938.678488.Cam6_11_aug_3.csv,172.72,77.78,17.59
6,20130320T005938.678488.Cam6_11_aug_3.csv,160.5,58.89,18.98
7,20130320T005938.678488.Cam6_11_aug_3.csv,255.22,39.72,23.98
8,20130320T005938.678488.Cam6_11_aug_3.csv,153.0,12.22,23.14
