,name,c-x,c-y,radius
0,20130320T004352.373192.Cam6_51_aug_2.csv,246.8572540283203,69.46294403076172,20.33
1,20130320T004352.373192.Cam6_51_aug_2.csv,220.28724670410156,67.58294677734375,20.33
2,20130320T004352.373192.Cam6_51_aug_2.csv,179.9772491455078,126.96294403076172,18.14
3,20130320T004352.373192.Cam6_51_aug_2.csv,146.2272491455078,164.77294921875,14.7
