,name,c-x,c-y,radius
0,20130320T004405.325839.Cam6_34_aug_1.csv,264.9602355957031,98.74656677246094,20.64
