,name,c-x,c-y,radius
0,20130320T005041.905438.Cam6_24_aug_5.csv,248.86160278320312,136.6908416748047,16.13
1,20130320T005041.905438.Cam6_24_aug_5.csv,229.50160217285156,99.27083587646484,16.13
