,name,c-x,c-y,radius
0,20130320T005219.812185.Cam6_63_aug_1.csv,227.79708099365234,42.91805648803711,24.19
