,name,c-x,c-y,radius
0,20130320T004915.998915.Cam6_32_aug_6.csv,169.94,82.26,20.96
1,20130320T004915.998915.Cam6_32_aug_6.csv,133.81,93.87,19.35
2,20130320T004915.998915.Cam6_32_aug_6.csv,142.52,130.0,17.74
3,20130320T004915.998915.Cam6_32_aug_6.csv,294.77,146.45,20.96
4,20130320T004915.998915.Cam6_32_aug_6.csv,84.77000000000001,160.97,18.38
5,20130320T004915.998915.Cam6_32_aug_6.csv,212.19,48.71,18.38
