,name,c-x,c-y,radius
0,20130320T004550.470901.Cam6_42_aug_4.csv,90.5171890258789,86.84542083740234,17.57
