,name,c-x,c-y,radius
0,20130320T013031.478304_62_aug_4.csv,62.41427993774414,100.31983184814453,21.75
1,20130320T013031.478304_62_aug_4.csv,97.69428253173828,83.9298324584961,20.09
2,20130320T013031.478304_62_aug_4.csv,137.69427490234375,110.31983184814453,20.09
