,name,c-x,c-y,radius
0,20130320T010001.916956.Cam6_44_aug_3.csv,212.0523452758789,133.78863525390625,18.42
1,20130320T010001.916956.Cam6_44_aug_3.csv,187.89234161376953,156.56863403320312,22.87
2,20130320T010001.916956.Cam6_44_aug_3.csv,152.05233764648438,139.06863403320312,21.75
3,20130320T010001.916956.Cam6_44_aug_3.csv,114.00233459472656,126.28863525390625,19.53
