,name,c-x,c-y,radius
0,20130320T012945.382090_14_aug_7.csv,93.89,169.44,19.25
1,20130320T012945.382090_14_aug_7.csv,125.0,134.44,19.25
2,20130320T012945.382090_14_aug_7.csv,96.67,130.56,19.25
3,20130320T012945.382090_14_aug_7.csv,89.72,121.39,19.25
4,20130320T012945.382090_14_aug_7.csv,107.22,94.44,21.48
5,20130320T012945.382090_14_aug_7.csv,130.0,60.28,19.81
6,20130320T012945.382090_14_aug_7.csv,141.94,32.22,20.92
