,name,c-x,c-y,radius
0,20130320T005751.247660.Cam6_43_aug_1.csv,102.44,92.5,17.87
1,20130320T005751.247660.Cam6_43_aug_1.csv,9.110000000000014,74.72,17.87
