,name,c-x,c-y,radius
0,20130320T012857.571624_33_aug_6.csv,106.2685546875,141.28857421875,17.31
1,20130320T012857.571624_33_aug_6.csv,112.3885498046875,107.39856719970703,18.98
2,20130320T012857.571624_33_aug_6.csv,200.71854400634766,59.068565368652344,16.2
