,name,c-x,c-y,radius
0,20130320T005917.725673.Cam6_43_aug_7.csv,22.78,164.44,27.31
1,20130320T005917.725673.Cam6_43_aug_7.csv,8.61,119.17,25.37
2,20130320T005917.725673.Cam6_43_aug_7.csv,62.78,121.39,27.87
3,20130320T005917.725673.Cam6_43_aug_7.csv,144.72,134.72,25.37
