,name,c-x,c-y,radius
0,20130320T005619.626768.Cam6_12_aug_3.csv,129.72958374023438,85.15631866455078,26.2
