,name,c-x,c-y,radius
0,20130320T013523.865255_13_aug_0.csv,179.9929962158203,118.4513931274414,24.25
1,20130320T013523.865255_13_aug_0.csv,173.88299560546875,157.89138793945312,20.37
2,20130320T013523.865255_13_aug_0.csv,136.10299682617188,149.8413848876953,20.92
3,20130320T013523.865255_13_aug_0.csv,154.71299743652344,102.34139251708984,20.37
4,20130320T013523.865255_13_aug_0.csv,133.88299560546875,107.06139373779297,19.81
5,20130320T013523.865255_13_aug_0.csv,262.7729949951172,55.95138931274414,19.81
6,20130320T013523.865255_13_aug_0.csv,213.60299682617188,52.0613899230957,19.81
