,name,c-x,c-y,radius
0,20130320T010010.679132.Cam6_64_aug_7.csv,113.61,120.83,17.03
1,20130320T010010.679132.Cam6_64_aug_7.csv,80.0,107.22,17.03
2,20130320T010010.679132.Cam6_64_aug_7.csv,50.0,86.67,17.03
3,20130320T010010.679132.Cam6_64_aug_7.csv,15.28,68.06,19.25
