,name,c-x,c-y,radius
0,20130320T005640.198564.Cam6_42_aug_5.csv,37.78,115.83,18.7
1,20130320T005640.198564.Cam6_42_aug_5.csv,54.72,94.44,22.03
2,20130320T005640.198564.Cam6_42_aug_5.csv,103.89,141.11,17.59
3,20130320T005640.198564.Cam6_42_aug_5.csv,231.39,182.78,18.98
4,20130320T005640.198564.Cam6_42_aug_5.csv,270.83,129.17,20.37
5,20130320T005640.198564.Cam6_42_aug_5.csv,298.89,150.56,20.37
