,name,c-x,c-y,radius
0,20130320T013227.099668_32_aug_4.csv,144.54112243652344,41.32920837402344,16.2
1,20130320T013227.099668_32_aug_4.csv,110.9311294555664,54.10921096801758,17.87
2,20130320T013227.099668_32_aug_4.csv,153.16111755371094,127.16920471191406,16.75
