,name,c-x,c-y,radius
0,20130320T005446.291451.Cam6_23_aug_2.csv,79.17,23.61,22.59
1,20130320T005446.291451.Cam6_23_aug_2.csv,21.94,174.72,23.7
2,20130320T005446.291451.Cam6_23_aug_2.csv,116.11,89.44,26.2
3,20130320T005446.291451.Cam6_23_aug_2.csv,146.67,71.11,32.03
4,20130320T005446.291451.Cam6_23_aug_2.csv,226.11,18.06,20.37
