,name,c-x,c-y,radius
0,20130320T005741.914094.Cam6_42_aug_1.csv,226.89,114.44,18.7
1,20130320T005741.914094.Cam6_42_aug_1.csv,293.83,130.28,14.53
2,20130320T005741.914094.Cam6_42_aug_1.csv,42.44,143.89,21.75
3,20130320T005741.914094.Cam6_42_aug_1.csv,154.11,86.94,16.75
