,name,c-x,c-y,radius
0,20130320T013232.433153_31_aug_6.csv,221.896484375,76.30046844482422,13.7
1,20130320T013232.433153_31_aug_6.csv,197.45648193359375,75.7504653930664,13.7
2,20130320T013232.433153_31_aug_6.csv,219.12648010253906,93.2504653930664,13.7
3,20130320T013232.433153_31_aug_6.csv,53.00648498535156,149.64047241210938,12.59
4,20130320T013232.433153_31_aug_6.csv,72.1764907836914,172.6904754638672,12.59
5,20130320T013232.433153_31_aug_6.csv,130.78648376464844,136.0304718017578,12.59
6,20130320T013232.433153_31_aug_6.csv,121.34648895263672,142.97047424316406,12.59
7,20130320T013232.433153_31_aug_6.csv,187.45648193359375,99.92046356201172,12.87
