,name,c-x,c-y,radius
0,20130320T013223.861478_33_aug_3.csv,197.41393280029297,150.1339111328125,17.03
1,20130320T013223.861478_33_aug_3.csv,154.63394165039062,115.96392059326172,19.25
