,name,c-x,c-y,radius
0,20130320T005740.580816.Cam6_21_aug_1.csv,248.56,74.44,19.53
1,20130320T005740.580816.Cam6_21_aug_1.csv,197.44,1.39,17.59
2,20130320T005740.580816.Cam6_21_aug_1.csv,99.11000000000001,123.33,18.7
3,20130320T005740.580816.Cam6_21_aug_1.csv,12.439999999999998,91.67,18.7
