,name,c-x,c-y,radius
0,20130320T013235.861728_43_aug_2.csv,231.89,154.44,15.64
1,20130320T013235.861728_43_aug_2.csv,214.67000000000002,174.44,15.64
2,20130320T013235.861728_43_aug_2.csv,300.5,152.22,15.64
3,20130320T013235.861728_43_aug_2.csv,155.78,102.78,15.64
4,20130320T013235.861728_43_aug_2.csv,124.94,24.72,17.31
