,name,c-x,c-y,radius
0,20130320T012835.475922_43_aug_6.csv,17.163707733154297,156.3492889404297,13.42
1,20130320T012835.475922_43_aug_6.csv,101.0537109375,114.12928771972656,14.81
