,name,c-x,c-y,radius
0,20130320T013607.104137_43_aug_4.csv,174.2324981689453,101.32770538330078,18.98
1,20130320T013607.104137_43_aug_4.csv,230.62249755859375,62.717708587646484,18.98
2,20130320T013607.104137_43_aug_4.csv,112.84249877929688,29.657711029052734,21.48
