,name,c-x,c-y,radius
0,20130320T013608.628043_23_aug_2.csv,264.1722412109375,63.434654235839844,18.42
1,20130320T013608.628043_23_aug_2.csv,210.56224060058594,35.09465408325195,18.7
2,20130320T013608.628043_23_aug_2.csv,83.62224578857422,77.32465362548828,15.09
