,name,c-x,c-y,radius
0,20130320T004402.659157.Cam6_43_aug_0.csv,116.55613708496094,70.96604919433594,25.33
1,20130320T004402.659157.Cam6_43_aug_0.csv,36.876136779785156,99.40604400634766,20.01
