,name,c-x,c-y,radius
0,20130320T013028.430617_32_aug_2.csv,293.83,143.06,16.2
1,20130320T013028.430617_32_aug_2.csv,264.11,141.39,16.2
2,20130320T013028.430617_32_aug_2.csv,277.44,171.11,16.2
3,20130320T013028.430617_32_aug_2.csv,99.38999999999999,63.06,19.53
4,20130320T013028.430617_32_aug_2.csv,77.72,83.33,19.53
