,name,c-x,c-y,radius
0,20130320T004757.711657.Cam6_21_aug_6.csv,233.40501403808594,72.18533325195312,17.19
