,name,c-x,c-y,radius
0,20130320T012927.857864_33_aug_2.csv,223.7347412109375,175.12631225585938,15.09
1,20130320T012927.857864_33_aug_2.csv,254.29473876953125,126.78631591796875,15.09
2,20130320T012927.857864_33_aug_2.csv,206.79473876953125,108.45631408691406,17.03
3,20130320T012927.857864_33_aug_2.csv,174.29473876953125,122.3463134765625,18.14
4,20130320T012927.857864_33_aug_2.csv,98.46473693847656,84.56631469726562,16.48
5,20130320T012927.857864_33_aug_2.csv,46.234737396240234,94.28631591796875,14.25
6,20130320T012927.857864_33_aug_2.csv,44.29473876953125,77.3463134765625,15.37
