,name,c-x,c-y,radius
0,20130320T004545.137412.Cam6_62_aug_6.csv,21.779999999999973,126.76,12.05
