,name,c-x,c-y,radius
0,20130320T004911.808454.Cam6_32_aug_2.csv,25.100000000000023,34.84,16.77
