,name,c-x,c-y,radius
0,20130320T004849.331732.Cam6_43_aug_2.csv,42.481964111328125,109.9063491821289,28.71
1,20130320T004849.331732.Cam6_43_aug_2.csv,66.02195739746094,119.58634948730469,28.71
2,20130320T004849.331732.Cam6_43_aug_2.csv,43.44195556640625,69.9063491821289,19.67
3,20130320T004849.331732.Cam6_43_aug_2.csv,27.32196044921875,63.776344299316406,19.67
4,20130320T004849.331732.Cam6_43_aug_2.csv,24.411956787109375,76.36634826660156,19.67
