,name,c-x,c-y,radius
0,20130320T013610.532832_42_aug_0.csv,93.44834899902344,158.97640991210938,19.81
1,20130320T013610.532832_42_aug_0.csv,142.058349609375,164.81640625,19.81
2,20130320T013610.532832_42_aug_0.csv,188.44834899902344,132.8664093017578,19.25
3,20130320T013610.532832_42_aug_0.csv,268.44834899902344,82.03640747070312,25.37
