,name,c-x,c-y,radius
0,20130320T013444.816839_43_aug_0.csv,119.88871765136719,91.02566528320312,23.42
1,20130320T013444.816839_43_aug_0.csv,182.93872833251953,30.195661544799805,21.48
2,20130320T013444.816839_43_aug_0.csv,143.77871704101562,33.8056640625,21.48
3,20130320T013444.816839_43_aug_0.csv,52.66871643066406,23.24566078186035,17.59
