,name,c-x,c-y,radius
0,20130320T005546.673706.Cam6_72_aug_1.csv,91.33058166503906,153.82188415527344,16.48
1,20130320T005546.673706.Cam6_72_aug_1.csv,108.28057861328125,150.21188354492188,18.7
