,name,c-x,c-y,radius
0,20130320T005057.334382.Cam6_13_aug_1.csv,152.52,34.19,18.38
1,20130320T005057.334382.Cam6_13_aug_1.csv,192.51999999999998,195.81,18.38
