,name,c-x,c-y,radius
0,20130320T005735.247332.Cam6_43_aug_4.csv,173.9874267578125,77.9840087890625,25.09
