,name,c-x,c-y,radius
0,20130320T005417.719497.Cam6_53_aug_1.csv,112.2037353515625,53.46592712402344,21.61
