,name,c-x,c-y,radius
0,20130320T005028.000399.Cam6_43_aug_3.csv,186.70999999999998,37.74,23.87
1,20130320T005028.000399.Cam6_43_aug_3.csv,147.68,21.94,23.87
2,20130320T005028.000399.Cam6_43_aug_3.csv,276.71,43.23,22.58
3,20130320T005028.000399.Cam6_43_aug_3.csv,174.45,131.61,22.58
4,20130320T005028.000399.Cam6_43_aug_3.csv,103.16,188.39,20.0
5,20130320T005028.000399.Cam6_43_aug_3.csv,75.1,158.71,20.0
