,name,c-x,c-y,radius
0,20130320T005239.050709.Cam6_31_aug_6.csv,13.160000000000025,136.13,23.22
1,20130320T005239.050709.Cam6_31_aug_6.csv,1.5500000000000114,175.16,22.26
