,name,c-x,c-y,radius
0,20130320T013607.485145_32_aug_3.csv,194.3184051513672,141.90029907226562,21.48
