,name,c-x,c-y,radius
0,20130320T005036.000567.Cam6_64_aug_4.csv,237.3541259765625,122.47335052490234,12.58
1,20130320T005036.000567.Cam6_64_aug_4.csv,230.58413696289062,134.7333526611328,12.58
2,20130320T005036.000567.Cam6_64_aug_4.csv,211.22413635253906,126.02335357666016,12.58
3,20130320T005036.000567.Cam6_64_aug_4.csv,197.0341339111328,106.6633529663086,12.58
