,name,c-x,c-y,radius
0,20130320T005233.907851.Cam6_12_aug_5.csv,91.66627502441406,134.4668426513672,19.35
1,20130320T005233.907851.Cam6_12_aug_5.csv,139.41627502441406,135.76683044433594,15.8
2,20130320T005233.907851.Cam6_12_aug_5.csv,123.60626983642578,124.46685028076172,12.58
3,20130320T005233.907851.Cam6_12_aug_5.csv,227.15628051757812,88.016845703125,18.71
4,20130320T005233.907851.Cam6_12_aug_5.csv,276.8362731933594,110.59684753417969,19.35
5,20130320T005233.907851.Cam6_12_aug_5.csv,266.186279296875,67.69684600830078,15.8
6,20130320T005233.907851.Cam6_12_aug_5.csv,154.24627685546875,124.14684295654297,12.26
