,name,c-x,c-y,radius
0,20130320T013036.430781_24_aug_5.csv,204.11,151.94,17.31
1,20130320T013036.430781_24_aug_5.csv,187.44,149.17,18.42
2,20130320T013036.430781_24_aug_5.csv,175.5,143.06,18.42
3,20130320T013036.430781_24_aug_5.csv,137.44,198.61,18.42
4,20130320T013036.430781_24_aug_5.csv,84.94,148.33,15.09
5,20130320T013036.430781_24_aug_5.csv,57.44,109.17,15.09
6,20130320T013036.430781_24_aug_5.csv,23.0,48.33,15.09
