,name,c-x,c-y,radius
0,20130320T005821.914913.Cam6_62_aug_3.csv,121.81100463867188,81.58688354492188,22.87
1,20130320T005821.914913.Cam6_62_aug_3.csv,83.20100402832031,67.69688415527344,28.98
2,20130320T005821.914913.Cam6_62_aug_3.csv,122.08100891113281,42.4268798828125,18.14
