,name,c-x,c-y,radius
0,20130320T012947.286881_21_aug_7.csv,60.56,48.06,19.81
1,20130320T012947.286881_21_aug_7.csv,111.94,91.94,19.81
