,name,c-x,c-y,radius
0,20130320T012847.857177_32_aug_2.csv,176.3969268798828,107.52068328857422,17.31
