,name,c-x,c-y,radius
0,20130320T012914.905227_42_aug_3.csv,53.5072021484375,41.68964767456055,16.48
1,20130320T012914.905227_42_aug_3.csv,58.777191162109375,19.739646911621094,16.48
2,20130320T012914.905227_42_aug_3.csv,181.0071792602539,30.299644470214844,15.64
3,20130320T012914.905227_42_aug_3.csv,209.61717987060547,33.349647521972656,15.64
4,20130320T012914.905227_42_aug_3.csv,166.55718994140625,68.06964874267578,13.7
