,name,c-x,c-y,radius
0,20130320T005927.440129.Cam6_43_aug_6.csv,190.95309448242188,165.87953186035156,24.25
1,20130320T005927.440129.Cam6_43_aug_6.csv,91.23310089111328,164.20953369140625,23.14
2,20130320T005927.440129.Cam6_43_aug_6.csv,61.51309585571289,130.3195343017578,21.2
3,20130320T005927.440129.Cam6_43_aug_6.csv,20.673097610473633,115.04953002929688,21.2
