,name,c-x,c-y,radius
0,20130320T005927.440129.Cam6_43_aug_4.csv,193.61932373046875,156.18212890625,24.25
1,20130320T005927.440129.Cam6_43_aug_4.csv,93.89933013916016,154.5121307373047,23.14
2,20130320T005927.440129.Cam6_43_aug_4.csv,64.17932891845703,120.62212371826172,21.2
3,20130320T005927.440129.Cam6_43_aug_4.csv,23.339324951171875,105.35211944580078,21.2
