,name,c-x,c-y,radius
0,20130320T005221.907478.Cam6_33_aug_5.csv,28.06,111.29,24.19
1,20130320T005221.907478.Cam6_33_aug_5.csv,278.06,31.61,24.19
