,name,c-x,c-y,radius
0,20130320T004524.184585.Cam6_43_aug_2.csv,295.9394130706787,66.08997344970703,19.08
1,20130320T004524.184585.Cam6_43_aug_2.csv,269.9994125366211,35.779972076416016,20.64
