,name,c-x,c-y,radius
0,20130320T004405.706847.Cam6_53_aug_5.csv,95.14640808105469,127.34154510498047,16.58
1,20130320T004405.706847.Cam6_53_aug_5.csv,110.4664077758789,139.2115478515625,13.14
2,20130320T004405.706847.Cam6_53_aug_5.csv,118.27641296386719,106.7115478515625,13.14
3,20130320T004405.706847.Cam6_53_aug_5.csv,142.6464080810547,135.78155517578125,13.14
4,20130320T004405.706847.Cam6_53_aug_5.csv,131.71641540527344,142.9615478515625,13.14
5,20130320T004405.706847.Cam6_53_aug_5.csv,141.71641540527344,148.591552734375,11.26
