,name,c-x,c-y,radius
0,20130320T012947.096377_41_aug_0.csv,166.49258422851562,92.7959976196289,23.14
1,20130320T012947.096377_41_aug_0.csv,156.76258850097656,61.12600326538086,23.14
2,20130320T012947.096377_41_aug_0.csv,122.60258483886719,68.90599822998047,22.31
3,20130320T012947.096377_41_aug_0.csv,126.76258850097656,92.7959976196289,22.31
4,20130320T012947.096377_41_aug_0.csv,73.43258666992188,59.18600082397461,22.87
