,name,c-x,c-y,radius
0,20130320T005441.910362.Cam6_34_aug_4.csv,107.97503662109375,153.01513671875,20.37
1,20130320T005441.910362.Cam6_34_aug_4.csv,196.3050308227539,66.35513305664062,17.31
