,name,c-x,c-y,radius
0,20130320T005455.815397.Cam6_41_aug_7.csv,128.06,116.11,20.64
1,20130320T005455.815397.Cam6_41_aug_7.csv,202.78,78.06,21.2
2,20130320T005455.815397.Cam6_41_aug_7.csv,163.61,80.28,19.81
3,20130320T005455.815397.Cam6_41_aug_7.csv,123.61,70.0,21.48
4,20130320T005455.815397.Cam6_41_aug_7.csv,17.5,78.61,20.64
5,20130320T005455.815397.Cam6_41_aug_7.csv,75.83,73.89,19.25
6,20130320T005455.815397.Cam6_41_aug_7.csv,11.94,35.0,18.14
7,20130320T005455.815397.Cam6_41_aug_7.csv,42.78,19.72,19.53
