,name,c-x,c-y,radius
0,20130320T005233.907851.Cam6_12_aug_0.csv,85.4933090209961,132.36000061035156,19.35
1,20130320T005233.907851.Cam6_12_aug_0.csv,133.24331665039062,133.6599884033203,15.8
2,20130320T005233.907851.Cam6_12_aug_0.csv,117.43331146240234,122.36000061035156,12.58
3,20130320T005233.907851.Cam6_12_aug_0.csv,220.98330688476562,85.90999603271484,18.71
4,20130320T005233.907851.Cam6_12_aug_0.csv,270.6632995605469,108.48999786376953,19.35
5,20130320T005233.907851.Cam6_12_aug_0.csv,260.0133056640625,65.58999633789062,15.8
6,20130320T005233.907851.Cam6_12_aug_0.csv,148.07330322265625,122.03999328613281,12.26
