,name,c-x,c-y,radius
0,20130320T005415.433701.Cam6_12_aug_0.csv,72.52000000000001,134.52,22.9
1,20130320T005415.433701.Cam6_12_aug_0.csv,118.65,127.74,24.84
2,20130320T005415.433701.Cam6_12_aug_0.csv,90.58000000000001,99.35,24.84
3,20130320T005415.433701.Cam6_12_aug_0.csv,141.55,90.65,24.84
4,20130320T005415.433701.Cam6_12_aug_0.csv,111.22999999999999,55.48,24.84
5,20130320T005415.433701.Cam6_12_aug_0.csv,157.03,50.97,23.87
6,20130320T005415.433701.Cam6_12_aug_0.csv,116.38999999999999,19.03,23.22
7,20130320T005415.433701.Cam6_12_aug_0.csv,147.03,28.06,22.26
8,20130320T005415.433701.Cam6_12_aug_0.csv,259.94,194.84,23.87
