,name,c-x,c-y,radius
0,20130320T004618.280974.Cam6_61_aug_2.csv,92.65843200683594,103.41114807128906,10.64
1,20130320T004618.280974.Cam6_61_aug_2.csv,97.13844299316406,118.93115234375,10.64
2,20130320T004618.280974.Cam6_61_aug_2.csv,74.72843933105469,116.17115020751953,10.64
3,20130320T004618.280974.Cam6_61_aug_2.csv,73.34843444824219,140.3111572265625,10.64
