,name,c-x,c-y,radius
0,20130320T013223.861478_33_aug_0.csv,174.83091735839844,151.12603759765625,17.03
1,20130320T013223.861478_33_aug_0.csv,132.05091857910156,116.9560317993164,19.25
