,name,c-x,c-y,radius
0,20130320T004719.806124.Cam6_32_aug_5.csv,265.3111686706543,101.77159881591797,17.96
1,20130320T004719.806124.Cam6_32_aug_5.csv,277.24116706848145,61.3816032409668,17.96
2,20130320T004719.806124.Cam6_32_aug_5.csv,292.24116706848145,142.92160034179688,14.88
