,name,c-x,c-y,radius
0,20130320T013025.954440_34_aug_7.csv,177.22,137.78,20.64
1,20130320T013025.954440_34_aug_7.csv,208.61,129.44,20.64
2,20130320T013025.954440_34_aug_7.csv,38.89,150.56,19.81
3,20130320T013025.954440_34_aug_7.csv,44.72,105.0,20.37
4,20130320T013025.954440_34_aug_7.csv,41.94,58.61,20.37
5,20130320T013025.954440_34_aug_7.csv,9.17,50.83,19.53
6,20130320T013025.954440_34_aug_7.csv,73.61,70.83,18.14
