,name,c-x,c-y,radius
0,20130320T005421.719577.Cam6_43_aug_6.csv,278.83,87.78,18.14
1,20130320T005421.719577.Cam6_43_aug_6.csv,247.44,100.28,19.53
2,20130320T005421.719577.Cam6_43_aug_6.csv,130.22,71.11,18.7
3,20130320T005421.719577.Cam6_43_aug_6.csv,135.22,37.5,19.25
4,20130320T005421.719577.Cam6_43_aug_6.csv,58.28,123.89,15.92
