,name,c-x,c-y,radius
0,20130320T005558.673956.Cam6_23_aug_7.csv,94.44,179.17,26.2
1,20130320T005558.673956.Cam6_23_aug_7.csv,82.5,155.56,24.53
2,20130320T005558.673956.Cam6_23_aug_7.csv,116.11,133.06,25.64
3,20130320T005558.673956.Cam6_23_aug_7.csv,132.22,161.39,23.42
