,name,c-x,c-y,radius
0,20130320T004429.326331.Cam6_73_aug_4.csv,116.43507385253906,74.119140625,15.95
1,20130320T004429.326331.Cam6_73_aug_4.csv,196.43507385253906,118.48914337158203,13.45
