,name,c-x,c-y,radius
0,20130320T013516.817357_11_aug_5.csv,230.5,187.22,20.64
1,20130320T013516.817357_11_aug_5.csv,253.0,153.89,18.98
2,20130320T013516.817357_11_aug_5.csv,147.44,89.72,21.2
3,20130320T013516.817357_11_aug_5.csv,187.44,65.0,23.14
4,20130320T013516.817357_11_aug_5.csv,217.17000000000002,30.0,20.37
5,20130320T013516.817357_11_aug_5.csv,256.06,32.5,22.03
6,20130320T013516.817357_11_aug_5.csv,101.61000000000001,74.44,17.87
7,20130320T013516.817357_11_aug_5.csv,87.72,74.44,17.87
