,name,c-x,c-y,radius
0,20130320T004530.279967.Cam6_23_aug_1.csv,258.0,86.22,20.42
1,20130320T004530.279967.Cam6_23_aug_1.csv,226.11,95.41,20.42
2,20130320T004530.279967.Cam6_23_aug_1.csv,290.7,27.3,16.91
