,name,c-x,c-y,radius
0,20130320T004430.088222.Cam6_33_aug_7.csv,208.75,151.56,20.33
1,20130320T004430.088222.Cam6_33_aug_7.csv,236.56,135.31,19.08
