,name,c-x,c-y,radius
0,20130320T005821.914913.Cam6_62_aug_5.csv,196.88624572753906,80.61091613769531,22.87
1,20130320T005821.914913.Cam6_62_aug_5.csv,235.49624633789062,66.72091674804688,28.98
2,20130320T005821.914913.Cam6_62_aug_5.csv,196.61624145507812,41.45090866088867,18.14
