,name,c-x,c-y,radius
0,20130320T004529.518076.Cam6_53_aug_3.csv,162.97,73.78,9.88
1,20130320T004529.518076.Cam6_53_aug_3.csv,178.92,81.08,9.88
2,20130320T004529.518076.Cam6_53_aug_3.csv,175.95,61.08,8.53
3,20130320T004529.518076.Cam6_53_aug_3.csv,276.76,61.35,8.53
4,20130320T004529.518076.Cam6_53_aug_3.csv,260.27,58.65,8.53
