,name,c-x,c-y,radius
0,20130320T005948.202429.Cam6_43_aug_4.csv,172.7597198486328,115.8819808959961,28.98
1,20130320T005948.202429.Cam6_43_aug_4.csv,117.75972747802734,142.27197265625,29.53
2,20130320T005948.202429.Cam6_43_aug_4.csv,64.9897232055664,164.77197265625,26.2
