,name,c-x,c-y,radius
0,20130320T013031.478304_62_aug_5.csv,280.5704650878906,100.33748626708984,21.75
1,20130320T013031.478304_62_aug_5.csv,245.29049682617188,83.9474868774414,20.09
2,20130320T013031.478304_62_aug_5.csv,205.29049682617188,110.33748626708984,20.09
