,name,c-x,c-y,radius
0,20130320T013512.055389_22_aug_5.csv,234.52227783203125,163.9290008544922,19.25
1,20130320T013512.055389_22_aug_5.csv,248.97227478027344,144.20899963378906,22.03
2,20130320T013512.055389_22_aug_5.csv,249.2522735595703,125.58899688720703,20.92
3,20130320T013512.055389_22_aug_5.csv,251.19227600097656,86.42899322509766,20.92
4,20130320T013512.055389_22_aug_5.csv,217.86227416992188,103.3689956665039,20.92
5,20130320T013512.055389_22_aug_5.csv,203.4122772216797,140.86900329589844,20.92
6,20130320T013512.055389_22_aug_5.csv,149.80227661132812,90.8689956665039,20.37
7,20130320T013512.055389_22_aug_5.csv,217.30227661132812,90.3189926147461,20.37
