,name,c-x,c-y,radius
0,20130320T005925.154329.Cam6_23_aug_1.csv,25.28,5.0,23.42
1,20130320T005925.154329.Cam6_23_aug_1.csv,206.67,82.78,23.42
2,20130320T005925.154329.Cam6_23_aug_1.csv,278.89,35.28,23.42
3,20130320T005925.154329.Cam6_23_aug_1.csv,306.94,152.22,22.03
