,name,c-x,c-y,radius
0,20130320T013220.623413_53_aug_0.csv,226.32999999999998,58.61,20.09
1,20130320T013220.623413_53_aug_0.csv,198.82999999999998,48.61,19.25
2,20130320T013220.623413_53_aug_0.csv,242.44,0.56,18.42
3,20130320T013220.623413_53_aug_0.csv,98.83000000000001,12.5,14.81
