,name,c-x,c-y,radius
0,20130320T004921.141897.Cam6_23_aug_4.csv,257.03,38.71,16.77
1,20130320T004921.141897.Cam6_23_aug_4.csv,284.77,24.84,16.77
2,20130320T004921.141897.Cam6_23_aug_4.csv,276.71,3.55,16.77
