,name,c-x,c-y,radius
0,20130320T013508.817326_12_aug_0.csv,247.17000000000002,190.83,18.14
1,20130320T013508.817326_12_aug_0.csv,235.22,165.83,18.14
2,20130320T013508.817326_12_aug_0.csv,287.72,133.61,18.14
3,20130320T013508.817326_12_aug_0.csv,263.28,116.11,18.98
4,20130320T013508.817326_12_aug_0.csv,279.94,86.94,18.98
5,20130320T013508.817326_12_aug_0.csv,265.78,98.61,18.98
6,20130320T013508.817326_12_aug_0.csv,299.67,49.72,18.98
7,20130320T013508.817326_12_aug_0.csv,267.17,58.89,18.98
8,20130320T013508.817326_12_aug_0.csv,286.89,25.56,18.98
