,name,c-x,c-y,radius
0,20130320T005643.055747.Cam6_31_aug_1.csv,200.7323226928711,58.57942199707031,22.31
1,20130320T005643.055747.Cam6_31_aug_1.csv,169.61233520507812,166.0794219970703,19.53
