,name,c-x,c-y,radius
0,20130320T005418.100380.Cam6_51_aug_7.csv,190.0,143.23,16.13
1,20130320T005418.100380.Cam6_51_aug_7.csv,159.68,136.77,18.71
2,20130320T005418.100380.Cam6_51_aug_7.csv,250.65,131.29,15.16
