,name,c-x,c-y,radius
0,20130320T005103.048751.Cam6_62_aug_4.csv,167.27101135253906,151.036865234375,14.84
1,20130320T005103.048751.Cam6_62_aug_4.csv,53.07101821899414,110.06685638427734,14.84
2,20130320T005103.048751.Cam6_62_aug_4.csv,156.62100219726562,75.5568618774414,14.84
3,20130320T005103.048751.Cam6_62_aug_4.csv,174.041015625,63.616859436035156,14.84
