,name,c-x,c-y,radius
0,20130320T013550.341930_22_aug_5.csv,1.39,142.22,18.98
1,20130320T013550.341930_22_aug_5.csv,5.0,55.56,18.98
2,20130320T013550.341930_22_aug_5.csv,33.06,75.28,20.64
3,20130320T013550.341930_22_aug_5.csv,25.0,188.33,19.81
4,20130320T013550.341930_22_aug_5.csv,35.0,150.83,18.7
5,20130320T013550.341930_22_aug_5.csv,105.28,73.89,17.87
6,20130320T013550.341930_22_aug_5.csv,174.17,133.06,17.87
7,20130320T013550.341930_22_aug_5.csv,182.78,125.56,20.64
8,20130320T013550.341930_22_aug_5.csv,233.89,178.61,22.31
