,name,c-x,c-y,radius
0,20130320T004534.280053.Cam6_73_aug_4.csv,96.68263244628906,151.88087463378906,16.64
