,name,c-x,c-y,radius
0,20130320T013641.009580_32_aug_1.csv,204.72,198.06,15.92
1,20130320T013641.009580_32_aug_1.csv,127.22,132.78,15.09
2,20130320T013641.009580_32_aug_1.csv,131.11,109.44,15.09
3,20130320T013641.009580_32_aug_1.csv,157.22,110.56,16.48
4,20130320T013641.009580_32_aug_1.csv,61.94,105.28,13.7
