,name,c-x,c-y,radius
0,20130320T004534.280053.Cam6_73_aug_5.csv,130.0564727783203,144.2575225830078,16.64
