,name,c-x,c-y,radius
0,20130320T013106.526640_33_aug_0.csv,68.83000000000001,12.22,20.64
1,20130320T013106.526640_33_aug_0.csv,146.33,30.28,16.48
2,20130320T013106.526640_33_aug_0.csv,44.670000000000016,165.28,23.7
3,20130320T013106.526640_33_aug_0.csv,1.0600000000000023,161.94,23.7
4,20130320T013106.526640_33_aug_0.csv,25.779999999999973,127.5,21.75
