,name,c-x,c-y,radius
0,20130320T005219.812185.Cam6_63_aug_4.csv,205.75794219970703,72.28630828857422,24.19
