,name,c-x,c-y,radius
0,20130320T010003.631366.Cam6_13_aug_1.csv,212.5,146.67,21.75
1,20130320T010003.631366.Cam6_13_aug_1.csv,302.5,179.72,21.75
