,name,c-x,c-y,radius
0,20130320T004451.993418.Cam6_41_aug_3.csv,174.6072540283203,107.18876647949219,21.26
1,20130320T004451.993418.Cam6_41_aug_3.csv,132.41725158691406,120.0087661743164,21.26
2,20130320T004451.993418.Cam6_41_aug_3.csv,102.41725158691406,104.68876647949219,21.26
