,name,c-x,c-y,radius
0,20130320T004805.521319.Cam6_34_aug_7.csv,82.26,128.06,17.74
1,20130320T004805.521319.Cam6_34_aug_7.csv,67.74,158.39,14.84
2,20130320T004805.521319.Cam6_34_aug_7.csv,118.06,165.81,14.84
3,20130320T004805.521319.Cam6_34_aug_7.csv,161.61,164.52,15.8
4,20130320T004805.521319.Cam6_34_aug_7.csv,186.77,141.94,18.06
5,20130320T004805.521319.Cam6_34_aug_7.csv,203.87,169.03,15.48
6,20130320T004805.521319.Cam6_34_aug_7.csv,219.35,196.13,15.16
7,20130320T004805.521319.Cam6_34_aug_7.csv,9.68,99.03,13.55
