,name,c-x,c-y,radius
0,20130320T005737.914012.Cam6_52_aug_5.csv,104.5374755859375,123.1931381225586,23.98
1,20130320T005737.914012.Cam6_52_aug_5.csv,74.5374755859375,154.5831298828125,30.09
