,name,c-x,c-y,radius
0,20130320T004931.046852.Cam6_32_aug_5.csv,85.0700912475586,146.23841857910156,22.58
