,name,c-x,c-y,radius
0,20130320T013057.002567_22_aug_1.csv,224.67000000000002,173.33,20.09
1,20130320T013057.002567_22_aug_1.csv,203.56,150.83,22.03
2,20130320T013057.002567_22_aug_1.csv,24.110000000000014,121.94,21.2
3,20130320T013057.002567_22_aug_1.csv,6.889999999999986,140.0,18.42
