,name,c-x,c-y,radius
0,20130320T013322.910417_14_aug_6.csv,228.65917205810547,169.62612915039062,15.64
1,20130320T013322.910417_14_aug_6.csv,258.3791694641113,159.06613159179688,15.64
2,20130320T013322.910417_14_aug_6.csv,286.4391689300537,147.12612915039062,17.03
