,name,c-x,c-y,radius
0,20130320T005821.914913.Cam6_62_aug_2.csv,123.00128936767578,97.73029327392578,22.87
1,20130320T005821.914913.Cam6_62_aug_2.csv,84.39128875732422,83.84029388427734,28.98
2,20130320T005821.914913.Cam6_62_aug_2.csv,123.27129364013672,58.57028579711914,18.14
