,name,c-x,c-y,radius
0,20130320T004614.471395.Cam6_54_aug_7.csv,253.46,43.85,12.57
1,20130320T004614.471395.Cam6_54_aug_7.csv,13.46,120.77,12.57
2,20130320T004614.471395.Cam6_54_aug_7.csv,24.62,124.62,12.57
3,20130320T004614.471395.Cam6_54_aug_7.csv,32.69,110.38,12.57
