,name,c-x,c-y,radius
0,20130320T005409.909839.Cam6_53_aug_4.csv,38.340972900390625,45.73588943481445,19.67
