,name,c-x,c-y,radius
0,20130320T005643.055747.Cam6_31_aug_4.csv,145.07833862304688,29.550745010375977,22.31
1,20130320T005643.055747.Cam6_31_aug_4.csv,113.95834350585938,137.05075073242188,19.53
