,name,c-x,c-y,radius
0,20130320T004601.137751.Cam6_13_aug_4.csv,93.77000000000001,86.92,15.65
1,20130320T004601.137751.Cam6_13_aug_4.csv,148.0,84.62,13.73
2,20130320T004601.137751.Cam6_13_aug_4.csv,107.22999999999999,6.92,14.5
3,20130320T004601.137751.Cam6_13_aug_4.csv,16.850000000000023,43.08,16.42
4,20130320T004601.137751.Cam6_13_aug_4.csv,74.15,185.0,17.19
5,20130320T004601.137751.Cam6_13_aug_4.csv,113.77000000000001,195.77,17.19
