,name,c-x,c-y,radius
0,20130320T005428.005335.Cam6_21_aug_3.csv,86.44580078125,55.28705596923828,18.42
1,20130320T005428.005335.Cam6_21_aug_3.csv,57.27579879760742,66.39704895019531,17.59
