,name,c-x,c-y,radius
0,20130320T012942.905912_32_aug_1.csv,131.39,164.72,24.81
1,20130320T012942.905912_32_aug_1.csv,44.17,53.06,22.31
2,20130320T012942.905912_32_aug_1.csv,134.17,20.0,21.2
3,20130320T012942.905912_32_aug_1.csv,190.28,26.11,20.09
4,20130320T012942.905912_32_aug_1.csv,213.89,42.78,19.25
