,name,c-x,c-y,radius
0,20130320T013105.002733_54_aug_6.csv,244.39,124.17,17.03
1,20130320T013105.002733_54_aug_6.csv,225.5,47.22,17.03
2,20130320T013105.002733_54_aug_6.csv,194.39,21.11,20.92
3,20130320T013105.002733_54_aug_6.csv,130.78,40.83,15.92
4,20130320T013105.002733_54_aug_6.csv,121.06,20.28,18.42
5,20130320T013105.002733_54_aug_6.csv,71.61000000000001,7.78,18.42
