,name,c-x,c-y,radius
0,20130320T013506.150522_22_aug_4.csv,184.11,151.67,19.81
1,20130320T013506.150522_22_aug_4.csv,214.11,142.5,19.25
2,20130320T013506.150522_22_aug_4.csv,243.82999999999998,111.39,18.42
3,20130320T013506.150522_22_aug_4.csv,251.32999999999998,82.78,18.98
4,20130320T013506.150522_22_aug_4.csv,279.67,53.61,20.09
