,name,c-x,c-y,radius
0,20130320T013523.865255_13_aug_6.csv,154.76629638671875,123.34255981445312,24.25
1,20130320T013523.865255_13_aug_6.csv,148.6562957763672,162.78256225585938,20.37
2,20130320T013523.865255_13_aug_6.csv,110.87629699707031,154.73255920410156,20.92
3,20130320T013523.865255_13_aug_6.csv,129.48629760742188,107.23255920410156,20.37
4,20130320T013523.865255_13_aug_6.csv,108.65629577636719,111.95256042480469,19.81
5,20130320T013523.865255_13_aug_6.csv,237.54629516601562,60.842559814453125,19.81
6,20130320T013523.865255_13_aug_6.csv,188.3762969970703,56.95256042480469,19.81
