,name,c-x,c-y,radius
0,20130320T004431.231121.Cam6_63_aug_6.csv,166.75,1.56,11.26
1,20130320T004431.231121.Cam6_63_aug_6.csv,163.63,13.75,11.26
