,name,c-x,c-y,radius
0,20130320T013314.910128_21_aug_6.csv,112.72,190.83,15.64
1,20130320T013314.910128_21_aug_6.csv,141.33,181.39,19.81
2,20130320T013314.910128_21_aug_6.csv,126.33000000000001,140.56,17.31
3,20130320T013314.910128_21_aug_6.csv,90.22,66.67,14.25
4,20130320T013314.910128_21_aug_6.csv,106.61000000000001,46.11,15.92
5,20130320T013314.910128_21_aug_6.csv,127.44,51.39,14.81
6,20130320T013314.910128_21_aug_6.csv,114.38999999999999,25.0,14.81
