,name,c-x,c-y,radius
0,20130320T005604.007318.Cam6_12_aug_4.csv,224.6729736328125,51.614524841308594,17.87
