,name,c-x,c-y,radius
0,20130320T005825.153103.Cam6_13_aug_2.csv,18.644832611083984,16.957292556762695,25.64
1,20130320T005825.153103.Cam6_13_aug_2.csv,21.704830169677734,126.11729431152344,25.64
2,20130320T005825.153103.Cam6_13_aug_2.csv,43.644832611083984,109.45729064941406,23.14
3,20130320T005825.153103.Cam6_13_aug_2.csv,130.0348358154297,101.39729309082031,18.42
4,20130320T005825.153103.Cam6_13_aug_2.csv,148.64483642578125,136.3972930908203,26.48
