,name,c-x,c-y,radius
0,20130320T013031.478304_62_aug_0.csv,276.9283142089844,75.47315979003906,21.75
1,20130320T013031.478304_62_aug_0.csv,241.64833068847656,59.08316421508789,20.09
2,20130320T013031.478304_62_aug_0.csv,201.64833068847656,85.47315979003906,20.09
