,name,c-x,c-y,radius
0,20130320T013027.668727_21_aug_1.csv,110.91424560546875,145.06036376953125,18.42
1,20130320T013027.668727_21_aug_1.csv,73.69424438476562,156.73036193847656,18.42
2,20130320T013027.668727_21_aug_1.csv,63.9742431640625,130.620361328125,18.42
3,20130320T013027.668727_21_aug_1.csv,109.52424621582031,112.56036376953125,19.53
4,20130320T013027.668727_21_aug_1.csv,80.91424560546875,91.73036193847656,19.53
5,20130320T013027.668727_21_aug_1.csv,105.36424255371094,71.17036437988281,19.53
