,name,c-x,c-y,radius
0,20130320T005237.526927.Cam6_22_aug_1.csv,281.29,116.13,20.32
1,20130320T005237.526927.Cam6_22_aug_1.csv,254.52,126.77,18.06
2,20130320T005237.526927.Cam6_22_aug_1.csv,203.87,70.32,18.06
