,name,c-x,c-y,radius
0,20130320T004616.757192.Cam6_41_aug_4.csv,132.1905517578125,160.83282470703125,13.73
1,20130320T004616.757192.Cam6_41_aug_4.csv,144.50054931640625,136.60281372070312,13.73
