,name,c-x,c-y,radius
0,20130320T004547.804094.Cam6_12_aug_3.csv,187.3442840576172,58.61190414428711,26.42
1,20130320T004547.804094.Cam6_12_aug_3.csv,225.03429412841797,72.45189666748047,24.11
2,20130320T004547.804094.Cam6_12_aug_3.csv,216.18428802490234,108.2219009399414,21.8
3,20130320T004547.804094.Cam6_12_aug_3.csv,184.654296875,84.38189697265625,21.03
4,20130320T004547.804094.Cam6_12_aug_3.csv,161.95428466796875,141.30191040039062,21.03
