,name,c-x,c-y,radius
0,20130320T005619.626768.Cam6_12_aug_2.csv,122.22877502441406,80.93712615966797,26.2
