,name,c-x,c-y,radius
0,20130320T004428.754944.Cam6_11_aug_2.csv,124.69701385498047,93.1662826538086,19.39
