,name,c-x,c-y,radius
0,20130320T004524.184585.Cam6_43_aug_6.csv,261.9968719482422,69.44248962402344,19.08
1,20130320T004524.184585.Cam6_43_aug_6.csv,236.05686950683594,39.132484436035156,20.64
