,name,c-x,c-y,radius
0,20130320T004524.184585.Cam6_43_aug_0.csv,300.706974029541,62.910369873046875,19.08
1,20130320T004524.184585.Cam6_43_aug_0.csv,274.76697540283203,32.60036849975586,20.64
