,name,c-x,c-y,radius
0,20130320T004706.853472.Cam6_32_aug_4.csv,8.62,25.86,21.68
1,20130320T004706.853472.Cam6_32_aug_4.csv,36.55,47.24,23.75
2,20130320T004706.853472.Cam6_32_aug_4.csv,80.34,42.41,23.75
3,20130320T004706.853472.Cam6_32_aug_4.csv,178.62,24.14,23.75
4,20130320T004706.853472.Cam6_32_aug_4.csv,101.38,74.83,20.64
5,20130320T004706.853472.Cam6_32_aug_4.csv,150.0,138.97,22.71
6,20130320T004706.853472.Cam6_32_aug_4.csv,198.62,108.28,19.96
7,20130320T004706.853472.Cam6_32_aug_4.csv,7.93,165.17,24.44
8,20130320T004706.853472.Cam6_32_aug_4.csv,187.24,116.9,18.58
