,name,c-x,c-y,radius
0,20130320T004427.612047.Cam6_32_aug_5.csv,265.19,19.69,21.58
1,20130320T004427.612047.Cam6_32_aug_5.csv,223.0,34.06,18.76
2,20130320T004427.612047.Cam6_32_aug_5.csv,251.44,50.94,19.39
