,name,c-x,c-y,radius
0,20130320T013510.341105_43_aug_0.csv,173.28,111.94,20.37
1,20130320T013510.341105_43_aug_0.csv,80.22,139.17,22.31
2,20130320T013510.341105_43_aug_0.csv,27.439999999999998,129.44,21.75
