,name,c-x,c-y,radius
0,20130320T012945.382090_14_aug_3.csv,215.0245132446289,189.16722106933594,19.25
1,20130320T012945.382090_14_aug_3.csv,183.91451263427734,154.16722106933594,19.25
2,20130320T012945.382090_14_aug_3.csv,212.24451446533203,150.28721618652344,19.25
3,20130320T012945.382090_14_aug_3.csv,219.19451141357422,141.11721801757812,19.25
4,20130320T012945.382090_14_aug_3.csv,201.69451141357422,114.16722869873047,21.48
5,20130320T012945.382090_14_aug_3.csv,178.91452026367188,80.0072250366211,19.81
6,20130320T012945.382090_14_aug_3.csv,166.97451782226562,51.947227478027344,20.92
