,name,c-x,c-y,radius
0,20130320T004611.042700.Cam6_31_aug_3.csv,151.3379364013672,142.97337341308594,14.5
1,20130320T004611.042700.Cam6_31_aug_3.csv,177.49794006347656,133.35337829589844,14.5
2,20130320T004611.042700.Cam6_31_aug_3.csv,191.3379364013672,149.51336669921875,14.5
