,name,c-x,c-y,radius
0,20130320T004611.042700.Cam6_31_aug_6.csv,143.22286987304688,141.74945068359375,14.5
1,20130320T004611.042700.Cam6_31_aug_6.csv,117.0628662109375,132.12945556640625,14.5
2,20130320T004611.042700.Cam6_31_aug_6.csv,103.22286987304688,148.28944396972656,14.5
