,name,c-x,c-y,radius
0,20130320T005127.049241.Cam6_12_aug_7.csv,132.58,143.23,20.64
1,20130320T005127.049241.Cam6_12_aug_7.csv,157.1,113.87,22.58
2,20130320T005127.049241.Cam6_12_aug_7.csv,170.97,200.97,21.29
3,20130320T005127.049241.Cam6_12_aug_7.csv,142.26,67.42,16.45
