,name,c-x,c-y,radius
0,20130320T005545.340304.Cam6_52_aug_1.csv,248.82999999999998,31.11,23.7
1,20130320T005545.340304.Cam6_52_aug_1.csv,228.82999999999998,73.61,22.31
2,20130320T005545.340304.Cam6_52_aug_1.csv,182.72,80.83,22.87
3,20130320T005545.340304.Cam6_52_aug_1.csv,182.17000000000002,111.94,22.87
4,20130320T005545.340304.Cam6_52_aug_1.csv,126.88999999999999,9.17,17.87
