,name,c-x,c-y,radius
0,20130320T004429.326331.Cam6_73_aug_5.csv,180.52487182617188,65.95808410644531,15.95
1,20130320T004429.326331.Cam6_73_aug_5.csv,100.52487182617188,110.32808685302734,13.45
