,name,c-x,c-y,radius
0,20130320T004628.947822.Cam6_64_aug_0.csv,220.6600112915039,89.69953155517578,14.44
