,name,c-x,c-y,radius
0,20130320T013627.866430_31_aug_1.csv,145.971923828125,171.43441772460938,16.48
1,20130320T013627.866430_31_aug_1.csv,198.20191955566406,166.99441528320312,13.42
2,20130320T013627.866430_31_aug_1.csv,207.6419219970703,96.99441528320312,15.92
3,20130320T013627.866430_31_aug_1.csv,217.9219207763672,70.88441467285156,17.03
4,20130320T013627.866430_31_aug_1.csv,236.8119354248047,85.60441589355469,17.03
