,name,c-x,c-y,radius
0,20130320T013221.766310_11_aug_2.csv,133.40731811523438,148.66978454589844,18.7
1,20130320T013221.766310_11_aug_2.csv,170.90731811523438,160.3297882080078,18.7
2,20130320T013221.766310_11_aug_2.csv,158.9573211669922,123.10978698730469,22.03
3,20130320T013221.766310_11_aug_2.csv,243.40731811523438,63.10978698730469,19.81
