,name,c-x,c-y,radius
0,20130320T004405.706847.Cam6_53_aug_6.csv,125.34764099121094,117.27149200439453,16.58
1,20130320T004405.706847.Cam6_53_aug_6.csv,140.66763305664062,129.14149475097656,13.14
2,20130320T004405.706847.Cam6_53_aug_6.csv,148.47764587402344,96.64149475097656,13.14
3,20130320T004405.706847.Cam6_53_aug_6.csv,172.84764099121094,125.71149444580078,13.14
4,20130320T004405.706847.Cam6_53_aug_6.csv,161.9176483154297,132.89149475097656,13.14
5,20130320T004405.706847.Cam6_53_aug_6.csv,171.9176483154297,138.52149963378906,11.26
