,name,c-x,c-y,radius
0,20130320T004420.373780.Cam6_43_aug_1.csv,130.95249938964844,137.4943084716797,12.51
1,20130320T004420.373780.Cam6_43_aug_1.csv,145.6425018310547,136.87429809570312,12.51
2,20130320T004420.373780.Cam6_43_aug_1.csv,132.5124969482422,158.74429321289062,12.51
3,20130320T004420.373780.Cam6_43_aug_1.csv,108.45249938964844,164.37429809570312,12.51
