,name,c-x,c-y,radius
0,20130320T004759.616448.Cam6_23_aug_7.csv,177.69,104.23,19.11
1,20130320T004759.616448.Cam6_23_aug_7.csv,147.69,106.54,19.11
2,20130320T004759.616448.Cam6_23_aug_7.csv,190.0,134.23,19.11
3,20130320T004759.616448.Cam6_23_aug_7.csv,141.54,184.62,19.11
4,20130320T004759.616448.Cam6_23_aug_7.csv,178.46,190.0,19.11
