,name,c-x,c-y,radius
0,20130320T004948.571086.Cam6_43_aug_4.csv,20.0,133.87,23.55
1,20130320T004948.571086.Cam6_43_aug_4.csv,33.55,123.55,23.55
2,20130320T004948.571086.Cam6_43_aug_4.csv,57.1,173.87,23.87
3,20130320T004948.571086.Cam6_43_aug_4.csv,107.1,146.77,24.84
4,20130320T004948.571086.Cam6_43_aug_4.csv,265.81,116.13,24.84
5,20130320T004948.571086.Cam6_43_aug_4.csv,306.13,130.0,24.84
6,20130320T004948.571086.Cam6_43_aug_4.csv,226.77,196.77,23.87
