,name,c-x,c-y,radius
0,20130320T012902.904983_44_aug_0.csv,21.060000000000002,117.22,15.09
1,20130320T012902.904983_44_aug_0.csv,2.170000000000016,129.17,15.09
2,20130320T012902.904983_44_aug_0.csv,39.389999999999986,126.39,15.09
3,20130320T012902.904983_44_aug_0.csv,63.0,180.83,15.09
4,20130320T012902.904983_44_aug_0.csv,79.38999999999999,130.28,14.53
5,20130320T012902.904983_44_aug_0.csv,145.5,124.72,16.48
6,20130320T012902.904983_44_aug_0.csv,193.28,106.11,15.92
7,20130320T012902.904983_44_aug_0.csv,298.83,96.39,15.92
8,20130320T012902.904983_44_aug_0.csv,281.89,147.5,15.37
