,name,c-x,c-y,radius
0,20130320T005230.098145.Cam6_12_aug_1.csv,117.59550476074219,147.4818572998047,15.8
1,20130320T005230.098145.Cam6_12_aug_1.csv,149.20550537109375,141.0318603515625,15.8
2,20130320T005230.098145.Cam6_12_aug_1.csv,159.85549926757812,112.00184631347656,15.8
3,20130320T005230.098145.Cam6_12_aug_1.csv,131.78550720214844,120.71184539794922,16.45
4,20130320T005230.098145.Cam6_12_aug_1.csv,96.62550354003906,124.90184783935547,15.8
