,name,c-x,c-y,radius
0,20130320T012835.475922_43_aug_3.csv,51.04375076293945,126.3486557006836,13.42
1,20130320T012835.475922_43_aug_3.csv,134.93374633789062,84.12865447998047,14.81
