,name,c-x,c-y,radius
0,20130320T013027.668727_21_aug_6.csv,111.63330078125,153.38140869140625,18.42
1,20130320T013027.668727_21_aug_6.csv,74.41329956054688,165.05140686035156,18.42
2,20130320T013027.668727_21_aug_6.csv,64.69329833984375,138.94140625,18.42
3,20130320T013027.668727_21_aug_6.csv,110.24330139160156,120.88141632080078,19.53
4,20130320T013027.668727_21_aug_6.csv,81.63330078125,100.0514144897461,19.53
5,20130320T013027.668727_21_aug_6.csv,106.08329772949219,79.49141693115234,19.53
