,name,c-x,c-y,radius
0,20130320T004710.853432.Cam6_73_aug_6.csv,105.73196411132812,79.53887176513672,16.16
1,20130320T004710.853432.Cam6_73_aug_6.csv,80.56196594238281,67.12886810302734,13.06
2,20130320T004710.853432.Cam6_73_aug_6.csv,112.62196350097656,52.98886489868164,13.06
