,name,c-x,c-y,radius
0,20130320T013225.766391_21_aug_7.csv,103.33,35.83,13.98
1,20130320T013225.766391_21_aug_7.csv,204.17,14.44,13.98
2,20130320T013225.766391_21_aug_7.csv,226.39,10.28,16.2
3,20130320T013225.766391_21_aug_7.csv,235.56,172.5,19.25
