,name,c-x,c-y,radius
0,20130320T004612.947488.Cam6_22_aug_0.csv,75.45872497558594,109.271728515625,14.5
1,20130320T004612.947488.Cam6_22_aug_0.csv,47.75872802734375,108.5017318725586,16.03
