,name,c-x,c-y,radius
0,20130320T004430.659734.Cam6_42_aug_5.csv,75.44828033447266,73.41110229492188,19.08
1,20130320T004430.659734.Cam6_42_aug_5.csv,36.06827926635742,86.85110473632812,16.89
2,20130320T004430.659734.Cam6_42_aug_5.csv,52.948280334472656,57.471099853515625,17.2
3,20130320T004430.659734.Cam6_42_aug_5.csv,149.50828552246094,126.53109741210938,10.01
