,name,c-x,c-y,radius
0,20130320T012932.238951_32_aug_4.csv,29.389999999999986,81.11,16.48
1,20130320T012932.238951_32_aug_4.csv,80.78,87.78,20.37
