,name,c-x,c-y,radius
0,20130320T013257.386032_21_aug_6.csv,121.06,200.0,17.03
1,20130320T013257.386032_21_aug_6.csv,26.889999999999986,138.89,15.09
2,20130320T013257.386032_21_aug_6.csv,19.110000000000014,119.17,15.09
