,name,c-x,c-y,radius
0,20130320T005452.005817.Cam6_63_aug_6.csv,55.40653991699219,130.4940643310547,17.87
