,name,c-x,c-y,radius
0,20130320T004717.329820.Cam6_63_aug_2.csv,188.08,104.23,13.34
1,20130320T004717.329820.Cam6_63_aug_2.csv,45.77,70.77,16.42
2,20130320T004717.329820.Cam6_63_aug_2.csv,25.77,2.69,14.88
3,20130320T004717.329820.Cam6_63_aug_2.csv,55.77,16.54,14.11
4,20130320T004717.329820.Cam6_63_aug_2.csv,73.85,18.85,12.96
5,20130320T004717.329820.Cam6_63_aug_2.csv,58.85,136.54,16.03
6,20130320T004717.329820.Cam6_63_aug_2.csv,264.62,30.0,18.34
