,name,c-x,c-y,radius
0,20130320T013232.433153_31_aug_1.csv,200.38189697265625,79.9652328491211,13.7
1,20130320T013232.433153_31_aug_1.csv,175.94189453125,79.41522979736328,13.7
2,20130320T013232.433153_31_aug_1.csv,197.6118927001953,96.91522979736328,13.7
3,20130320T013232.433153_31_aug_1.csv,31.49189567565918,153.30523681640625,12.59
4,20130320T013232.433153_31_aug_1.csv,50.661895751953125,176.35523986816406,12.59
5,20130320T013232.433153_31_aug_1.csv,109.27189636230469,139.6952362060547,12.59
6,20130320T013232.433153_31_aug_1.csv,99.83189392089844,146.63523864746094,12.59
7,20130320T013232.433153_31_aug_1.csv,165.94189453125,103.5852279663086,12.87
