,name,c-x,c-y,radius
0,20130320T005926.678235.Cam6_41_aug_5.csv,86.33000000000001,191.11,22.31
1,20130320T005926.678235.Cam6_41_aug_5.csv,135.5,195.83,20.37
2,20130320T005926.678235.Cam6_41_aug_5.csv,144.94,174.72,20.37
3,20130320T005926.678235.Cam6_41_aug_5.csv,229.94,175.28,19.81
4,20130320T005926.678235.Cam6_41_aug_5.csv,146.33,23.89,17.31
