,name,c-x,c-y,radius
0,20130320T004419.802268.Cam6_53_aug_2.csv,241.09796142578125,128.6710205078125,17.51
