,name,c-x,c-y,radius
0,20130320T005240.384112.Cam6_62_aug_6.csv,241.55,158.06,18.38
1,20130320T005240.384112.Cam6_62_aug_6.csv,225.42000000000002,181.61,16.77
2,20130320T005240.384112.Cam6_62_aug_6.csv,196.06,39.35,21.61
3,20130320T005240.384112.Cam6_62_aug_6.csv,119.94,69.68,20.32
4,20130320T005240.384112.Cam6_62_aug_6.csv,139.61,167.42,17.42
5,20130320T005240.384112.Cam6_62_aug_6.csv,88.32,180.0,17.42
6,20130320T005240.384112.Cam6_62_aug_6.csv,66.06,18.06,17.42
7,20130320T005240.384112.Cam6_62_aug_6.csv,36.06,8.71,18.38
8,20130320T005240.384112.Cam6_62_aug_6.csv,27.680000000000007,12.26,18.38
