,name,c-x,c-y,radius
0,20130320T004410.659327.Cam6_21_aug_2.csv,90.17535400390625,137.34765625,20.01
