,name,c-x,c-y,radius
0,20130320T005453.529724.Cam6_64_aug_1.csv,62.9653205871582,36.60395050048828,21.75
