,name,c-x,c-y,radius
0,20130320T012946.143980_44_aug_1.csv,202.47189331054688,169.0780029296875,24.25
1,20130320T012946.143980_44_aug_1.csv,187.19189453125,103.79800415039062,23.42
2,20130320T012946.143980_44_aug_1.csv,169.13189697265625,86.01800537109375,24.53
3,20130320T012946.143980_44_aug_1.csv,96.63190460205078,162.4080047607422,21.75
