,name,c-x,c-y,radius
0,20130320T005558.673956.Cam6_23_aug_0.csv,213.56,179.17,26.2
1,20130320T005558.673956.Cam6_23_aug_0.csv,225.5,155.56,24.53
2,20130320T005558.673956.Cam6_23_aug_0.csv,191.89,133.06,25.64
3,20130320T005558.673956.Cam6_23_aug_0.csv,175.78,161.39,23.42
