,name,c-x,c-y,radius
0,20130320T005747.819090.Cam6_11_aug_0.csv,231.89,195.28,17.87
1,20130320T005747.819090.Cam6_11_aug_0.csv,257.44,174.44,18.7
2,20130320T005747.819090.Cam6_11_aug_0.csv,277.44,160.28,14.25
3,20130320T005747.819090.Cam6_11_aug_0.csv,233.56,153.33,17.59
4,20130320T005747.819090.Cam6_11_aug_0.csv,258.28,120.56,15.09
