,name,c-x,c-y,radius
0,20130320T012927.857864_33_aug_5.csv,228.99244689941406,176.0377960205078,15.09
1,20130320T012927.857864_33_aug_5.csv,259.55242919921875,127.69779968261719,15.09
2,20130320T012927.857864_33_aug_5.csv,212.0524444580078,109.3677978515625,17.03
3,20130320T012927.857864_33_aug_5.csv,179.5524444580078,123.25779724121094,18.14
4,20130320T012927.857864_33_aug_5.csv,103.7224349975586,85.47779846191406,16.48
5,20130320T012927.857864_33_aug_5.csv,51.492435455322266,95.19779968261719,14.25
6,20130320T012927.857864_33_aug_5.csv,49.55243682861328,78.25779724121094,15.37
