,name,c-x,c-y,radius
0,20130320T005037.333969.Cam6_53_aug_2.csv,212.6909942626953,128.50453186035156,16.45
1,20130320T005037.333969.Cam6_53_aug_2.csv,240.76100158691406,122.69453430175781,16.45
2,20130320T005037.333969.Cam6_53_aug_2.csv,269.47100830078125,94.95453643798828,16.45
3,20130320T005037.333969.Cam6_53_aug_2.csv,274.3110046386719,110.43453979492188,16.45
4,20130320T005037.333969.Cam6_53_aug_2.csv,281.4010009765625,72.69453430175781,15.48
5,20130320T005037.333969.Cam6_53_aug_2.csv,224.3109893798828,99.14453887939453,15.48
6,20130320T005037.333969.Cam6_53_aug_2.csv,194.63099670410156,132.6945343017578,15.48
