,name,c-x,c-y,radius
0,20130320T005548.959378.Cam6_62_aug_6.csv,164.47984313964844,111.11080932617188,16.48
