,name,c-x,c-y,radius
0,20130320T004911.427445.Cam6_13_aug_4.csv,18.0,140.32,17.74
1,20130320T004911.427445.Cam6_13_aug_4.csv,17.350000000000023,111.61,17.74
2,20130320T004911.427445.Cam6_13_aug_4.csv,41.55000000000001,168.06,17.74
3,20130320T004911.427445.Cam6_13_aug_4.csv,47.35000000000002,194.52,17.74
4,20130320T004911.427445.Cam6_13_aug_4.csv,57.68000000000001,53.55,17.74
