,name,c-x,c-y,radius
0,20130320T004758.473548.Cam6_23_aug_3.csv,103.38,120.38,19.11
1,20130320T004758.473548.Cam6_23_aug_3.csv,130.69,120.38,19.11
2,20130320T004758.473548.Cam6_23_aug_3.csv,93.38,149.23,19.11
3,20130320T004758.473548.Cam6_23_aug_3.csv,131.85,197.69,19.11
4,20130320T004758.473548.Cam6_23_aug_3.csv,102.62,200.38,17.57
