,name,c-x,c-y,radius
0,20130320T013310.529168_22_aug_5.csv,118.56,155.56,15.64
1,20130320T013310.529168_22_aug_5.csv,127.16999999999999,160.0,15.64
2,20130320T013310.529168_22_aug_5.csv,43.56,45.28,16.48
3,20130320T013310.529168_22_aug_5.csv,30.5,23.06,16.48
4,20130320T013310.529168_22_aug_5.csv,216.61,24.44,16.48
5,20130320T013310.529168_22_aug_5.csv,239.94,8.89,15.92
6,20130320T013310.529168_22_aug_5.csv,243.82999999999998,16.67,15.92
