,name,c-x,c-y,radius
0,20130320T005817.152940.Cam6_63_aug_6.csv,211.06,133.06,21.48
1,20130320T005817.152940.Cam6_63_aug_6.csv,269.11,0.28,21.48
