,name,c-x,c-y,radius
0,20130320T013717.200819_33_aug_3.csv,238.5849151611328,171.32244873046875,18.42
1,20130320T013717.200819_33_aug_3.csv,217.47491455078125,141.04244995117188,18.98
2,20130320T013717.200819_33_aug_3.csv,276.0849132537842,140.77244567871094,18.98
