,name,c-x,c-y,radius
0,20130320T005417.719497.Cam6_53_aug_6.csv,133.29737854003906,55.7077751159668,21.61
