,name,c-x,c-y,radius
0,20130320T013227.099668_32_aug_1.csv,168.13552856445312,42.538787841796875,16.2
1,20130320T013227.099668_32_aug_1.csv,134.52552795410156,55.318790435791016,17.87
2,20130320T013227.099668_32_aug_1.csv,176.75552368164062,128.3787841796875,16.75
