,name,c-x,c-y,radius
0,20130320T005235.431633.Cam6_12_aug_5.csv,164.45,174.19,18.38
1,20130320T005235.431633.Cam6_12_aug_5.csv,225.74,150.97,18.38
2,20130320T005235.431633.Cam6_12_aug_5.csv,192.19,136.13,18.38
3,20130320T005235.431633.Cam6_12_aug_5.csv,196.70999999999998,36.77,18.71
4,20130320T005235.431633.Cam6_12_aug_5.csv,178.65,97.74,18.71
5,20130320T005235.431633.Cam6_12_aug_5.csv,159.94,116.13,17.74
6,20130320T005235.431633.Cam6_12_aug_5.csv,67.35,5.48,19.03
7,20130320T005235.431633.Cam6_12_aug_5.csv,206.70999999999998,69.03,18.06
