,name,c-x,c-y,radius
0,20130320T004556.947162.Cam6_34_aug_6.csv,214.54578399658203,108.74365234375,14.11
