,name,c-x,c-y,radius
0,20130320T004402.659157.Cam6_43_aug_2.csv,92.85919189453125,76.29476165771484,25.33
1,20130320T004402.659157.Cam6_43_aug_2.csv,13.179191589355469,104.73475646972656,20.01
