,name,c-x,c-y,radius
0,20130320T005409.909839.Cam6_53_aug_5.csv,73.51475524902344,48.21232604980469,19.67
