,name,c-x,c-y,radius
0,20130320T005546.673706.Cam6_72_aug_2.csv,201.76734924316406,140.6719970703125,16.48
1,20130320T005546.673706.Cam6_72_aug_2.csv,184.81735229492188,137.06199645996094,18.7
