,name,c-x,c-y,radius
0,20130320T005548.197486.Cam6_34_aug_3.csv,130.69436645507812,161.81460571289062,25.92
1,20130320T005548.197486.Cam6_34_aug_3.csv,116.80436706542969,95.14460754394531,21.48
2,20130320T005548.197486.Cam6_34_aug_3.csv,120.13436889648438,67.0946044921875,19.81
3,20130320T005548.197486.Cam6_34_aug_3.csv,87.36436462402344,91.53460693359375,18.7
