,name,c-x,c-y,radius
0,20130320T005452.005817.Cam6_63_aug_0.csv,40.004425048828125,129.97193908691406,17.87
