,name,c-x,c-y,radius
0,20130320T005239.812601.Cam6_34_aug_1.csv,176.6484832763672,116.2083740234375,22.26
1,20130320T005239.812601.Cam6_34_aug_1.csv,194.3884735107422,149.11837768554688,20.32
2,20130320T005239.812601.Cam6_34_aug_1.csv,35.358489990234375,107.82837677001953,19.03
