,name,c-x,c-y,radius
0,20130320T004420.945168.Cam6_44_aug_2.csv,123.59333801269531,154.1615447998047,10.95
1,20130320T004420.945168.Cam6_44_aug_2.csv,106.09333801269531,151.6615447998047,10.95
2,20130320T004420.945168.Cam6_44_aug_2.csv,115.15333557128906,171.97154235839844,10.95
