,name,c-x,c-y,radius
0,20130320T004430.659734.Cam6_42_aug_6.csv,90.44880676269531,108.87247467041016,19.08
1,20130320T004430.659734.Cam6_42_aug_6.csv,51.06880187988281,122.3124771118164,16.89
2,20130320T004430.659734.Cam6_42_aug_6.csv,67.94880676269531,92.9324722290039,17.2
3,20130320T004430.659734.Cam6_42_aug_6.csv,164.50880432128906,161.99246215820312,10.01
