,name,c-x,c-y,radius
0,20130320T013314.338742_41_aug_0.csv,56.889999999999986,106.67,17.31
1,20130320T013314.338742_41_aug_0.csv,125.22,55.28,17.31
2,20130320T013314.338742_41_aug_0.csv,112.16999999999999,21.67,19.53
3,20130320T013314.338742_41_aug_0.csv,133.56,8.33,14.81
4,20130320T013314.338742_41_aug_0.csv,174.94,158.33,13.7
5,20130320T013314.338742_41_aug_0.csv,204.94,152.22,14.53
6,20130320T013314.338742_41_aug_0.csv,254.94,162.78,14.53
