,name,c-x,c-y,radius
0,20130320T005027.238508.Cam6_53_aug_5.csv,22.589813232421875,83.87256622314453,23.55
1,20130320T005027.238508.Cam6_53_aug_5.csv,210.3298110961914,116.77256774902344,21.29
