,name,c-x,c-y,radius
0,20130320T004550.470901.Cam6_42_aug_5.csv,44.448211669921875,91.85533142089844,17.57
