,name,c-x,c-y,radius
0,20130320T004524.184585.Cam6_43_aug_4.csv,285.1208553314209,62.458526611328125,19.08
1,20130320T004524.184585.Cam6_43_aug_4.csv,259.1808547973633,32.14852523803711,20.64
