,name,c-x,c-y,radius
0,20130320T013115.669706_21_aug_6.csv,64.38999999999999,190.0,18.98
1,20130320T013115.669706_21_aug_6.csv,76.06,150.0,16.2
2,20130320T013115.669706_21_aug_6.csv,96.33000000000001,130.83,16.2
3,20130320T013115.669706_21_aug_6.csv,68.83000000000001,126.67,18.7
4,20130320T013115.669706_21_aug_6.csv,41.889999999999986,121.94,17.31
