,name,c-x,c-y,radius
0,20130320T005133.335115.Cam6_24_aug_0.csv,273.48,169.35,22.9
1,20130320T005133.335115.Cam6_24_aug_0.csv,307.03,143.87,22.9
2,20130320T005133.335115.Cam6_24_aug_0.csv,223.16,15.16,22.9
3,20130320T005133.335115.Cam6_24_aug_0.csv,294.77,43.23,20.64
4,20130320T005133.335115.Cam6_24_aug_0.csv,294.13,5.48,20.64
5,20130320T005133.335115.Cam6_24_aug_0.csv,137.68,3.23,21.61
