,name,c-x,c-y,radius
0,20130320T013610.532832_42_aug_3.csv,234.86065673828125,154.29046630859375,19.81
1,20130320T013610.532832_42_aug_3.csv,186.2506561279297,160.13046264648438,19.81
2,20130320T013610.532832_42_aug_3.csv,139.86065673828125,128.1804656982422,19.25
3,20130320T013610.532832_42_aug_3.csv,59.860660552978516,77.35047149658203,25.37
