,name,c-x,c-y,radius
0,20130320T005619.626768.Cam6_12_aug_4.csv,227.3900146484375,108.08792114257812,26.2
