,name,c-x,c-y,radius
0,20130320T013023.287634_33_aug_7.csv,145.56,181.11,22.59
1,20130320T013023.287634_33_aug_7.csv,182.22,188.61,22.59
2,20130320T013023.287634_33_aug_7.csv,256.39,71.94,21.75
3,20130320T013023.287634_33_aug_7.csv,225.0,51.94,23.42
4,20130320T013023.287634_33_aug_7.csv,266.39,35.28,25.37
