,name,c-x,c-y,radius
0,20130320T005036.000567.Cam6_64_aug_5.csv,262.9295959472656,105.54150390625,12.58
1,20130320T005036.000567.Cam6_64_aug_5.csv,256.15960693359375,117.80150604248047,12.58
2,20130320T005036.000567.Cam6_64_aug_5.csv,236.79962158203125,109.09150695800781,12.58
3,20130320T005036.000567.Cam6_64_aug_5.csv,222.609619140625,89.73150634765625,12.58
