,name,c-x,c-y,radius
0,20130320T005027.238508.Cam6_53_aug_3.csv,70.16751098632812,112.81503295898438,23.55
1,20130320T005027.238508.Cam6_53_aug_3.csv,257.9075050354004,145.7150421142578,21.29
