,name,c-x,c-y,radius
0,20130320T013109.193320_51_aug_4.csv,219.17169189453125,138.6259002685547,13.7
1,20130320T013109.193320_51_aug_4.csv,274.731689453125,106.6759033203125,14.53
2,20130320T013109.193320_51_aug_4.csv,265.56170654296875,77.50590515136719,15.64
