,name,c-x,c-y,radius
0,20130320T005655.817889.Cam6_12_aug_5.csv,156.8179931640625,123.29483032226562,21.48
1,20130320T005655.817889.Cam6_12_aug_5.csv,186.81800079345703,106.90483093261719,19.53
2,20130320T005655.817889.Cam6_12_aug_5.csv,144.58799743652344,102.454833984375,19.53
3,20130320T005655.817889.Cam6_12_aug_5.csv,164.8679962158203,59.954833984375,21.48
4,20130320T005655.817889.Cam6_12_aug_5.csv,147.92799377441406,53.56483459472656,20.09
5,20130320T005655.817889.Cam6_12_aug_5.csv,183.20800018310547,26.344833374023438,19.25
