,name,c-x,c-y,radius
0,20130320T012946.524989_21_aug_4.csv,112.8729019165039,157.24546813964844,21.75
1,20130320T012946.524989_21_aug_4.csv,139.54290771484375,164.46546936035156,23.98
2,20130320T012946.524989_21_aug_4.csv,174.26290893554688,154.46546936035156,23.98
3,20130320T012946.524989_21_aug_4.csv,238.1529083251953,132.79547119140625,23.98
4,20130320T012946.524989_21_aug_4.csv,128.98291015625,73.6254653930664,23.98
5,20130320T012946.524989_21_aug_4.csv,130.6529083251953,100.29547119140625,23.98
