,name,c-x,c-y,radius
0,20130320T013324.243694_43_aug_5.csv,101.99211883544922,78.6834945678711,17.31
