,name,c-x,c-y,radius
0,20130320T004438.278894.Cam6_42_aug_3.csv,136.74786376953125,60.40019989013672,10.64
1,20130320T004438.278894.Cam6_42_aug_3.csv,115.81787109375,62.27019500732422,10.64
2,20130320T004438.278894.Cam6_42_aug_3.csv,95.1878662109375,104.15019989013672,10.64
3,20130320T004438.278894.Cam6_42_aug_3.csv,137.37786865234375,100.0802001953125,10.01
