,name,c-x,c-y,radius
0,20130320T013657.200420_21_aug_7.csv,29.17,47.78,13.7
1,20130320T013657.200420_21_aug_7.csv,53.06,56.94,15.92
2,20130320T013657.200420_21_aug_7.csv,90.56,60.56,15.09
3,20130320T013657.200420_21_aug_7.csv,93.33,40.28,15.09
4,20130320T013657.200420_21_aug_7.csv,100.83,130.0,17.59
5,20130320T013657.200420_21_aug_7.csv,108.06,150.56,17.03
