,name,c-x,c-y,radius
0,20130320T005027.238508.Cam6_53_aug_6.csv,79.01651000976562,81.75230407714844,23.55
1,20130320T005027.238508.Cam6_53_aug_6.csv,266.75650787353516,114.65230560302734,21.29
