,name,c-x,c-y,radius
0,20130320T005318.670649.Cam6_12_aug_3.csv,194.13,147.42,17.74
1,20130320T005318.670649.Cam6_12_aug_3.csv,188.0,185.16,19.67
