,name,c-x,c-y,radius
0,20130320T013352.244276_32_aug_6.csv,274.11,43.06,20.92
1,20130320T013352.244276_32_aug_6.csv,303.0,70.28,20.92
