,name,c-x,c-y,radius
0,20130320T004526.089376.Cam6_33_aug_6.csv,146.65899658203125,98.26828002929688,17.2
