,name,c-x,c-y,radius
0,20130320T005751.819172.Cam6_52_aug_5.csv,209.94,41.39,17.03
1,20130320T005751.819172.Cam6_52_aug_5.csv,188.56,4.17,17.03
2,20130320T005751.819172.Cam6_52_aug_5.csv,27.439999999999998,8.61,17.03
