,name,c-x,c-y,radius
0,20130320T012844.047476_22_aug_2.csv,297.17,173.89,14.53
1,20130320T012844.047476_22_aug_2.csv,306.06,126.39,13.7
2,20130320T012844.047476_22_aug_2.csv,293.83,59.44,15.92
3,20130320T012844.047476_22_aug_2.csv,274.94,35.28,15.92
4,20130320T012844.047476_22_aug_2.csv,288.0,17.78,15.92
5,20130320T012844.047476_22_aug_2.csv,212.17000000000002,116.11,14.25
6,20130320T012844.047476_22_aug_2.csv,181.89,125.28,14.25
7,20130320T012844.047476_22_aug_2.csv,119.66999999999999,103.33,14.25
