,name,c-x,c-y,radius
0,20130320T004418.278486.Cam6_51_aug_0.csv,112.1783676147461,86.21407318115234,14.7
1,20130320T004418.278486.Cam6_51_aug_0.csv,91.24836730957031,65.58406829833984,14.7
