,name,c-x,c-y,radius
0,20130320T012847.857177_32_aug_6.csv,180.39425659179688,147.3096160888672,17.31
