,name,c-x,c-y,radius
0,20130320T005612.578997.Cam6_61_aug_2.csv,79.10490417480469,135.0723419189453,21.48
1,20130320T005612.578997.Cam6_61_aug_2.csv,61.60490417480469,125.34235382080078,20.37
2,20130320T005612.578997.Cam6_61_aug_2.csv,71.88490295410156,51.46234893798828,17.87
3,20130320T005612.578997.Cam6_61_aug_2.csv,99.38490295410156,46.46235275268555,17.87
4,20130320T005612.578997.Cam6_61_aug_2.csv,141.05490112304688,50.072349548339844,17.03
