,name,c-x,c-y,radius
0,20130320T013446.340622_34_aug_5.csv,124.11000000000001,118.06,20.92
1,20130320T013446.340622_34_aug_5.csv,200.78,22.78,23.14
2,20130320T013446.340622_34_aug_5.csv,162.72,0.0,21.75
