,name,c-x,c-y,radius
0,20130320T005824.200708.Cam6_52_aug_0.csv,244.95474243164062,77.39132690429688,17.87
1,20130320T005824.200708.Cam6_52_aug_0.csv,235.79473876953125,80.44132995605469,17.87
2,20130320T005824.200708.Cam6_52_aug_0.csv,201.34474182128906,67.66133117675781,24.81
3,20130320T005824.200708.Cam6_52_aug_0.csv,174.6847381591797,91.28132629394531,23.7
4,20130320T005824.200708.Cam6_52_aug_0.csv,143.84474182128906,99.33132934570312,20.37
5,20130320T005824.200708.Cam6_52_aug_0.csv,57.18474197387695,84.33132934570312,22.03
