,name,c-x,c-y,radius
0,20130320T005453.529724.Cam6_64_aug_4.csv,75.44062042236328,56.36293411254883,21.75
