,name,c-x,c-y,radius
0,20130320T012947.667888_32_aug_4.csv,213.4010467529297,93.22991180419922,21.75
1,20130320T012947.667888_32_aug_4.csv,147.01104736328125,127.10991668701172,21.75
2,20130320T012947.667888_32_aug_4.csv,125.62104034423828,95.44991302490234,21.75
