,name,c-x,c-y,radius
0,20130320T004757.902037.Cam6_42_aug_5.csv,133.81556701660156,134.259033203125,20.65
1,20130320T004757.902037.Cam6_42_aug_5.csv,106.89556884765625,132.72903442382812,18.73
2,20130320T004757.902037.Cam6_42_aug_5.csv,67.27555847167969,80.0290298461914,19.11
3,20130320T004757.902037.Cam6_42_aug_5.csv,28.8155517578125,74.64903259277344,18.34
4,20130320T004757.902037.Cam6_42_aug_5.csv,189.195556640625,88.8790283203125,18.34
