,name,c-x,c-y,radius
0,20130320T005550.102277.Cam6_21_aug_6.csv,253.22862243652344,141.66268920898438,19.81
1,20130320T005550.102277.Cam6_21_aug_6.csv,224.06863403320312,139.16268920898438,16.48
2,20130320T005550.102277.Cam6_21_aug_6.csv,261.00860595703125,126.94269561767578,19.53
