,name,c-x,c-y,radius
0,20130320T005615.817189.Cam6_32_aug_5.csv,63.07591247558594,57.959014892578125,21.2
1,20130320T005615.817189.Cam6_32_aug_5.csv,148.3559112548828,44.34901428222656,23.42
2,20130320T005615.817189.Cam6_32_aug_5.csv,185.305908203125,61.56901550292969,20.37
