,name,c-x,c-y,radius
0,20130320T005550.102277.Cam6_21_aug_0.csv,296.8793640136719,150.67010498046875,19.81
1,20130320T005550.102277.Cam6_21_aug_0.csv,267.7193908691406,148.17010498046875,16.48
2,20130320T005550.102277.Cam6_21_aug_0.csv,304.65936279296875,135.95010375976562,19.53
