,name,c-x,c-y,radius
0,20130320T004410.659327.Cam6_21_aug_1.csv,86.60972595214844,141.9356689453125,20.01
