,name,c-x,c-y,radius
0,20130320T005036.000567.Cam6_64_aug_3.csv,256.9196472167969,119.61844635009766,12.58
1,20130320T005036.000567.Cam6_64_aug_3.csv,250.149658203125,131.87844848632812,12.58
2,20130320T005036.000567.Cam6_64_aug_3.csv,230.78965759277344,123.16844940185547,12.58
3,20130320T005036.000567.Cam6_64_aug_3.csv,216.5996551513672,103.8084487915039,12.58
