,name,c-x,c-y,radius
0,20130320T005800.581226.Cam6_54_aug_4.csv,205.05004119873047,130.6819610595703,21.48
1,20130320T005800.581226.Cam6_54_aug_4.csv,99.50004577636719,161.23196411132812,18.7
2,20130320T005800.581226.Cam6_54_aug_4.csv,263.1100387573242,25.951953887939453,15.64
3,20130320T005800.581226.Cam6_54_aug_4.csv,243.3900375366211,40.95195388793945,18.14
4,20130320T005800.581226.Cam6_54_aug_4.csv,164.5000457763672,46.231956481933594,18.7
5,20130320T005800.581226.Cam6_54_aug_4.csv,130.89004516601562,56.231956481933594,19.25
6,20130320T005800.581226.Cam6_54_aug_4.csv,105.61004638671875,62.07195281982422,19.25
7,20130320T005800.581226.Cam6_54_aug_4.csv,202.28003692626953,110.4019546508789,15.37
