,name,c-x,c-y,radius
0,20130320T013604.627962_52_aug_3.csv,168.83,17.78,22.87
1,20130320T013604.627962_52_aug_3.csv,280.78,9.72,22.87
