,name,c-x,c-y,radius
0,20130320T013348.625201_64_aug_0.csv,116.94,142.5,23.98
1,20130320T013348.625201_64_aug_0.csv,172.5,71.94,27.03
2,20130320T013348.625201_64_aug_0.csv,145.28,34.17,28.7
3,20130320T013348.625201_64_aug_0.csv,296.94,115.0,23.98
