,name,c-x,c-y,radius
0,20130320T004408.944916.Cam6_54_aug_0.csv,217.20233154296875,153.67135620117188,15.95
1,20130320T004408.944916.Cam6_54_aug_0.csv,207.20233154296875,168.99136352539062,14.7
