,name,c-x,c-y,radius
0,20130320T004612.947488.Cam6_22_aug_2.csv,274.5443420410156,102.16950988769531,14.5
1,20130320T004612.947488.Cam6_22_aug_2.csv,302.2443542480469,101.3995132446289,16.03
