,name,c-x,c-y,radius
0,20130320T005551.626183.Cam6_33_aug_4.csv,108.0,185.28,28.98
1,20130320T005551.626183.Cam6_33_aug_4.csv,67.44,155.83,27.31
2,20130320T005551.626183.Cam6_33_aug_4.csv,118.0,137.78,27.31
3,20130320T005551.626183.Cam6_33_aug_4.csv,249.94,20.83,17.03
4,20130320T005551.626183.Cam6_33_aug_4.csv,308.0,132.22,21.2
