,name,c-x,c-y,radius
0,20130320T004848.760347.Cam6_62_aug_7.csv,65.48,63.55,25.16
1,20130320T004848.760347.Cam6_62_aug_7.csv,59.35,78.39,22.9
2,20130320T004848.760347.Cam6_62_aug_7.csv,95.16,80.97,22.9
3,20130320T004848.760347.Cam6_62_aug_7.csv,133.23,167.42,20.32
4,20130320T004848.760347.Cam6_62_aug_7.csv,166.13,142.58,20.32
5,20130320T004848.760347.Cam6_62_aug_7.csv,201.29,120.32,20.32
6,20130320T004848.760347.Cam6_62_aug_7.csv,270.97,32.58,22.9
7,20130320T004848.760347.Cam6_62_aug_7.csv,1.94,176.77,22.9
