,name,c-x,c-y,radius
0,20130320T004927.999164.Cam6_31_aug_5.csv,78.40232849121094,124.67680358886719,22.58
1,20130320T004927.999164.Cam6_31_aug_5.csv,119.05233764648438,135.6468048095703,20.64
2,20130320T004927.999164.Cam6_31_aug_5.csv,107.7623291015625,45.966800689697266,19.67
