,name,c-x,c-y,radius
0,20130320T005043.048337.Cam6_32_aug_2.csv,108.0,195.81,16.13
1,20130320T005043.048337.Cam6_32_aug_2.csv,92.52000000000001,133.55,20.0
2,20130320T005043.048337.Cam6_32_aug_2.csv,54.44999999999999,126.45,20.0
3,20130320T005043.048337.Cam6_32_aug_2.csv,24.44999999999999,139.68,19.03
4,20130320T005043.048337.Cam6_32_aug_2.csv,68.97,80.65,19.03
5,20130320T005043.048337.Cam6_32_aug_2.csv,105.41999999999999,94.19,19.03
6,20130320T005043.048337.Cam6_32_aug_2.csv,93.47999999999999,55.16,19.03
7,20130320T005043.048337.Cam6_32_aug_2.csv,112.19,65.48,19.03
