,name,c-x,c-y,radius
0,20130320T005640.198564.Cam6_42_aug_3.csv,270.22,115.83,18.7
1,20130320T005640.198564.Cam6_42_aug_3.csv,253.28,94.44,22.03
2,20130320T005640.198564.Cam6_42_aug_3.csv,204.11,141.11,17.59
3,20130320T005640.198564.Cam6_42_aug_3.csv,76.61000000000001,182.78,18.98
4,20130320T005640.198564.Cam6_42_aug_3.csv,37.170000000000016,129.17,20.37
5,20130320T005640.198564.Cam6_42_aug_3.csv,9.110000000000014,150.56,20.37
