,name,c-x,c-y,radius
0,20130320T013221.766310_11_aug_4.csv,165.1842803955078,154.0017852783203,18.7
1,20130320T013221.766310_11_aug_4.csv,202.6842803955078,165.6617889404297,18.7
2,20130320T013221.766310_11_aug_4.csv,190.73428344726562,128.44178771972656,22.03
3,20130320T013221.766310_11_aug_4.csv,275.1842956542969,68.44178009033203,19.81
