,name,c-x,c-y,radius
0,20130320T005229.717262.Cam6_14_aug_5.csv,156.70394897460938,158.29364013671875,16.45
1,20130320T005229.717262.Cam6_14_aug_5.csv,135.0939483642578,137.96365356445312,15.8
2,20130320T005229.717262.Cam6_14_aug_5.csv,164.76394653320312,143.45364379882812,15.8
