,name,c-x,c-y,radius
0,20130320T005444.386662.Cam6_21_aug_7.csv,66.11,195.56,17.59
1,20130320T005444.386662.Cam6_21_aug_7.csv,47.22,197.78,17.59
2,20130320T005444.386662.Cam6_21_aug_7.csv,50.56,166.11,18.14
3,20130320T005444.386662.Cam6_21_aug_7.csv,84.44,175.0,16.2
4,20130320T005444.386662.Cam6_21_aug_7.csv,110.28,102.78,18.14
5,20130320T005444.386662.Cam6_21_aug_7.csv,74.44,95.0,17.87
6,20130320T005444.386662.Cam6_21_aug_7.csv,42.78,90.56,17.87
7,20130320T005444.386662.Cam6_21_aug_7.csv,98.06,41.67,17.03
8,20130320T005444.386662.Cam6_21_aug_7.csv,90.0,15.56,17.03
