,name,c-x,c-y,radius
0,20130320T004547.804094.Cam6_12_aug_6.csv,157.99134826660156,66.71546936035156,26.42
1,20130320T004547.804094.Cam6_12_aug_6.csv,195.6813507080078,80.55546569824219,24.11
2,20130320T004547.804094.Cam6_12_aug_6.csv,186.8313446044922,116.32546997070312,21.8
3,20130320T004547.804094.Cam6_12_aug_6.csv,155.30136108398438,92.48546600341797,21.03
4,20130320T004547.804094.Cam6_12_aug_6.csv,132.60134887695312,149.4054718017578,21.03
