,name,c-x,c-y,radius
0,20130320T005451.624934.Cam6_21_aug_4.csv,35.28,29.17,18.7
1,20130320T005451.624934.Cam6_21_aug_4.csv,40.56,62.22,17.31
2,20130320T005451.624934.Cam6_21_aug_4.csv,208.33,134.17,25.64
3,20130320T005451.624934.Cam6_21_aug_4.csv,249.72,130.83,25.09
4,20130320T005451.624934.Cam6_21_aug_4.csv,247.5,167.22,23.98
