,name,c-x,c-y,radius
0,20130320T005230.098145.Cam6_12_aug_4.csv,189.33338165283203,139.2026824951172,15.8
1,20130320T005230.098145.Cam6_12_aug_4.csv,157.723388671875,132.752685546875,15.8
2,20130320T005230.098145.Cam6_12_aug_4.csv,147.07339477539062,103.7226791381836,15.8
3,20130320T005230.098145.Cam6_12_aug_4.csv,175.1433868408203,112.43267822265625,16.45
4,20130320T005230.098145.Cam6_12_aug_4.csv,210.30338287353516,116.6226806640625,15.8
