,name,c-x,c-y,radius
0,20130320T005655.817889.Cam6_12_aug_1.csv,140.55010986328125,137.81912231445312,21.48
1,20130320T005655.817889.Cam6_12_aug_1.csv,170.55010986328125,121.42911529541016,19.53
2,20130320T005655.817889.Cam6_12_aug_1.csv,128.3201141357422,116.97911834716797,19.53
3,20130320T005655.817889.Cam6_12_aug_1.csv,148.60011291503906,74.47911834716797,21.48
4,20130320T005655.817889.Cam6_12_aug_1.csv,131.6601104736328,68.08911895751953,20.09
5,20130320T005655.817889.Cam6_12_aug_1.csv,166.9401092529297,40.86912155151367,19.25
