,name,c-x,c-y,radius
0,20130320T004418.278486.Cam6_51_aug_5.csv,171.2355499267578,91.05608367919922,14.7
1,20130320T004418.278486.Cam6_51_aug_5.csv,192.16554260253906,70.42607879638672,14.7
