,name,c-x,c-y,radius
0,20130320T013036.430781_24_aug_4.csv,103.89,151.94,17.31
1,20130320T013036.430781_24_aug_4.csv,120.56,149.17,18.42
2,20130320T013036.430781_24_aug_4.csv,132.5,143.06,18.42
3,20130320T013036.430781_24_aug_4.csv,170.56,198.61,18.42
4,20130320T013036.430781_24_aug_4.csv,223.06,148.33,15.09
5,20130320T013036.430781_24_aug_4.csv,250.56,109.17,15.09
6,20130320T013036.430781_24_aug_4.csv,285.0,48.33,15.09
