,name,c-x,c-y,radius
0,20130320T005800.581226.Cam6_54_aug_0.csv,185.37423706054688,141.3551788330078,21.48
1,20130320T005800.581226.Cam6_54_aug_0.csv,79.82423400878906,171.90518188476562,18.7
2,20130320T005800.581226.Cam6_54_aug_0.csv,243.43423461914062,36.625179290771484,15.64
3,20130320T005800.581226.Cam6_54_aug_0.csv,223.7142333984375,51.625179290771484,18.14
4,20130320T005800.581226.Cam6_54_aug_0.csv,144.82423400878906,56.905181884765625,18.7
5,20130320T005800.581226.Cam6_54_aug_0.csv,111.2142333984375,66.90518188476562,19.25
6,20130320T005800.581226.Cam6_54_aug_0.csv,85.93423461914062,72.74517822265625,19.25
7,20130320T005800.581226.Cam6_54_aug_0.csv,182.60423278808594,121.07518005371094,15.37
