,name,c-x,c-y,radius
0,20130320T012842.142686_32_aug_7.csv,279.17,153.06,15.92
1,20130320T012842.142686_32_aug_7.csv,260.28,99.17,16.75
2,20130320T012842.142686_32_aug_7.csv,237.5,95.28,16.75
3,20130320T012842.142686_32_aug_7.csv,212.78,91.94,15.09
4,20130320T012842.142686_32_aug_7.csv,181.39,80.0,17.31
5,20130320T012842.142686_32_aug_7.csv,208.06,67.78,16.48
6,20130320T012842.142686_32_aug_7.csv,233.06,70.83,15.64
7,20130320T012842.142686_32_aug_7.csv,294.44,50.0,18.7
