,name,c-x,c-y,radius
0,20130320T013327.672391_33_aug_0.csv,211.06,149.17,17.31
1,20130320T013327.672391_33_aug_0.csv,218.28,119.72,17.31
2,20130320T013327.672391_33_aug_0.csv,256.61,109.44,23.14
3,20130320T013327.672391_33_aug_0.csv,303.28,113.61,23.14
