,name,c-x,c-y,radius
0,20130320T013029.002003_22_aug_0.csv,228.28,48.61,20.64
1,20130320T013029.002003_22_aug_0.csv,190.78,46.94,19.81
2,20130320T013029.002003_22_aug_0.csv,216.32999999999998,80.28,19.53
3,20130320T013029.002003_22_aug_0.csv,80.78,115.83,16.75
4,20130320T013029.002003_22_aug_0.csv,58.56,128.89,16.75
5,20130320T013029.002003_22_aug_0.csv,55.78,105.83,19.81
6,20130320T013029.002003_22_aug_0.csv,25.220000000000027,84.17,22.03
7,20130320T013029.002003_22_aug_0.csv,30.779999999999973,131.67,19.81
