,name,c-x,c-y,radius
0,20130320T005955.821705.Cam6_52_aug_7.csv,133.61,15.0,20.92
1,20130320T005955.821705.Cam6_52_aug_7.csv,192.22,42.78,21.2
