,name,c-x,c-y,radius
0,20130320T013508.817326_12_aug_7.csv,60.83,190.83,18.14
1,20130320T013508.817326_12_aug_7.csv,72.78,165.83,18.14
2,20130320T013508.817326_12_aug_7.csv,20.28,133.61,18.14
3,20130320T013508.817326_12_aug_7.csv,44.72,116.11,18.98
4,20130320T013508.817326_12_aug_7.csv,28.06,86.94,18.98
5,20130320T013508.817326_12_aug_7.csv,42.22,98.61,18.98
6,20130320T013508.817326_12_aug_7.csv,8.33,49.72,18.98
7,20130320T013508.817326_12_aug_7.csv,40.83,58.89,18.98
8,20130320T013508.817326_12_aug_7.csv,21.11,25.56,18.98
