,name,c-x,c-y,radius
0,20130320T005912.201684.Cam6_63_aug_5.csv,168.0805206298828,59.19409942626953,22.59
