,name,c-x,c-y,radius
0,20130320T013139.289192_32_aug_5.csv,299.11,117.22,17.59
1,20130320T013139.289192_32_aug_5.csv,256.33,109.17,18.42
2,20130320T013139.289192_32_aug_5.csv,272.44,46.39,16.75
3,20130320T013139.289192_32_aug_5.csv,278.83,13.89,15.64
4,20130320T013139.289192_32_aug_5.csv,68.83000000000001,135.83,17.87
5,20130320T013139.289192_32_aug_5.csv,21.060000000000002,140.0,15.64
