,name,c-x,c-y,radius
0,20130320T004900.189083.Cam6_14_aug_6.csv,245.42000000000002,108.06,19.35
1,20130320T004900.189083.Cam6_14_aug_6.csv,214.45,83.87,19.67
2,20130320T004900.189083.Cam6_14_aug_6.csv,217.68,110.0,19.67
3,20130320T004900.189083.Cam6_14_aug_6.csv,232.51999999999998,149.35,19.67
4,20130320T004900.189083.Cam6_14_aug_6.csv,249.29,70.65,20.32
5,20130320T004900.189083.Cam6_14_aug_6.csv,279.29,75.48,18.71
6,20130320T004900.189083.Cam6_14_aug_6.csv,257.03,27.1,18.71
