,name,c-x,c-y,radius
0,20130320T013505.198129_43_aug_1.csv,278.0,101.67,20.64
1,20130320T013505.198129_43_aug_1.csv,226.61,129.72,18.98
2,20130320T013505.198129_43_aug_1.csv,14.939999999999998,68.33,21.48
