,name,c-x,c-y,radius
0,20130320T005228.764869.Cam6_73_aug_5.csv,212.65269470214844,35.10749816894531,14.19
