,name,c-x,c-y,radius
0,20130320T005754.866735.Cam6_22_aug_4.csv,69.15545654296875,61.677513122558594,20.92
1,20130320T005754.866735.Cam6_22_aug_4.csv,24.70545768737793,31.95751190185547,20.92
2,20130320T005754.866735.Cam6_22_aug_4.csv,17.20545768737793,70.00751495361328,20.92
