,name,c-x,c-y,radius
0,20130320T005812.771975.Cam6_41_aug_3.csv,78.50373077392578,116.20480346679688,21.2
1,20130320T005812.771975.Cam6_41_aug_3.csv,112.39373016357422,110.64480590820312,21.2
