,name,c-x,c-y,radius
0,20130320T005550.102277.Cam6_21_aug_3.csv,62.30476760864258,158.22940063476562,19.81
1,20130320T005550.102277.Cam6_21_aug_3.csv,91.46476745605469,155.72940063476562,16.48
2,20130320T005550.102277.Cam6_21_aug_3.csv,54.5247688293457,143.5093994140625,19.53
