,name,c-x,c-y,radius
0,20130320T005812.771975.Cam6_41_aug_6.csv,227.81466674804688,102.50946807861328,21.2
1,20130320T005812.771975.Cam6_41_aug_6.csv,193.92466735839844,96.94947052001953,21.2
