,name,c-x,c-y,radius
0,20130320T004927.999164.Cam6_31_aug_4.csv,42.55499267578125,98.682861328125,22.58
1,20130320T004927.999164.Cam6_31_aug_4.csv,83.20500183105469,109.65286254882812,20.64
2,20130320T004927.999164.Cam6_31_aug_4.csv,71.91499328613281,19.972862243652344,19.67
