,name,c-x,c-y,radius
0,20130320T005754.104844.Cam6_52_aug_4.csv,278.1361083984375,101.41802215576172,22.31
1,20130320T005754.104844.Cam6_52_aug_4.csv,239.52609252929688,98.35802459716797,18.98
