,name,c-x,c-y,radius
0,20130320T004420.373780.Cam6_43_aug_0.csv,119.6926498413086,117.83389282226562,12.51
1,20130320T004420.373780.Cam6_43_aug_0.csv,134.3826446533203,117.2138900756836,12.51
2,20130320T004420.373780.Cam6_43_aug_0.csv,121.25264739990234,139.08389282226562,12.51
3,20130320T004420.373780.Cam6_43_aug_0.csv,97.1926498413086,144.71389770507812,12.51
