,name,c-x,c-y,radius
0,20130320T012835.475922_43_aug_7.csv,268.06,142.5,13.42
1,20130320T012835.475922_43_aug_7.csv,184.17,100.28,14.81
