,name,c-x,c-y,radius
0,20130320T012944.239190_11_aug_0.csv,6.610000000000014,79.72,19.53
1,20130320T012944.239190_11_aug_0.csv,7.439999999999998,117.5,18.98
2,20130320T012944.239190_11_aug_0.csv,92.44,13.89,20.64
