,name,c-x,c-y,radius
0,20130320T004612.947488.Cam6_22_aug_7.csv,246.92,92.31,14.5
1,20130320T004612.947488.Cam6_22_aug_7.csv,274.62,91.54,16.03
