,name,c-x,c-y,radius
0,20130320T004755.806868.Cam6_42_aug_1.csv,138.46,43.46,17.96
1,20130320T004755.806868.Cam6_42_aug_1.csv,190.38,11.15,18.34
2,20130320T004755.806868.Cam6_42_aug_1.csv,202.31,23.46,18.34
3,20130320T004755.806868.Cam6_42_aug_1.csv,134.62,141.54,16.8
4,20130320T004755.806868.Cam6_42_aug_1.csv,130.77,135.38,16.8
5,20130320T004755.806868.Cam6_42_aug_1.csv,186.54,154.62,17.57
6,20130320T004755.806868.Cam6_42_aug_1.csv,208.08,187.69,16.8
7,20130320T004755.806868.Cam6_42_aug_1.csv,235.38,170.77,17.19
