,name,c-x,c-y,radius
0,20130320T013322.910417_14_aug_3.csv,198.84011840820312,140.1613311767578,15.64
1,20130320T013322.910417_14_aug_3.csv,228.56011962890625,129.60133361816406,15.64
2,20130320T013322.910417_14_aug_3.csv,256.62011337280273,117.66133117675781,17.03
