,name,c-x,c-y,radius
0,20130320T004757.711657.Cam6_21_aug_4.csv,127.30911254882812,55.06779098510742,17.19
