,name,c-x,c-y,radius
0,20130320T012946.143980_44_aug_6.csv,246.63731384277344,166.7764129638672,24.25
1,20130320T012946.143980_44_aug_6.csv,231.35731506347656,101.49640655517578,23.42
2,20130320T012946.143980_44_aug_6.csv,213.2973175048828,83.7164077758789,24.53
3,20130320T012946.143980_44_aug_6.csv,140.7973175048828,160.10641479492188,21.75
