,name,c-x,c-y,radius
0,20130320T013607.104137_43_aug_0.csv,184.34780883789062,111.18219757080078,18.98
1,20130320T013607.104137_43_aug_0.csv,127.95780944824219,72.57219696044922,18.98
2,20130320T013607.104137_43_aug_0.csv,245.73780822753906,39.512203216552734,21.48
