,name,c-x,c-y,radius
0,20130320T012930.334163_22_aug_0.csv,153.28,175.56,17.87
1,20130320T012930.334163_22_aug_0.csv,192.72,185.0,20.37
2,20130320T012930.334163_22_aug_0.csv,168.83,141.11,18.7
3,20130320T012930.334163_22_aug_0.csv,182.17000000000002,101.11,18.7
4,20130320T012930.334163_22_aug_0.csv,158.0,55.56,20.37
5,20130320T012930.334163_22_aug_0.csv,156.33,8.06,19.25
6,20130320T012930.334163_22_aug_0.csv,122.16999999999999,1.39,18.7
7,20130320T012930.334163_22_aug_0.csv,49.110000000000014,0.0,18.7
8,20130320T012930.334163_22_aug_0.csv,116.61000000000001,92.5,18.14
