,name,c-x,c-y,radius
0,20130320T013119.669788_24_aug_5.csv,83.83000000000001,195.28,16.75
1,20130320T013119.669788_24_aug_5.csv,170.78,177.5,14.53
2,20130320T013119.669788_24_aug_5.csv,66.33000000000001,145.0,15.37
3,20130320T013119.669788_24_aug_5.csv,111.33000000000001,56.94,17.59
4,20130320T013119.669788_24_aug_5.csv,109.66999999999999,28.61,17.59
5,20130320T013119.669788_24_aug_5.csv,134.94,38.06,17.59
