,name,c-x,c-y,radius
0,20130320T004927.999164.Cam6_31_aug_0.csv,86.03799438476562,115.7683334350586,22.58
1,20130320T004927.999164.Cam6_31_aug_0.csv,126.68800354003906,126.73833465576172,20.64
2,20130320T004927.999164.Cam6_31_aug_0.csv,115.39799499511719,37.05833053588867,19.67
