,name,c-x,c-y,radius
0,20130320T012919.857703_21_aug_4.csv,112.72,76.67,14.25
1,20130320T012919.857703_21_aug_4.csv,98.28,76.39,15.64
2,20130320T012919.857703_21_aug_4.csv,80.22,56.67,13.98
3,20130320T012919.857703_21_aug_4.csv,60.78,70.56,13.98
4,20130320T012919.857703_21_aug_4.csv,40.77999999999997,116.67,13.98
5,20130320T012919.857703_21_aug_4.csv,18.279999999999973,106.67,15.92
6,20130320T012919.857703_21_aug_4.csv,18.829999999999984,137.78,17.87
7,20130320T012919.857703_21_aug_4.csv,34.670000000000016,179.44,15.92
