,name,c-x,c-y,radius
0,20130320T004807.807118.Cam6_64_aug_7.csv,11.94,40.65,19.03
1,20130320T004807.807118.Cam6_64_aug_7.csv,73.87,124.52,15.48
2,20130320T004807.807118.Cam6_64_aug_7.csv,292.26,121.29,14.19
3,20130320T004807.807118.Cam6_64_aug_7.csv,67.42,117.1,14.19
4,20130320T004807.807118.Cam6_64_aug_7.csv,244.84,56.45,13.55
