,name,c-x,c-y,radius
0,20130320T004430.659734.Cam6_42_aug_3.csv,215.66297912597656,109.31472778320312,19.08
1,20130320T004430.659734.Cam6_42_aug_3.csv,255.04298400878906,122.75473022460938,16.89
2,20130320T004430.659734.Cam6_42_aug_3.csv,238.16297912597656,93.37472534179688,17.2
3,20130320T004430.659734.Cam6_42_aug_3.csv,141.6029815673828,162.43472290039062,10.01
