,name,c-x,c-y,radius
0,20130320T004853.331815.Cam6_63_aug_3.csv,135.74,103.55,15.16
1,20130320T004853.331815.Cam6_63_aug_3.csv,81.22999999999999,129.03,15.16
2,20130320T004853.331815.Cam6_63_aug_3.csv,63.81,115.81,15.16
3,20130320T004853.331815.Cam6_63_aug_3.csv,37.02999999999997,133.23,15.16
4,20130320T004853.331815.Cam6_63_aug_3.csv,265.1,182.26,16.45
5,20130320T004853.331815.Cam6_63_aug_3.csv,247.68,129.03,14.51
