,name,c-x,c-y,radius
0,20130320T005655.817889.Cam6_12_aug_0.csv,167.26104736328125,125.94979095458984,21.48
1,20130320T005655.817889.Cam6_12_aug_0.csv,197.26104736328125,109.5597915649414,19.53
2,20130320T005655.817889.Cam6_12_aug_0.csv,155.0310516357422,105.10979461669922,19.53
3,20130320T005655.817889.Cam6_12_aug_0.csv,175.31105041503906,62.60979461669922,21.48
4,20130320T005655.817889.Cam6_12_aug_0.csv,158.3710479736328,56.21979522705078,20.09
5,20130320T005655.817889.Cam6_12_aug_0.csv,193.6510467529297,28.999792098999023,19.25
