,name,c-x,c-y,radius
0,20130320T004618.280974.Cam6_61_aug_3.csv,95.48231506347656,77.76428985595703,10.64
1,20130320T004618.280974.Cam6_61_aug_3.csv,99.96232604980469,93.28429412841797,10.64
2,20130320T004618.280974.Cam6_61_aug_3.csv,77.55232238769531,90.5242919921875,10.64
3,20130320T004618.280974.Cam6_61_aug_3.csv,76.17231750488281,114.66429138183594,10.64
