,name,c-x,c-y,radius
0,20130320T005416.767103.Cam6_61_aug_4.csv,221.23000000000002,99.68,14.84
1,20130320T005416.767103.Cam6_61_aug_4.csv,177.03,9.35,18.06
2,20130320T005416.767103.Cam6_61_aug_4.csv,66.71000000000001,130.0,15.48
