,name,c-x,c-y,radius
0,20130320T005453.529724.Cam6_64_aug_6.csv,93.94371795654297,47.02022933959961,21.75
