,name,c-x,c-y,radius
0,20130320T012947.096377_41_aug_1.csv,130.94578552246094,80.83186340332031,23.14
1,20130320T012947.096377_41_aug_1.csv,140.67578125,49.161861419677734,23.14
2,20130320T012947.096377_41_aug_1.csv,174.83578491210938,56.94186019897461,22.31
3,20130320T012947.096377_41_aug_1.csv,170.67578125,80.83186340332031,22.31
4,20130320T012947.096377_41_aug_1.csv,224.0057830810547,47.221858978271484,22.87
