,name,c-x,c-y,radius
0,20130320T012854.142929_43_aug_3.csv,120.22688293457031,79.07987213134766,15.09
1,20130320T012854.142929_43_aug_3.csv,203.55689239501953,86.29987335205078,17.31
2,20130320T012854.142929_43_aug_3.csv,194.6668930053711,63.2398796081543,13.7
3,20130320T012854.142929_43_aug_3.csv,234.38689422607422,61.29987716674805,14.81
4,20130320T012854.142929_43_aug_3.csv,244.38689041137695,68.5198745727539,14.81
5,20130320T012854.142929_43_aug_3.csv,277.7268886566162,137.68988037109375,17.31
