,name,c-x,c-y,radius
0,20130320T005548.959378.Cam6_62_aug_2.csv,198.7006378173828,126.3945541381836,16.48
