,name,c-x,c-y,radius
0,20130320T012835.475922_43_aug_5.csv,295.06689453125,138.89053344726562,13.42
1,20130320T012835.475922_43_aug_5.csv,211.17689514160156,96.67053985595703,14.81
