,name,c-x,c-y,radius
0,20130320T005243.241297.Cam6_22_aug_5.csv,245.42000000000002,38.39,20.32
1,20130320T005243.241297.Cam6_22_aug_5.csv,208.32,31.61,18.38
2,20130320T005243.241297.Cam6_22_aug_5.csv,234.76999999999998,74.52,17.09
3,20130320T005243.241297.Cam6_22_aug_5.csv,134.45,121.94,18.06
4,20130320T005243.241297.Cam6_22_aug_5.csv,98.32,140.97,18.06
5,20130320T005243.241297.Cam6_22_aug_5.csv,72.19,164.84,20.0
6,20130320T005243.241297.Cam6_22_aug_5.csv,77.35,183.55,18.38
7,20130320T005243.241297.Cam6_22_aug_5.csv,38.31999999999999,54.19,19.67
8,20130320T005243.241297.Cam6_22_aug_5.csv,1.5500000000000114,25.81,19.67
