,name,c-x,c-y,radius
0,20130320T013607.104137_43_aug_2.csv,161.88575744628906,104.60093688964844,18.98
1,20130320T013607.104137_43_aug_2.csv,218.2757568359375,65.99093627929688,18.98
2,20130320T013607.104137_43_aug_2.csv,100.49575805664062,32.93093490600586,21.48
