,name,c-x,c-y,radius
0,20130320T005615.817189.Cam6_32_aug_0.csv,267.57247161865234,82.49861907958984,21.2
1,20130320T005615.817189.Cam6_32_aug_0.csv,182.29247283935547,68.88861846923828,23.42
2,20130320T005615.817189.Cam6_32_aug_0.csv,145.3424835205078,86.1086196899414,20.37
