,name,c-x,c-y,radius
0,20130320T005051.048506.Cam6_31_aug_5.csv,164.13,144.84,21.93
1,20130320T005051.048506.Cam6_31_aug_5.csv,192.19,149.03,21.93
2,20130320T005051.048506.Cam6_31_aug_5.csv,154.45,172.26,21.93
3,20130320T005051.048506.Cam6_31_aug_5.csv,67.03,185.16,21.93
4,20130320T005051.048506.Cam6_31_aug_5.csv,31.870000000000005,183.55,21.93
5,20130320T005051.048506.Cam6_31_aug_5.csv,107.03,194.52,21.93
6,20130320T005051.048506.Cam6_31_aug_5.csv,90.25999999999999,20.0,21.93
7,20130320T005051.048506.Cam6_31_aug_5.csv,65.1,0.0,20.96
