,name,c-x,c-y,radius
0,20130320T005735.818843.Cam6_53_aug_7.csv,173.06,26.11,21.48
1,20130320T005735.818843.Cam6_53_aug_7.csv,209.44,18.06,20.37
