,name,c-x,c-y,radius
0,20130320T005911.058786.Cam6_52_aug_7.csv,46.39,88.06,26.75
1,20130320T005911.058786.Cam6_52_aug_7.csv,104.44,78.61,28.98
2,20130320T005911.058786.Cam6_52_aug_7.csv,195.0,0.0,27.87
3,20130320T005911.058786.Cam6_52_aug_7.csv,264.72,7.22,27.03
