,name,c-x,c-y,radius
0,20130320T005453.529724.Cam6_64_aug_3.csv,51.374855041503906,54.35135269165039,21.75
