,name,c-x,c-y,radius
0,20130320T005827.438900.Cam6_53_aug_7.csv,51.11,106.67,27.03
1,20130320T005827.438900.Cam6_53_aug_7.csv,16.11,73.33,26.48
2,20130320T005827.438900.Cam6_53_aug_7.csv,68.89,71.94,21.75
3,20130320T005827.438900.Cam6_53_aug_7.csv,89.72,54.72,21.75
4,20130320T005827.438900.Cam6_53_aug_7.csv,22.5,59.72,21.75
