,name,c-x,c-y,radius
0,20130320T013109.193320_51_aug_3.csv,117.05147552490234,162.23570251464844,13.7
1,20130320T013109.193320_51_aug_3.csv,61.491477966308594,130.28570556640625,14.53
2,20130320T013109.193320_51_aug_3.csv,70.6614761352539,101.11570739746094,15.64
