,name,c-x,c-y,radius
0,20130320T005417.719497.Cam6_53_aug_4.csv,137.75338745117188,25.095884323120117,21.61
