,name,c-x,c-y,radius
0,20130320T004709.710657.Cam6_22_aug_3.csv,130.41,6.21,22.37
1,20130320T004709.710657.Cam6_22_aug_3.csv,83.16999999999999,0.34,19.96
2,20130320T004709.710657.Cam6_22_aug_3.csv,91.1,49.66,25.47
3,20130320T004709.710657.Cam6_22_aug_3.csv,197.31,64.48,23.06
4,20130320T004709.710657.Cam6_22_aug_3.csv,142.48,124.48,23.75
5,20130320T004709.710657.Cam6_22_aug_3.csv,109.03,98.62,22.71
6,20130320T004709.710657.Cam6_22_aug_3.csv,120.41,143.1,22.71
7,20130320T004709.710657.Cam6_22_aug_3.csv,202.48000000000002,133.45,23.75
8,20130320T004709.710657.Cam6_22_aug_3.csv,222.48000000000002,148.28,23.75
