,name,c-x,c-y,radius
0,20130320T004618.661981.Cam6_62_aug_6.csv,215.1280517578125,106.38888549804688,10.64
1,20130320T004618.661981.Cam6_62_aug_6.csv,227.19805908203125,121.55888366699219,10.64
2,20130320T004618.661981.Cam6_62_aug_6.csv,193.748046875,121.21888732910156,10.64
3,20130320T004618.661981.Cam6_62_aug_6.csv,203.748046875,118.4588851928711,10.64
4,20130320T004618.661981.Cam6_62_aug_6.csv,201.6780548095703,149.1488800048828,10.64
5,20130320T004618.661981.Cam6_62_aug_6.csv,196.508056640625,146.7388916015625,10.64
