,name,c-x,c-y,radius
0,20130320T005834.296166.Cam6_62_aug_3.csv,134.0740203857422,104.41271209716797,30.92
