,name,c-x,c-y,radius
0,20130320T004404.563948.Cam6_51_aug_4.csv,298.94,68.44,22.83
1,20130320T004404.563948.Cam6_51_aug_4.csv,302.38,50.62,22.83
2,20130320T004404.563948.Cam6_51_aug_4.csv,277.06,80.94,18.76
3,20130320T004404.563948.Cam6_51_aug_4.csv,258.94,68.75,15.01
4,20130320T004404.563948.Cam6_51_aug_4.csv,153.0,67.81,15.01
5,20130320T004404.563948.Cam6_51_aug_4.csv,110.19,100.62,15.01
6,20130320T004404.563948.Cam6_51_aug_4.csv,21.129999999999995,124.69,17.2
