,name,c-x,c-y,radius
0,20130320T004528.565680.Cam6_54_aug_3.csv,267.62786865234375,121.78829193115234,8.8
1,20130320T004528.565680.Cam6_54_aug_3.csv,276.5478820800781,107.998291015625,8.8
2,20130320T004528.565680.Cam6_54_aug_3.csv,286.81787109375,87.45829010009766,8.8
3,20130320T004528.565680.Cam6_54_aug_3.csv,262.4878845214844,165.83828735351562,10.69
