,name,c-x,c-y,radius
0,20130320T005810.676682.Cam6_54_aug_0.csv,90.2950439453125,38.86389923095703,19.81
1,20130320T005810.676682.Cam6_54_aug_0.csv,16.96502685546875,161.36390686035156,16.75
2,20130320T005810.676682.Cam6_54_aug_0.csv,118.9150390625,154.97390747070312,15.37
3,20130320T005810.676682.Cam6_54_aug_0.csv,50.575042724609375,38.30390167236328,15.37
