,name,c-x,c-y,radius
0,20130320T004440.374187.Cam6_62_aug_1.csv,192.6051483154297,146.57476806640625,20.33
