,name,c-x,c-y,radius
0,20130320T004931.046852.Cam6_32_aug_4.csv,49.11174774169922,141.05123901367188,22.58
