,name,c-x,c-y,radius
0,20130320T004402.659157.Cam6_43_aug_6.csv,103.96000671386719,89.32258605957031,25.33
1,20130320T004402.659157.Cam6_43_aug_6.csv,24.280012130737305,117.76258087158203,20.01
