,name,c-x,c-y,radius
0,20130320T013322.910417_14_aug_1.csv,211.98907470703125,165.5201873779297,15.64
1,20130320T013322.910417_14_aug_1.csv,241.70907592773438,154.96018981933594,15.64
2,20130320T013322.910417_14_aug_1.csv,269.7690734863281,143.0201873779297,17.03
