,name,c-x,c-y,radius
0,20130320T013223.861478_33_aug_2.csv,215.78401947021484,169.77247619628906,17.03
1,20130320T013223.861478_33_aug_2.csv,173.0040283203125,135.60247802734375,19.25
