,name,c-x,c-y,radius
0,20130320T005441.910362.Cam6_34_aug_2.csv,135.4820556640625,153.7562713623047,20.37
1,20130320T005441.910362.Cam6_34_aug_2.csv,223.8120574951172,67.09626770019531,17.31
