,name,c-x,c-y,radius
0,20130320T004531.613372.Cam6_24_aug_1.csv,91.96497344970703,126.2784194946289,19.61
1,20130320T004531.613372.Cam6_24_aug_1.csv,98.7249755859375,95.46842193603516,18.53
2,20130320T004531.613372.Cam6_24_aug_1.csv,101.15497589111328,80.05841827392578,18.53
3,20130320T004531.613372.Cam6_24_aug_1.csv,65.7449722290039,65.19841766357422,20.15
4,20130320T004531.613372.Cam6_24_aug_1.csv,40.344974517822266,86.00841522216797,18.8
5,20130320T004531.613372.Cam6_24_aug_1.csv,56.83497619628906,110.59841918945312,18.8
