,name,c-x,c-y,radius
0,20130320T005639.055666.Cam6_34_aug_4.csv,59.94,125.28,13.14
1,20130320T005639.055666.Cam6_34_aug_4.csv,44.389999999999986,125.28,16.75
2,20130320T005639.055666.Cam6_34_aug_4.csv,35.77999999999997,111.39,16.75
3,20130320T005639.055666.Cam6_34_aug_4.csv,45.77999999999997,90.0,17.87
4,20130320T005639.055666.Cam6_34_aug_4.csv,20.5,124.17,16.48
5,20130320T005639.055666.Cam6_34_aug_4.csv,4.670000000000016,97.5,15.64
