,name,c-x,c-y,radius
0,20130320T004438.278894.Cam6_42_aug_1.csv,194.0906524658203,60.45779037475586,10.64
1,20130320T004438.278894.Cam6_42_aug_1.csv,215.02064514160156,62.32778549194336,10.64
2,20130320T004438.278894.Cam6_42_aug_1.csv,235.65065002441406,104.20779418945312,10.64
3,20130320T004438.278894.Cam6_42_aug_1.csv,193.4606475830078,100.1377944946289,10.01
