,name,c-x,c-y,radius
0,20130320T013146.336961_31_aug_2.csv,280.78,188.89,13.98
1,20130320T013146.336961_31_aug_2.csv,253.28,182.5,16.48
2,20130320T013146.336961_31_aug_2.csv,240.78,172.78,17.31
3,20130320T013146.336961_31_aug_2.csv,218.28,138.89,17.03
4,20130320T013146.336961_31_aug_2.csv,176.06,123.89,15.09
5,20130320T013146.336961_31_aug_2.csv,96.88999999999999,170.83,18.14
6,20130320T013146.336961_31_aug_2.csv,145.78,11.67,15.64
7,20130320T013146.336961_31_aug_2.csv,19.939999999999998,175.0,15.64
8,20130320T013146.336961_31_aug_2.csv,249.39,148.61,18.14
