,name,c-x,c-y,radius
0,20130320T005233.336339.Cam6_71_aug_6.csv,267.77728271484375,105.66717529296875,13.87
1,20130320T005233.336339.Cam6_71_aug_6.csv,220.35726928710938,42.76717758178711,11.61
2,20130320T005233.336339.Cam6_71_aug_6.csv,169.707275390625,61.4671745300293,11.61
3,20130320T005233.336339.Cam6_71_aug_6.csv,155.19728088378906,70.50717163085938,11.61
4,20130320T005233.336339.Cam6_71_aug_6.csv,115.8372802734375,105.66717529296875,12.9
5,20130320T005233.336339.Cam6_71_aug_6.csv,148.09727478027344,91.79717254638672,10.64
