,name,c-x,c-y,radius
0,20130320T005922.868531.Cam6_12_aug_0.csv,145.22,1.67,18.42
1,20130320T005922.868531.Cam6_12_aug_0.csv,67.72,149.44,19.53
2,20130320T005922.868531.Cam6_12_aug_0.csv,16.329999999999984,117.22,19.53
3,20130320T005922.868531.Cam6_12_aug_0.csv,74.38999999999999,182.5,17.87
