,name,c-x,c-y,radius
0,20130320T004731.806377.Cam6_12_aug_4.csv,141.4152374267578,138.63003540039062,16.8
1,20130320T004731.806377.Cam6_12_aug_4.csv,173.72525024414062,149.40003967285156,16.8
2,20130320T004731.806377.Cam6_12_aug_4.csv,148.72525024414062,110.55003356933594,16.8
3,20130320T004731.806377.Cam6_12_aug_4.csv,186.80523681640625,115.94003295898438,16.8
4,20130320T004731.806377.Cam6_12_aug_4.csv,177.18524169921875,74.0100326538086,13.73
