,name,c-x,c-y,radius
0,20130320T013308.624380_31_aug_0.csv,44.110000000000014,184.17,16.75
1,20130320T013308.624380_31_aug_0.csv,28.0,178.89,15.64
2,20130320T013308.624380_31_aug_0.csv,9.110000000000014,82.78,15.09
3,20130320T013308.624380_31_aug_0.csv,148.0,55.0,15.09
4,20130320T013308.624380_31_aug_0.csv,126.88999999999999,23.33,17.59
5,20130320T013308.624380_31_aug_0.csv,136.33,1.94,17.59
6,20130320T013308.624380_31_aug_0.csv,151.06,0.28,17.59
