,name,c-x,c-y,radius
0,20130320T013505.769640_52_aug_1.csv,189.15623474121094,116.59227752685547,15.92
1,20130320T013505.769640_52_aug_1.csv,187.49623107910156,106.04227447509766,15.92
