,name,c-x,c-y,radius
0,20130320T005818.486343.Cam6_53_aug_4.csv,139.52230834960938,145.380126953125,28.42
1,20130320T005818.486343.Cam6_53_aug_4.csv,98.41230773925781,120.65013885498047,24.53
2,20130320T005818.486343.Cam6_53_aug_4.csv,111.19230651855469,173.7101287841797,24.53
