,name,c-x,c-y,radius
0,20130320T005015.428761.Cam6_31_aug_4.csv,30.32,70.0,17.09
1,20130320T005015.428761.Cam6_31_aug_4.csv,3.55,70.32,14.51
2,20130320T005015.428761.Cam6_31_aug_4.csv,161.29,62.58,13.22
3,20130320T005015.428761.Cam6_31_aug_4.csv,138.71,72.26,14.19
4,20130320T005015.428761.Cam6_31_aug_4.csv,50.97,5.48,14.19
5,20130320T005015.428761.Cam6_31_aug_4.csv,227.42,160.32,18.71
6,20130320T005015.428761.Cam6_31_aug_4.csv,243.55,146.77,19.67
7,20130320T005015.428761.Cam6_31_aug_4.csv,266.45,165.81,18.38
