,name,c-x,c-y,radius
0,20130320T013147.670365_11_aug_3.csv,250.5,174.44,15.09
1,20130320T013147.670365_11_aug_3.csv,180.78,118.33,18.14
2,20130320T013147.670365_11_aug_3.csv,173.83,84.44,18.14
3,20130320T013147.670365_11_aug_3.csv,49.110000000000014,153.06,16.75
4,20130320T013147.670365_11_aug_3.csv,227.72,25.0,15.92
