,name,c-x,c-y,radius
0,20130320T004757.902037.Cam6_42_aug_4.csv,135.8227996826172,113.72904205322266,20.65
1,20130320T004757.902037.Cam6_42_aug_4.csv,108.90280151367188,112.19904327392578,18.73
2,20130320T004757.902037.Cam6_42_aug_4.csv,69.28279113769531,59.49903869628906,19.11
3,20130320T004757.902037.Cam6_42_aug_4.csv,30.822784423828125,54.119041442871094,18.34
4,20130320T004757.902037.Cam6_42_aug_4.csv,191.20279693603516,68.34903717041016,18.34
