,name,c-x,c-y,radius
0,20130320T004710.853432.Cam6_73_aug_3.csv,65.139892578125,43.00045394897461,16.16
1,20130320T004710.853432.Cam6_73_aug_3.csv,39.96989822387695,30.5904541015625,13.06
2,20130320T004710.853432.Cam6_73_aug_3.csv,72.02989196777344,16.450450897216797,13.06
