,name,c-x,c-y,radius
0,20130320T004807.235605.Cam6_22_aug_6.csv,30.65,37.42,18.38
1,20130320T004807.235605.Cam6_22_aug_6.csv,283.55,151.29,19.03
2,20130320T004807.235605.Cam6_22_aug_6.csv,284.52,198.06,19.03
