,name,c-x,c-y,radius
0,20130320T004902.474882.Cam6_42_aug_5.csv,268.32,150.0,24.51
1,20130320T004902.474882.Cam6_42_aug_5.csv,297.03,58.39,25.16
2,20130320T004902.474882.Cam6_42_aug_5.csv,107.03,152.26,25.16
3,20130320T004902.474882.Cam6_42_aug_5.csv,87.35,147.1,28.71
4,20130320T004902.474882.Cam6_42_aug_5.csv,19.610000000000014,154.52,39.67
