,name,c-x,c-y,radius
0,20130320T005322.099219.Cam6_23_aug_1.csv,211.05034637451172,136.22755432128906,18.71
1,20130320T005322.099219.Cam6_23_aug_1.csv,221.37034606933594,175.90756225585938,21.29
