,name,c-x,c-y,radius
0,20130320T013021.573348_12_aug_5.csv,230.22,172.22,15.92
1,20130320T013021.573348_12_aug_5.csv,228.82999999999998,143.06,17.87
2,20130320T013021.573348_12_aug_5.csv,196.32999999999998,137.78,17.87
3,20130320T013021.573348_12_aug_5.csv,222.44,110.83,18.98
4,20130320T013021.573348_12_aug_5.csv,117.44,50.56,16.75
5,20130320T013021.573348_12_aug_5.csv,121.06,76.67,16.75
6,20130320T013021.573348_12_aug_5.csv,84.38999999999999,73.61,16.75
7,20130320T013021.573348_12_aug_5.csv,91.61000000000001,35.83,16.75
