,name,c-x,c-y,radius
0,20130320T005612.578997.Cam6_61_aug_5.csv,38.724853515625,143.08827209472656,21.48
1,20130320T005612.578997.Cam6_61_aug_5.csv,21.224853515625,133.3582763671875,20.37
2,20130320T005612.578997.Cam6_61_aug_5.csv,31.504852294921875,59.478275299072266,17.87
3,20130320T005612.578997.Cam6_61_aug_5.csv,59.00486755371094,54.47827911376953,17.87
4,20130320T005612.578997.Cam6_61_aug_5.csv,100.67486572265625,58.08827590942383,17.03
