,name,c-x,c-y,radius
0,20130320T004405.325839.Cam6_34_aug_5.csv,272.1284484863281,85.80924987792969,20.64
