,name,c-x,c-y,radius
0,20130320T005913.535087.Cam6_62_aug_0.csv,255.36087036132812,102.79310607910156,18.98
1,20130320T005913.535087.Cam6_62_aug_0.csv,226.75086975097656,103.63310241699219,19.81
2,20130320T005913.535087.Cam6_62_aug_0.csv,221.1908721923828,56.40310287475586,20.37
3,20130320T005913.535087.Cam6_62_aug_0.csv,132.58087158203125,83.35310363769531,21.75
