,name,c-x,c-y,radius
0,20130320T004358.849450.Cam6_43_aug_3.csv,274.89394760131836,50.73494338989258,26.89
