,name,c-x,c-y,radius
0,20130320T004440.374187.Cam6_62_aug_2.csv,204.54754638671875,173.5845489501953,20.33
