,name,c-x,c-y,radius
0,20130320T005501.339388.Cam6_41_aug_6.csv,158.61,126.67,22.03
1,20130320T005501.339388.Cam6_41_aug_6.csv,147.5,103.89,25.09
2,20130320T005501.339388.Cam6_41_aug_6.csv,193.06,108.61,25.09
3,20130320T005501.339388.Cam6_41_aug_6.csv,282.78,146.67,20.37
4,20130320T005501.339388.Cam6_41_aug_6.csv,289.44,114.72,20.37
