,name,c-x,c-y,radius
0,20130320T004530.851480.Cam6_51_aug_6.csv,108.83468627929688,51.37257766723633,18.8
1,20130320T004530.851480.Cam6_51_aug_6.csv,134.5046844482422,68.40258026123047,18.8
2,20130320T004530.851480.Cam6_51_aug_6.csv,177.74468994140625,123.26258087158203,18.8
3,20130320T004530.851480.Cam6_51_aug_6.csv,224.23468017578125,169.2125701904297,16.91
4,20130320T004530.851480.Cam6_51_aug_6.csv,199.64468383789062,114.34258270263672,17.18
