,name,c-x,c-y,radius
0,20130320T005655.817889.Cam6_12_aug_6.csv,135.9273223876953,145.50828552246094,21.48
1,20130320T005655.817889.Cam6_12_aug_6.csv,105.92732238769531,129.1182861328125,19.53
2,20130320T005655.817889.Cam6_12_aug_6.csv,148.15731811523438,124.66829681396484,19.53
3,20130320T005655.817889.Cam6_12_aug_6.csv,127.8773193359375,82.16829681396484,21.48
4,20130320T005655.817889.Cam6_12_aug_6.csv,144.81732177734375,75.7782974243164,20.09
5,20130320T005655.817889.Cam6_12_aug_6.csv,109.53732299804688,48.558292388916016,19.25
