,name,c-x,c-y,radius
0,20130320T005914.677985.Cam6_42_aug_7.csv,106.11,182.5,31.48
1,20130320T005914.677985.Cam6_42_aug_7.csv,128.61,181.39,26.75
2,20130320T005914.677985.Cam6_42_aug_7.csv,278.06,145.28,29.53
3,20130320T005914.677985.Cam6_42_aug_7.csv,296.94,174.72,27.31
4,20130320T005914.677985.Cam6_42_aug_7.csv,36.11,64.44,28.42
