,name,c-x,c-y,radius
0,20130320T005420.576678.Cam6_43_aug_0.csv,222.56227111816406,163.3555145263672,19.35
1,20130320T005420.576678.Cam6_43_aug_0.csv,222.8822784423828,123.35552215576172,17.42
2,20130320T005420.576678.Cam6_43_aug_0.csv,129.34226989746094,120.77552032470703,20.64
