,name,c-x,c-y,radius
0,20130320T004555.804388.Cam6_33_aug_5.csv,241.7879180908203,148.12966918945312,13.73
