,name,c-x,c-y,radius
0,20130320T004401.325755.Cam6_61_aug_6.csv,251.00958633422852,56.19047927856445,14.08
1,20130320T004401.325755.Cam6_61_aug_6.csv,255.69958114624023,66.82048034667969,14.08
2,20130320T004401.325755.Cam6_61_aug_6.csv,250.37958145141602,81.19048309326172,14.08
3,20130320T004401.325755.Cam6_61_aug_6.csv,204.75959014892578,92.44048309326172,14.08
4,20130320T004401.325755.Cam6_61_aug_6.csv,147.87957763671875,138.6904754638672,14.08
5,20130320T004401.325755.Cam6_61_aug_6.csv,180.37958526611328,158.38047790527344,14.08
6,20130320T004401.325755.Cam6_61_aug_6.csv,191.94959259033203,142.4404754638672,11.26
