,name,c-x,c-y,radius
0,20130320T010001.916956.Cam6_44_aug_5.csv,178.73085021972656,118.33450317382812,18.42
1,20130320T010001.916956.Cam6_44_aug_5.csv,154.5708465576172,141.114501953125,22.87
2,20130320T010001.916956.Cam6_44_aug_5.csv,118.73085021972656,123.614501953125,21.75
3,20130320T010001.916956.Cam6_44_aug_5.csv,80.68084716796875,110.83450317382812,19.53
