,name,c-x,c-y,radius
0,20130320T005548.197486.Cam6_34_aug_6.csv,188.9161376953125,168.65664672851562,25.92
1,20130320T005548.197486.Cam6_34_aug_6.csv,202.80613708496094,101.98665618896484,21.48
2,20130320T005548.197486.Cam6_34_aug_6.csv,199.47613525390625,73.93665313720703,19.81
3,20130320T005548.197486.Cam6_34_aug_6.csv,232.2461395263672,98.37665557861328,18.7
