,name,c-x,c-y,radius
0,20130320T004425.516756.Cam6_43_aug_2.csv,125.74421691894531,151.49098205566406,11.89
1,20130320T004425.516756.Cam6_43_aug_2.csv,144.80421447753906,153.0609893798828,11.26
