,name,c-x,c-y,radius
0,20130320T005737.533128.Cam6_22_aug_0.csv,145.6168670654297,96.13536071777344,24.53
1,20130320T005737.533128.Cam6_22_aug_0.csv,111.44686889648438,113.63536071777344,23.14
