,name,c-x,c-y,radius
0,20130320T013610.532832_42_aug_6.csv,89.72898864746094,140.4912109375,19.81
1,20130320T013610.532832_42_aug_6.csv,138.3389892578125,146.33120727539062,19.81
2,20130320T013610.532832_42_aug_6.csv,184.72898864746094,114.38121795654297,19.25
3,20130320T013610.532832_42_aug_6.csv,264.72898864746094,63.55121612548828,25.37
