,name,c-x,c-y,radius
0,20130320T005737.914012.Cam6_52_aug_2.csv,125.98544311523438,124.04853820800781,23.98
1,20130320T005737.914012.Cam6_52_aug_2.csv,95.98544311523438,155.43853759765625,30.09
