,name,c-x,c-y,radius
0,20130320T012821.570898_41_aug_7.csv,21.11,125.0,18.42
1,20130320T012821.570898_41_aug_7.csv,16.39,172.5,17.59
2,20130320T012821.570898_41_aug_7.csv,90.28,65.28,20.64
3,20130320T012821.570898_41_aug_7.csv,185.28,158.89,18.98
