,name,c-x,c-y,radius
0,20130320T004618.280974.Cam6_61_aug_4.csv,214.10519409179688,105.21470642089844,10.64
1,20130320T004618.280974.Cam6_61_aug_4.csv,209.62518310546875,120.73471069335938,10.64
2,20130320T004618.280974.Cam6_61_aug_4.csv,232.03518676757812,117.9747085571289,10.64
3,20130320T004618.280974.Cam6_61_aug_4.csv,233.41519165039062,142.11471557617188,10.64
