,name,c-x,c-y,radius
0,20130320T004715.425029.Cam6_73_aug_1.csv,190.51386260986328,74.14639282226562,12.57
1,20130320T004715.425029.Cam6_73_aug_1.csv,137.05386352539062,56.07640075683594,11.8
