,name,c-x,c-y,radius
0,20130320T005027.238508.Cam6_53_aug_0.csv,56.31050109863281,110.27029418945312,23.55
1,20130320T005027.238508.Cam6_53_aug_0.csv,244.05049896240234,143.17030334472656,21.29
