,name,c-x,c-y,radius
0,20130320T004404.373443.Cam6_32_aug_3.csv,64.56407165527344,80.1043701171875,24.39
