,name,c-x,c-y,radius
0,20130320T005810.676682.Cam6_54_aug_2.csv,101.05061340332031,46.3378791809082,19.81
1,20130320T005810.676682.Cam6_54_aug_2.csv,27.720611572265625,168.83787536621094,16.75
2,20130320T005810.676682.Cam6_54_aug_2.csv,129.6706085205078,162.4478759765625,15.37
3,20130320T005810.676682.Cam6_54_aug_2.csv,61.33061218261719,45.77788162231445,15.37
