,name,c-x,c-y,radius
0,20130320T005544.959297.Cam6_62_aug_1.csv,253.64952087402344,156.9350128173828,18.7
1,20130320T005544.959297.Cam6_62_aug_1.csv,221.14952087402344,140.82501220703125,17.87
2,20130320T005544.959297.Cam6_62_aug_1.csv,205.31951904296875,116.09502410888672,15.92
3,20130320T005544.959297.Cam6_62_aug_1.csv,153.0895233154297,111.93502044677734,18.7
4,20130320T005544.959297.Cam6_62_aug_1.csv,136.69952392578125,52.485023498535156,24.53
5,20130320T005544.959297.Cam6_62_aug_1.csv,127.25951385498047,129.98501586914062,14.81
