,name,c-x,c-y,radius
0,20130320T005612.578997.Cam6_61_aug_7.csv,252.78,149.17,21.48
1,20130320T005612.578997.Cam6_61_aug_7.csv,270.28,139.44,20.37
2,20130320T005612.578997.Cam6_61_aug_7.csv,260.0,65.56,17.87
3,20130320T005612.578997.Cam6_61_aug_7.csv,232.5,60.56,17.87
4,20130320T005612.578997.Cam6_61_aug_7.csv,190.83,64.17,17.03
