,name,c-x,c-y,radius
0,20130320T004628.947822.Cam6_64_aug_2.csv,218.68344116210938,78.045166015625,14.44
