,name,c-x,c-y,radius
0,20130320T005036.000567.Cam6_64_aug_1.csv,222.2069549560547,103.86027526855469,12.58
1,20130320T005036.000567.Cam6_64_aug_1.csv,215.4369659423828,116.12027740478516,12.58
2,20130320T005036.000567.Cam6_64_aug_1.csv,196.07696533203125,107.4102783203125,12.58
3,20130320T005036.000567.Cam6_64_aug_1.csv,181.886962890625,88.05027770996094,12.58
