,name,c-x,c-y,radius
0,20130320T005913.535087.Cam6_62_aug_6.csv,41.925506591796875,135.58729553222656,18.98
1,20130320T005913.535087.Cam6_62_aug_6.csv,70.53550720214844,136.4272918701172,19.81
2,20130320T005913.535087.Cam6_62_aug_6.csv,76.09550476074219,89.19729614257812,20.37
3,20130320T005913.535087.Cam6_62_aug_6.csv,164.70550537109375,116.14729309082031,21.75
