,name,c-x,c-y,radius
0,20130320T004903.236773.Cam6_61_aug_5.csv,104.77000000000001,50.0,18.06
1,20130320T004903.236773.Cam6_61_aug_5.csv,82.19,34.52,18.06
2,20130320T004903.236773.Cam6_61_aug_5.csv,71.22999999999999,20.32,18.06
3,20130320T004903.236773.Cam6_61_aug_5.csv,178.65,33.55,18.06
