,name,c-x,c-y,radius
0,20130320T012901.381203_22_aug_0.csv,144.44,180.56,17.03
1,20130320T012901.381203_22_aug_0.csv,106.11,159.44,15.92
2,20130320T012901.381203_22_aug_0.csv,136.39,126.11,15.92
3,20130320T012901.381203_22_aug_0.csv,159.72,130.56,15.92
4,20130320T012901.381203_22_aug_0.csv,157.78,105.0,17.03
5,20130320T012901.381203_22_aug_0.csv,130.56,100.28,17.03
6,20130320T012901.381203_22_aug_0.csv,145.0,76.67,17.03
7,20130320T012901.381203_22_aug_0.csv,153.61,9.72,15.37
8,20130320T012901.381203_22_aug_0.csv,129.44,0.83,15.37
