,name,c-x,c-y,radius
0,20130320T004425.516756.Cam6_43_aug_3.csv,118.15005493164062,134.5755615234375,11.89
1,20130320T004425.516756.Cam6_43_aug_3.csv,137.21005249023438,136.14556884765625,11.26
