,name,c-x,c-y,radius
0,20130320T012837.190206_21_aug_4.csv,201.71106719970703,116.08350372314453,14.81
1,20130320T012837.190206_21_aug_4.csv,127.55107116699219,112.47350311279297,17.31
