,name,c-x,c-y,radius
0,20130320T005418.100380.Cam6_51_aug_2.csv,145.56005859375,159.37062072753906,16.13
1,20130320T005418.100380.Cam6_51_aug_2.csv,175.88006591796875,152.91062927246094,18.71
2,20130320T005418.100380.Cam6_51_aug_2.csv,84.91006469726562,147.4306182861328,15.16
