,name,c-x,c-y,radius
0,20130320T005550.102277.Cam6_21_aug_1.csv,291.8588562011719,136.60719299316406,19.81
1,20130320T005550.102277.Cam6_21_aug_1.csv,262.6988830566406,134.10719299316406,16.48
2,20130320T005550.102277.Cam6_21_aug_1.csv,299.63885498046875,121.88719177246094,19.53
