,name,c-x,c-y,radius
0,20130320T010008.774346.Cam6_42_aug_7.csv,46.11,160.28,21.2
1,20130320T010008.774346.Cam6_42_aug_7.csv,234.72,168.89,20.37
2,20130320T010008.774346.Cam6_42_aug_7.csv,16.67,99.17,27.31
