,name,c-x,c-y,radius
0,20130320T005041.905438.Cam6_24_aug_1.csv,279.0960693359375,132.70379638671875,16.13
1,20130320T005041.905438.Cam6_24_aug_1.csv,259.736083984375,95.2837905883789,16.13
