,name,c-x,c-y,radius
0,20130320T012944.239190_11.csv,301.39,79.72,19.53
1,20130320T012944.239190_11.csv,300.56,117.5,18.98
2,20130320T012944.239190_11.csv,215.56,13.89,20.64
