,name,c-x,c-y,radius
0,20130320T012856.619229_62.csv,131.39,91.11,14.25
1,20130320T012856.619229_62.csv,185.56,55.0,14.25
2,20130320T012856.619229_62.csv,53.06,39.44,14.25
3,20130320T012856.619229_62.csv,285.83,190.28,13.98
