,name,c-x,c-y,radius
0,20130320T013333.386760_33.csv,205.28,80.28,22.31
1,20130320T013333.386760_33.csv,223.89,121.39,25.64
2,20130320T013333.386760_33.csv,270.56,45.0,25.64
