,name,c-x,c-y,radius
0,20130320T005815.629159.Cam6_33.csv,120.0,14.44,21.2
1,20130320T005815.629159.Cam6_33.csv,54.72,63.06,26.48
2,20130320T005815.629159.Cam6_33.csv,21.39,76.94,24.53
3,20130320T005815.629159.Cam6_33.csv,55.83,118.06,28.14
