,name,c-x,c-y,radius
0,20130320T004910.284546.Cam6_21.csv,157.42,147.1,18.71
1,20130320T004910.284546.Cam6_21.csv,126.77,121.94,18.71
