,name,c-x,c-y,radius
0,20130320T004849.903118.Cam6_43.csv,16.45,40.0,25.16
1,20130320T004849.903118.Cam6_43.csv,131.29,88.71,27.09
2,20130320T004849.903118.Cam6_43.csv,183.55,64.52,29.35
3,20130320T004849.903118.Cam6_43.csv,178.71,143.23,27.74
4,20130320T004849.903118.Cam6_43.csv,136.13,168.71,26.45
5,20130320T004849.903118.Cam6_43.csv,178.71,158.39,26.45
6,20130320T004849.903118.Cam6_43.csv,75.48,69.35,21.93
