,name,c-x,c-y,radius
0,20130320T005233.907851.Cam6_12.csv,244.52,149.35,19.35
1,20130320T005233.907851.Cam6_12.csv,196.77,150.65,15.8
2,20130320T005233.907851.Cam6_12.csv,212.58,139.35,12.58
3,20130320T005233.907851.Cam6_12.csv,109.03,102.9,18.71
4,20130320T005233.907851.Cam6_12.csv,59.35,125.48,19.35
5,20130320T005233.907851.Cam6_12.csv,70.0,82.58,15.8
6,20130320T005233.907851.Cam6_12.csv,181.94,139.03,12.26
