,name,c-x,c-y,radius
0,20130320T013029.383011_33.csv,49.44,36.11,17.59
1,20130320T013029.383011_33.csv,123.33,48.89,20.92
2,20130320T013029.383011_33.csv,188.33,184.17,15.64
3,20130320T013029.383011_33.csv,266.39,120.83,18.7
4,20130320T013029.383011_33.csv,292.22,135.0,18.7
5,20130320T013029.383011_33.csv,288.89,98.06,18.42
