,name,c-x,c-y,radius
0,20130320T005813.914748.Cam6_54.csv,18.33,156.94,20.37
1,20130320T005813.914748.Cam6_54.csv,203.61,141.11,16.48
2,20130320T005813.914748.Cam6_54.csv,300.0,147.78,16.48
3,20130320T005813.914748.Cam6_54.csv,229.17,28.06,18.7
4,20130320T005813.914748.Cam6_54.csv,266.11,28.33,15.92
