,name,c-x,c-y,radius
0,20130320T005951.250115.Cam6_42.csv,85.56,188.33,20.92
1,20130320T005951.250115.Cam6_42.csv,15.0,115.0,19.81
2,20130320T005951.250115.Cam6_42.csv,18.61,24.44,22.31
3,20130320T005951.250115.Cam6_42.csv,58.61,124.72,18.42
