,name,c-x,c-y,radius
0,20130320T005820.200627.Cam6_51.csv,132.22,119.72,23.42
1,20130320T005820.200627.Cam6_51.csv,10.28,75.28,20.92
2,20130320T005820.200627.Cam6_51.csv,182.22,22.22,24.81
3,20130320T005820.200627.Cam6_51.csv,235.56,30.56,26.2
4,20130320T005820.200627.Cam6_51.csv,299.44,51.39,26.2
