,name,c-x,c-y,radius
0,20130320T005459.434598.Cam6_12.csv,50.83,99.44,17.87
1,20130320T005459.434598.Cam6_12.csv,29.72,63.33,17.31
2,20130320T005459.434598.Cam6_12.csv,9.17,41.94,20.64
3,20130320T005459.434598.Cam6_12.csv,37.78,16.11,20.64
