,name,c-x,c-y,radius
0,20130320T013137.193899_22.csv,41.94,75.56,15.92
1,20130320T013137.193899_22.csv,106.39,93.89,16.75
2,20130320T013137.193899_22.csv,119.17,117.5,15.92
3,20130320T013137.193899_22.csv,122.78,18.06,14.25
4,20130320T013137.193899_22.csv,117.22,0.56,14.25
5,20130320T013137.193899_22.csv,255.83,136.11,17.59
