,name,c-x,c-y,radius
0,20130320T004353.135082.Cam6_53.csv,254.37,85.62,20.95
1,20130320T004353.135082.Cam6_53.csv,222.81,83.44,22.51
2,20130320T004353.135082.Cam6_53.csv,109.37,149.06,20.95
3,20130320T004353.135082.Cam6_53.csv,91.56,119.37,20.95
4,20130320T004353.135082.Cam6_53.csv,41.56,195.31,20.01
