,name,c-x,c-y,radius
0,20130320T004426.469151.Cam6_32.csv,68.75,13.44,20.95
1,20130320T004426.469151.Cam6_32.csv,167.81,125.94,25.33
2,20130320T004426.469151.Cam6_32.csv,213.44,149.37,31.58
