,name,c-x,c-y,radius
0,20130320T012947.096377_41.csv,140.83,88.89,23.14
1,20130320T012947.096377_41.csv,150.56,57.22,23.14
2,20130320T012947.096377_41.csv,184.72,65.0,22.31
3,20130320T012947.096377_41.csv,180.56,88.89,22.31
4,20130320T012947.096377_41.csv,233.89,55.28,22.87
