,name,c-x,c-y,radius
0,20130320T005953.916792.Cam6_12.csv,216.94,127.78,23.7
1,20130320T005953.916792.Cam6_12.csv,249.44,125.83,19.81
2,20130320T005953.916792.Cam6_12.csv,221.11,85.56,21.2
3,20130320T005953.916792.Cam6_12.csv,202.22,85.56,19.53
4,20130320T005953.916792.Cam6_12.csv,200.56,45.83,21.75
5,20130320T005953.916792.Cam6_12.csv,245.0,37.78,23.98
6,20130320T005953.916792.Cam6_12.csv,225.28,5.0,20.92
