,name,c-x,c-y,radius
0,20130320T004921.522905.Cam6_42.csv,45.16,122.9,18.06
1,20130320T004921.522905.Cam6_42.csv,23.55,124.84,18.06
2,20130320T004921.522905.Cam6_42.csv,16.77,102.58,18.06
3,20130320T004921.522905.Cam6_42.csv,20.97,32.9,17.09
4,20130320T004921.522905.Cam6_42.csv,18.71,26.45,17.09
5,20130320T004921.522905.Cam6_42.csv,48.39,14.84,19.03
