,name,c-x,c-y,radius
0,20130320T013321.386510_31.csv,65.83,7.22,16.75
1,20130320T013321.386510_31.csv,92.5,196.11,12.31
2,20130320T013321.386510_31.csv,154.72,129.72,17.59
3,20130320T013321.386510_31.csv,197.78,136.94,17.59
4,20130320T013321.386510_31.csv,221.67,128.06,17.59
5,20130320T013321.386510_31.csv,231.94,134.44,17.59
6,20130320T013321.386510_31.csv,279.72,124.44,17.59
