,name,c-x,c-y,radius
0,20130320T005758.295430.Cam6_13.csv,65.28,187.5,18.98
1,20130320T005758.295430.Cam6_13.csv,147.5,177.22,18.98
2,20130320T005758.295430.Cam6_13.csv,197.5,115.28,20.64
3,20130320T005758.295430.Cam6_13.csv,203.06,83.06,18.7
4,20130320T005758.295430.Cam6_13.csv,206.11,20.0,18.7
5,20130320T005758.295430.Cam6_13.csv,235.28,1.11,18.7
6,20130320T005758.295430.Cam6_13.csv,241.11,40.83,16.75
