,name,c-x,c-y,radius
0,20130320T004547.804094.Cam6_12.csv,138.46,58.08,26.42
1,20130320T004547.804094.Cam6_12.csv,100.77,71.92,24.11
2,20130320T004547.804094.Cam6_12.csv,109.62,107.69,21.8
3,20130320T004547.804094.Cam6_12.csv,141.15,83.85,21.03
4,20130320T004547.804094.Cam6_12.csv,163.85,140.77,21.03
