,name,c-x,c-y,radius
0,20130320T013221.385303_23.csv,191.39,138.06,19.81
1,20130320T013221.385303_23.csv,191.94,117.22,24.81
2,20130320T013221.385303_23.csv,212.78,84.17,23.98
3,20130320T013221.385303_23.csv,179.17,44.17,26.2
4,20130320T013221.385303_23.csv,160.28,13.06,23.7
5,20130320T013221.385303_23.csv,228.89,25.28,22.59
