,name,c-x,c-y,radius
0,20130320T004530.851480.Cam6_51.csv,184.59,48.11,18.8
1,20130320T004530.851480.Cam6_51.csv,158.92,65.14,18.8
2,20130320T004530.851480.Cam6_51.csv,115.68,120.0,18.8
3,20130320T004530.851480.Cam6_51.csv,69.19,165.95,16.91
4,20130320T004530.851480.Cam6_51.csv,93.78,111.08,17.18
