,name,c-x,c-y,radius
0,20130320T013523.865255_13.csv,133.89,128.89,24.25
1,20130320T013523.865255_13.csv,140.0,168.33,20.37
2,20130320T013523.865255_13.csv,177.78,160.28,20.92
3,20130320T013523.865255_13.csv,159.17,112.78,20.37
4,20130320T013523.865255_13.csv,180.0,117.5,19.81
5,20130320T013523.865255_13.csv,51.11,66.39,19.81
6,20130320T013523.865255_13.csv,100.28,62.5,19.81
