,name,c-x,c-y,radius
0,20130320T005131.239822.Cam6_11.csv,108.39,90.32,23.22
1,20130320T005131.239822.Cam6_11.csv,57.1,57.74,21.93
2,20130320T005131.239822.Cam6_11.csv,35.48,80.32,22.9
3,20130320T005131.239822.Cam6_11.csv,74.52,44.84,21.61
