,name,c-x,c-y,radius
0,20130320T013459.864773_41.csv,70.83,156.11,16.75
1,20130320T013459.864773_41.csv,29.17,128.06,16.2
2,20130320T013459.864773_41.csv,31.11,113.61,17.03
3,20130320T013459.864773_41.csv,13.89,103.06,17.87
4,20130320T013459.864773_41.csv,81.67,85.28,17.03
5,20130320T013459.864773_41.csv,69.72,11.94,16.48
6,20130320T013459.864773_41.csv,216.11,17.22,18.14
