,name,c-x,c-y,radius
0,20130320T004611.042700.Cam6_31.csv,176.15,140.0,14.5
1,20130320T004611.042700.Cam6_31.csv,202.31,130.38,14.5
2,20130320T004611.042700.Cam6_31.csv,216.15,146.54,14.5
