,name,c-x,c-y,radius
0,20130320T005803.819293.Cam6_44.csv,142.22,111.67,18.42
1,20130320T005803.819293.Cam6_44.csv,168.89,100.83,18.42
2,20130320T005803.819293.Cam6_44.csv,165.0,137.5,18.42
3,20130320T005803.819293.Cam6_44.csv,250.83,156.67,15.37
4,20130320T005803.819293.Cam6_44.csv,221.67,21.94,15.37
