,name,c-x,c-y,radius
0,20130320T005059.239172.Cam6_73.csv,272.9,60.32,15.16
1,20130320T005059.239172.Cam6_73.csv,103.23,6.45,15.16
