,name,c-x,c-y,radius
0,20130320T004927.999164.Cam6_13.csv,142.58,170.0,20.64
1,20130320T004927.999164.Cam6_13.csv,107.42,190.97,20.0
