,name,c-x,c-y,radius
0,20130320T012858.905027_21.csv,247.78,101.39,14.81
1,20130320T012858.905027_21.csv,171.11,109.17,14.81
2,20130320T012858.905027_21.csv,145.28,111.39,14.81
3,20130320T012858.905027_21.csv,180.28,138.06,14.81
4,20130320T012858.905027_21.csv,145.28,141.67,14.81
