,name,c-x,c-y,radius
0,20130320T005503.244176.Cam6_42.csv,124.44,145.0,25.09
1,20130320T005503.244176.Cam6_42.csv,164.17,78.33,23.98
2,20130320T005503.244176.Cam6_42.csv,43.89,75.56,23.98
3,20130320T005503.244176.Cam6_42.csv,0.83,71.39,19.53
4,20130320T005503.244176.Cam6_42.csv,164.72,0.83,25.64
