,name,c-x,c-y,radius
0,20130320T005959.821662.Cam6_14.csv,187.78,138.89,19.81
1,20130320T005959.821662.Cam6_14.csv,172.22,100.56,22.87
2,20130320T005959.821662.Cam6_14.csv,191.67,85.83,22.87
3,20130320T005959.821662.Cam6_14.csv,144.72,73.33,22.87
4,20130320T005959.821662.Cam6_14.csv,132.5,43.89,20.37
5,20130320T005959.821662.Cam6_14.csv,86.94,1.94,17.03
6,20130320T005959.821662.Cam6_14.csv,102.78,5.56,17.03
