,name,c-x,c-y,radius
0,20130320T004711.424944.Cam6_51.csv,188.46,63.08,17.19
1,20130320T004711.424944.Cam6_51.csv,33.85,146.54,16.03
2,20130320T004711.424944.Cam6_51.csv,28.85,18.85,16.03
3,20130320T004711.424944.Cam6_51.csv,231.54,153.08,12.96
4,20130320T004711.424944.Cam6_51.csv,298.46,176.54,15.27
5,20130320T004711.424944.Cam6_51.csv,270.77,194.62,15.27
