,name,c-x,c-y,radius
0,20130320T013222.909208_53.csv,208.33,57.22,17.03
1,20130320T013222.909208_53.csv,274.72,48.89,17.03
2,20130320T013222.909208_53.csv,276.11,31.11,19.25
3,20130320T013222.909208_53.csv,307.5,46.39,17.87
