,name,c-x,c-y,radius
0,20130320T012823.285182_62.csv,270.56,95.28,17.87
1,20130320T012823.285182_62.csv,149.17,112.5,22.31
2,20130320T012823.285182_62.csv,227.78,40.83,22.31
