,name,c-x,c-y,radius
0,20130320T005220.383697.Cam6_61.csv,189.35,85.16,20.0
1,20130320T005220.383697.Cam6_61.csv,217.74,103.87,20.0
2,20130320T005220.383697.Cam6_61.csv,170.32,29.03,18.71
3,20130320T005220.383697.Cam6_61.csv,23.87,54.52,18.71
4,20130320T005220.383697.Cam6_61.csv,54.84,142.58,16.13
5,20130320T005220.383697.Cam6_61.csv,79.35,170.0,16.13
6,20130320T005220.383697.Cam6_61.csv,88.71,186.13,16.13
7,20130320T005220.383697.Cam6_61.csv,98.39,31.94,16.13
