,name,c-x,c-y,radius
0,20130320T005552.197570.Cam6_62.csv,148.89,68.89,16.75
1,20130320T005552.197570.Cam6_62.csv,144.17,24.44,21.48
2,20130320T005552.197570.Cam6_62.csv,187.5,6.11,22.31
3,20130320T005552.197570.Cam6_62.csv,273.33,52.5,19.81
