,name,c-x,c-y,radius
0,20130320T005133.906628.Cam6_33.csv,95.48,115.48,24.84
1,20130320T005133.906628.Cam6_33.csv,93.87,93.87,20.0
2,20130320T005133.906628.Cam6_33.csv,162.9,83.87,21.29
3,20130320T005133.906628.Cam6_33.csv,285.48,71.61,20.32
