,name,c-x,c-y,radius
0,20130320T004801.521237.Cam6_31.csv,265.0,41.87,20.59
1,20130320T004801.521237.Cam6_31.csv,229.37,59.06,19.65
2,20130320T004801.521237.Cam6_31.csv,124.37,87.19,29.65
3,20130320T004801.521237.Cam6_31.csv,134.37,93.75,26.84
4,20130320T004801.521237.Cam6_31.csv,120.62,156.87,19.03
5,20130320T004801.521237.Cam6_31.csv,175.31,194.06,20.28
