,name,c-x,c-y,radius
0,20130320T013145.384567_33.csv,79.72,181.67,16.2
1,20130320T013145.384567_33.csv,35.0,152.22,17.03
2,20130320T013145.384567_33.csv,86.11,127.78,16.48
3,20130320T013145.384567_33.csv,223.61,172.5,13.7
4,20130320T013145.384567_33.csv,236.67,165.83,19.81
5,20130320T013145.384567_33.csv,250.28,192.22,18.7
6,20130320T013145.384567_33.csv,262.78,87.22,22.31
7,20130320T013145.384567_33.csv,238.06,87.5,19.81
8,20130320T013145.384567_33.csv,232.22,26.11,18.14
