,name,c-x,c-y,radius
0,20130320T005444.767669.Cam6_33.csv,6.11,47.78,19.53
1,20130320T005444.767669.Cam6_33.csv,252.5,174.17,21.2
2,20130320T005444.767669.Cam6_33.csv,273.89,148.06,18.42
3,20130320T005444.767669.Cam6_33.csv,270.56,66.67,22.59
4,20130320T005444.767669.Cam6_33.csv,230.0,62.22,20.37
