,name,c-x,c-y,radius
0,20130320T005259.622632.Cam6_42.csv,11.29,125.16,16.45
1,20130320T005259.622632.Cam6_42.csv,48.39,97.74,16.45
2,20130320T005259.622632.Cam6_42.csv,114.52,133.23,17.74
3,20130320T005259.622632.Cam6_42.csv,160.65,167.1,17.74
4,20130320T005259.622632.Cam6_42.csv,300.0,72.26,17.74
