,name,c-x,c-y,radius
0,20130320T004801.140229.Cam6_32.csv,230.77,179.62,20.27
1,20130320T004801.140229.Cam6_32.csv,136.15,94.23,19.88
2,20130320T004801.140229.Cam6_32.csv,88.46,79.62,20.27
3,20130320T004801.140229.Cam6_32.csv,86.92,33.85,20.27
4,20130320T004801.140229.Cam6_32.csv,44.23,33.46,18.73
5,20130320T004801.140229.Cam6_32.csv,24.62,58.08,17.19
