,name,c-x,c-y,radius
0,20130320T013314.338742_41.csv,251.11,106.67,17.31
1,20130320T013314.338742_41.csv,182.78,55.28,17.31
2,20130320T013314.338742_41.csv,195.83,21.67,19.53
3,20130320T013314.338742_41.csv,174.44,8.33,14.81
4,20130320T013314.338742_41.csv,133.06,158.33,13.7
5,20130320T013314.338742_41.csv,103.06,152.22,14.53
6,20130320T013314.338742_41.csv,53.06,162.78,14.53
