,name,c-x,c-y,radius
0,20130320T005234.479240.Cam6_13.csv,67.1,20.97,16.77
1,20130320T005234.479240.Cam6_13.csv,78.39,26.13,16.77
2,20130320T005234.479240.Cam6_13.csv,186.45,101.29,18.71
3,20130320T005234.479240.Cam6_13.csv,233.55,91.29,18.71
4,20130320T005234.479240.Cam6_13.csv,204.19,196.13,18.71
5,20130320T005234.479240.Cam6_13.csv,178.39,57.74,17.09
