,name,c-x,c-y,radius
0,20130320T013433.197472_41.csv,38.33,126.94,20.37
1,20130320T013433.197472_41.csv,87.5,130.83,22.87
2,20130320T013433.197472_41.csv,274.72,175.28,23.42
