,name,c-x,c-y,radius
0,20130320T004854.093706.Cam6_42.csv,223.87,161.61,20.96
1,20130320T004854.093706.Cam6_42.csv,259.68,142.58,20.96
2,20130320T004854.093706.Cam6_42.csv,210.97,180.97,20.96
3,20130320T004854.093706.Cam6_42.csv,249.35,184.52,20.96
4,20130320T004854.093706.Cam6_42.csv,259.03,177.1,20.96
5,20130320T004854.093706.Cam6_42.csv,296.13,143.55,20.96
6,20130320T004854.093706.Cam6_42.csv,282.9,107.74,20.96
