,name,c-x,c-y,radius
0,20130320T013317.767435_31.csv,90.83,201.39,16.2
1,20130320T013317.767435_31.csv,186.94,167.5,15.64
2,20130320T013317.767435_31.csv,191.67,138.61,15.09
3,20130320T013317.767435_31.csv,211.39,75.28,15.09
