,name,c-x,c-y,radius
0,20130320T013130.336632_52.csv,14.44,16.94,15.64
1,20130320T013130.336632_52.csv,51.11,90.56,15.37
2,20130320T013130.336632_52.csv,189.44,164.44,11.48
3,20130320T013130.336632_52.csv,277.22,81.11,15.92
4,20130320T013130.336632_52.csv,275.83,90.83,15.92
