,name,c-x,c-y,radius
0,20130320T005320.003927.Cam6_52.csv,70.0,98.39,24.19
1,20130320T005320.003927.Cam6_52.csv,165.16,121.61,21.93
2,20130320T005320.003927.Cam6_52.csv,7.74,159.35,19.03
