,name,c-x,c-y,radius
0,20130320T005802.105007.Cam6_32.csv,278.06,49.72,25.37
1,20130320T005802.105007.Cam6_32.csv,146.67,100.83,17.31
2,20130320T005802.105007.Cam6_32.csv,142.5,48.61,17.31
3,20130320T005802.105007.Cam6_32.csv,169.72,57.78,17.31
4,20130320T005802.105007.Cam6_32.csv,184.72,20.28,17.31
