,name,c-x,c-y,radius
0,20130320T005545.721311.Cam6_53.csv,31.11,83.33,23.42
1,20130320T005545.721311.Cam6_53.csv,57.5,82.5,22.03
2,20130320T005545.721311.Cam6_53.csv,50.56,3.61,20.09
3,20130320T005545.721311.Cam6_53.csv,182.5,10.83,19.81
4,20130320T005545.721311.Cam6_53.csv,218.06,14.44,22.59
5,20130320T005545.721311.Cam6_53.csv,229.72,59.44,22.03
6,20130320T005545.721311.Cam6_53.csv,265.0,64.72,23.42
7,20130320T005545.721311.Cam6_53.csv,244.72,100.83,21.2
8,20130320T005545.721311.Cam6_53.csv,226.94,115.83,17.59
