,name,c-x,c-y,radius
0,20130320T004524.184585.Cam6_43.csv,35.31,69.37,19.08
1,20130320T004524.184585.Cam6_43.csv,61.25,39.06,20.64
