,name,c-x,c-y,radius
0,20130320T004401.325755.Cam6_61.csv,71.56,48.12,14.08
1,20130320T004401.325755.Cam6_61.csv,66.87,58.75,14.08
2,20130320T004401.325755.Cam6_61.csv,72.19,73.12,14.08
3,20130320T004401.325755.Cam6_61.csv,117.81,84.37,14.08
4,20130320T004401.325755.Cam6_61.csv,174.69,130.62,14.08
5,20130320T004401.325755.Cam6_61.csv,142.19,150.31,14.08
6,20130320T004401.325755.Cam6_61.csv,130.62,134.37,11.26
