,name,c-x,c-y,radius
0,20130320T013438.530959_31.csv,130.28,100.56,21.48
1,20130320T013438.530959_31.csv,20.56,37.22,21.48
2,20130320T013438.530959_31.csv,12.5,5.83,21.48
3,20130320T013438.530959_31.csv,252.22,18.89,19.53
