,name,c-x,c-y,radius
0,20130320T004420.373780.Cam6_43.csv,175.31,126.87,12.51
1,20130320T004420.373780.Cam6_43.csv,160.62,126.25,12.51
2,20130320T004420.373780.Cam6_43.csv,173.75,148.12,12.51
3,20130320T004420.373780.Cam6_43.csv,197.81,153.75,12.51
