,name,c-x,c-y,radius
0,20130320T004422.849954.Cam6_32.csv,132.5,194.06,21.26
1,20130320T004422.849954.Cam6_32.csv,129.37,173.44,24.7
2,20130320T004422.849954.Cam6_32.csv,198.44,135.31,23.14
3,20130320T004422.849954.Cam6_32.csv,203.12,83.12,18.14
