,name,c-x,c-y,radius
0,20130320T005500.005985.Cam6_43.csv,5.83,151.94,20.64
1,20130320T005500.005985.Cam6_43.csv,47.22,81.11,21.2
2,20130320T005500.005985.Cam6_43.csv,71.94,116.94,20.09
3,20130320T005500.005985.Cam6_43.csv,37.5,28.89,20.09
4,20130320T005500.005985.Cam6_43.csv,81.94,1.67,18.42
5,20130320T005500.005985.Cam6_43.csv,101.67,35.83,18.42
6,20130320T005500.005985.Cam6_43.csv,168.33,49.44,23.14
