,name,c-x,c-y,radius
0,20130320T013107.669539_32.csv,26.67,108.61,19.25
1,20130320T013107.669539_32.csv,69.17,108.61,19.25
2,20130320T013107.669539_32.csv,152.22,146.11,24.81
3,20130320T013107.669539_32.csv,180.83,146.67,22.31
