,name,c-x,c-y,radius
0,20130320T004802.092623.Cam6_21.csv,104.84,47.42,21.29
1,20130320T004802.092623.Cam6_21.csv,140.0,72.26,21.29
2,20130320T004802.092623.Cam6_21.csv,114.19,90.32,21.29
3,20130320T004802.092623.Cam6_21.csv,86.13,65.48,18.71
4,20130320T004802.092623.Cam6_21.csv,84.19,131.61,19.67
5,20130320T004802.092623.Cam6_21.csv,69.68,166.13,20.32
6,20130320T004802.092623.Cam6_21.csv,113.87,149.35,20.32
7,20130320T004802.092623.Cam6_21.csv,141.29,135.48,20.32
8,20130320T004802.092623.Cam6_21.csv,106.77,11.94,21.93
