,name,c-x,c-y,radius
0,20130320T004856.189000.Cam6_13.csv,223.55,74.52,20.96
1,20130320T004856.189000.Cam6_13.csv,233.23,53.87,19.67
2,20130320T004856.189000.Cam6_13.csv,202.26,46.45,19.67
3,20130320T004856.189000.Cam6_13.csv,185.48,81.94,20.64
4,20130320T004856.189000.Cam6_13.csv,242.58,101.61,19.03
5,20130320T004856.189000.Cam6_13.csv,116.13,2.26,19.03
6,20130320T004856.189000.Cam6_13.csv,36.45,43.55,17.42
7,20130320T004856.189000.Cam6_13.csv,232.9,190.0,17.42
