,name,c-x,c-y,radius
0,20130320T013253.004942_43.csv,29.72,188.33,19.53
1,20130320T013253.004942_43.csv,74.44,178.06,19.25
2,20130320T013253.004942_43.csv,95.56,158.61,16.48
3,20130320T013253.004942_43.csv,189.72,199.44,19.81
4,20130320T013253.004942_43.csv,201.67,11.94,17.59
5,20130320T013253.004942_43.csv,235.28,10.83,18.98
