,name,c-x,c-y,radius
0,20130320T005057.334382.Cam6_13.csv,155.48,34.19,18.38
1,20130320T005057.334382.Cam6_13.csv,115.48,195.81,18.38
