,name,c-x,c-y,radius
0,20130320T005821.153022.Cam6_13.csv,219.17,85.0,23.42
1,20130320T005821.153022.Cam6_13.csv,268.33,76.94,27.03
2,20130320T005821.153022.Cam6_13.csv,291.94,120.83,24.25
