,name,c-x,c-y,radius
0,20130320T004715.044021.Cam6_44.csv,58.85,104.62,19.5
1,20130320T004715.044021.Cam6_44.csv,123.08,139.62,19.5
2,20130320T004715.044021.Cam6_44.csv,256.15,190.0,16.42
3,20130320T004715.044021.Cam6_44.csv,238.46,193.85,16.42
4,20130320T004715.044021.Cam6_44.csv,136.92,167.69,19.5
