,name,c-x,c-y,radius
0,20130320T004403.040040.Cam6_51.csv,118.12,188.44,16.26
1,20130320T004403.040040.Cam6_51.csv,88.75,191.56,16.26
