,name,c-x,c-y,radius
0,20130320T005457.148800.Cam6_14.csv,90.0,104.17,27.03
1,20130320T005457.148800.Cam6_14.csv,40.28,92.22,27.03
