,name,c-x,c-y,radius
0,20130320T004705.520069.Cam6_51.csv,170.0,156.21,20.64
1,20130320T004705.520069.Cam6_51.csv,201.38,177.93,15.13
2,20130320T004705.520069.Cam6_51.csv,131.72,144.83,20.99
3,20130320T004705.520069.Cam6_51.csv,153.79,85.52,16.16
4,20130320T004705.520069.Cam6_51.csv,148.62,26.55,14.09
5,20130320T004705.520069.Cam6_51.csv,66.55,47.24,17.2
