,name,c-x,c-y,radius
0,20130320T004704.948559.Cam6_32.csv,124.48,97.93,17.89
1,20130320T004704.948559.Cam6_32.csv,98.97,121.38,15.82
2,20130320T004704.948559.Cam6_32.csv,119.66,135.52,16.51
3,20130320T004704.948559.Cam6_32.csv,164.48,25.17,17.54
4,20130320T004704.948559.Cam6_32.csv,133.1,7.93,17.54
