,name,c-x,c-y,radius
0,20130320T004941.332813.Cam6_21.csv,62.9,106.45,18.06
1,20130320T004941.332813.Cam6_21.csv,98.06,98.06,18.06
2,20130320T004941.332813.Cam6_21.csv,146.13,19.35,17.42
3,20130320T004941.332813.Cam6_21.csv,178.06,70.65,13.22
4,20130320T004941.332813.Cam6_21.csv,256.13,15.81,14.84
5,20130320T004941.332813.Cam6_21.csv,16.13,9.68,14.84
