,name,c-x,c-y,radius
0,20130320T004929.332567.Cam6_23.csv,91.29,187.1,20.96
1,20130320T004929.332567.Cam6_23.csv,73.23,117.74,20.0
2,20130320T004929.332567.Cam6_23.csv,105.81,107.42,19.03
3,20130320T004929.332567.Cam6_23.csv,85.81,81.94,19.03
4,20130320T004929.332567.Cam6_23.csv,68.06,49.68,19.03
5,20130320T004929.332567.Cam6_23.csv,112.58,51.61,21.61
