,name,c-x,c-y,radius
0,20130320T005910.487399.Cam6_34.csv,19.44,38.61,23.98
1,20130320T005910.487399.Cam6_34.csv,158.33,23.61,21.48
2,20130320T005910.487399.Cam6_34.csv,146.67,14.17,21.48
3,20130320T005910.487399.Cam6_34.csv,128.06,10.0,21.48
