,name,c-x,c-y,radius
0,20130320T013627.866430_31.csv,136.67,154.72,16.48
1,20130320T013627.866430_31.csv,84.44,150.28,13.42
2,20130320T013627.866430_31.csv,75.0,80.28,15.92
3,20130320T013627.866430_31.csv,64.72,54.17,17.03
4,20130320T013627.866430_31.csv,45.83,68.89,17.03
