,name,c-x,c-y,radius
0,20130320T013222.147194_32.csv,142.22,105.83,23.14
1,20130320T013222.147194_32.csv,112.5,120.0,30.92
2,20130320T013222.147194_32.csv,288.06,141.11,20.09
