,name,c-x,c-y,radius
0,20130320T005945.726255.Cam6_44.csv,9.44,17.22,22.03
1,20130320T005945.726255.Cam6_44.csv,56.94,74.72,20.09
2,20130320T005945.726255.Cam6_44.csv,98.89,68.33,18.14
3,20130320T005945.726255.Cam6_44.csv,45.56,125.28,16.2
4,20130320T005945.726255.Cam6_44.csv,14.44,122.5,16.2
5,20130320T005945.726255.Cam6_44.csv,186.39,93.06,21.75
6,20130320T005945.726255.Cam6_44.csv,210.56,98.33,20.92
7,20130320T005945.726255.Cam6_44.csv,244.17,73.61,20.92
