,name,c-x,c-y,radius
0,20130320T004900.189083.Cam6_14.csv,62.58,108.06,19.35
1,20130320T004900.189083.Cam6_14.csv,93.55,83.87,19.67
2,20130320T004900.189083.Cam6_14.csv,90.32,110.0,19.67
3,20130320T004900.189083.Cam6_14.csv,75.48,149.35,19.67
4,20130320T004900.189083.Cam6_14.csv,58.71,70.65,20.32
5,20130320T004900.189083.Cam6_14.csv,28.71,75.48,18.71
6,20130320T004900.189083.Cam6_14.csv,50.97,27.1,18.71
