,name,c-x,c-y,radius
0,20130320T005057.905769.Cam6_61.csv,245.16,83.23,16.77
1,20130320T005057.905769.Cam6_61.csv,131.94,90.0,13.87
2,20130320T005057.905769.Cam6_61.csv,137.42,8.39,13.87
3,20130320T005057.905769.Cam6_61.csv,95.16,137.42,13.87
4,20130320T005057.905769.Cam6_61.csv,186.45,141.94,13.87
