,name,c-x,c-y,radius
0,20130320T005636.579490.Cam6_31.csv,157.78,174.44,14.81
1,20130320T005636.579490.Cam6_31.csv,205.56,71.67,18.42
2,20130320T005636.579490.Cam6_31.csv,236.11,52.22,18.42
3,20130320T005636.579490.Cam6_31.csv,211.11,36.67,18.42
4,20130320T005636.579490.Cam6_31.csv,230.0,10.83,17.59
