,name,c-x,c-y,radius
0,20130320T005959.059771.Cam6_51.csv,196.11,116.39,22.31
1,20130320T005959.059771.Cam6_51.csv,118.61,24.44,15.64
