,name,c-x,c-y,radius
0,20130320T013312.433956_22.csv,127.22,139.44,15.37
1,20130320T013312.433956_22.csv,154.17,127.78,15.92
2,20130320T013312.433956_22.csv,129.72,116.11,15.92
3,20130320T013312.433956_22.csv,110.28,90.83,16.48
4,20130320T013312.433956_22.csv,139.44,82.78,16.48
5,20130320T013312.433956_22.csv,170.28,72.22,16.48
6,20130320T013312.433956_22.csv,92.5,51.67,15.92
