,name,c-x,c-y,radius
0,20130320T013611.294721_23.csv,224.44,190.0,20.09
1,20130320T013611.294721_23.csv,266.67,33.61,20.09
2,20130320T013611.294721_23.csv,231.11,11.11,20.09
