,name,c-x,c-y,radius
0,20130320T005800.581226.Cam6_54.csv,108.06,139.17,21.48
1,20130320T005800.581226.Cam6_54.csv,213.61,169.72,18.7
2,20130320T005800.581226.Cam6_54.csv,50.0,34.44,15.64
3,20130320T005800.581226.Cam6_54.csv,69.72,49.44,18.14
4,20130320T005800.581226.Cam6_54.csv,148.61,54.72,18.7
5,20130320T005800.581226.Cam6_54.csv,182.22,64.72,19.25
6,20130320T005800.581226.Cam6_54.csv,207.5,70.56,19.25
7,20130320T005800.581226.Cam6_54.csv,110.83,118.89,15.37
