,name,c-x,c-y,radius
0,20130320T012926.715092_24.csv,99.72,153.89,19.53
1,20130320T012926.715092_24.csv,61.94,146.67,18.7
2,20130320T012926.715092_24.csv,49.17,177.5,17.59
