,name,c-x,c-y,radius
0,20130320T013514.722190_21.csv,76.39,114.17,16.48
1,20130320T013514.722190_21.csv,7.78,120.56,16.48
