,name,c-x,c-y,radius
0,20130320T004352.754200.Cam6_23.csv,137.81,65.31,29.39
1,20130320T004352.754200.Cam6_23.csv,185.94,37.19,28.45
2,20130320T004352.754200.Cam6_23.csv,133.75,105.62,25.33
3,20130320T004352.754200.Cam6_23.csv,185.31,91.87,26.58
4,20130320T004352.754200.Cam6_23.csv,181.56,116.56,22.2
5,20130320T004352.754200.Cam6_23.csv,215.94,112.81,20.95
