,name,c-x,c-y,radius
0,20130320T013505.769640_52.csv,194.44,113.33,15.92
1,20130320T013505.769640_52.csv,192.78,102.78,15.92
