,name,c-x,c-y,radius
0,20130320T004858.855806.Cam6_33.csv,89.68,75.16,22.9
1,20130320T004858.855806.Cam6_33.csv,94.84,115.48,17.74
