,name,c-x,c-y,radius
0,20130320T013220.813916_52.csv,112.78,186.39,18.42
1,20130320T013220.813916_52.csv,199.72,162.78,19.81
2,20130320T013220.813916_52.csv,270.83,51.67,22.03
