,name,c-x,c-y,radius
0,20130320T005416.767103.Cam6_61.csv,86.77,99.68,14.84
1,20130320T005416.767103.Cam6_61.csv,130.97,9.35,18.06
2,20130320T005416.767103.Cam6_61.csv,241.29,130.0,15.48
