,name,c-x,c-y,radius
0,20130320T013353.387174_33.csv,114.17,51.94,23.7
1,20130320T013353.387174_33.csv,118.33,31.67,23.7
2,20130320T013353.387174_33.csv,152.78,70.56,21.48
3,20130320T013353.387174_33.csv,188.33,46.39,21.48
