,name,c-x,c-y,radius
0,20130320T013025.573431_43.csv,47.78,177.5,20.92
1,20130320T013025.573431_43.csv,149.17,149.72,23.14
2,20130320T013025.573431_43.csv,32.22,74.72,25.09
3,20130320T013025.573431_43.csv,49.44,89.44,23.42
4,20130320T013025.573431_43.csv,168.33,15.28,22.59
