,name,c-x,c-y,radius
0,20130320T004921.141897.Cam6_23.csv,50.97,38.71,16.77
1,20130320T004921.141897.Cam6_23.csv,23.23,24.84,16.77
2,20130320T004921.141897.Cam6_23.csv,31.29,3.55,16.77
