,name,c-x,c-y,radius
0,20130320T012919.286317_22.csv,187.22,200.28,15.09
1,20130320T012919.286317_22.csv,177.5,167.22,15.37
2,20130320T012919.286317_22.csv,183.61,111.67,15.37
3,20130320T012919.286317_22.csv,189.72,90.83,16.75
4,20130320T012919.286317_22.csv,215.83,106.39,16.75
5,20130320T012919.286317_22.csv,210.83,73.33,15.92
