,name,c-x,c-y,radius
0,20130320T004902.855890.Cam6_64.csv,8.39,19.03,16.77
1,20130320T004902.855890.Cam6_64.csv,143.23,64.52,15.48
2,20130320T004902.855890.Cam6_64.csv,148.71,86.45,14.51
3,20130320T004902.855890.Cam6_64.csv,148.06,123.87,13.55
4,20130320T004902.855890.Cam6_64.csv,182.9,135.48,13.55
5,20130320T004902.855890.Cam6_64.csv,136.13,182.26,16.13
6,20130320T004902.855890.Cam6_64.csv,111.29,179.03,16.13
7,20130320T004902.855890.Cam6_64.csv,130.97,171.94,16.13
