,name,c-x,c-y,radius
0,20130320T012821.189891_31.csv,233.33,42.78,19.81
1,20130320T012821.189891_31.csv,197.5,16.39,22.03
2,20130320T012821.189891_31.csv,306.39,48.89,18.42
