,name,c-x,c-y,radius
0,20130320T005426.100545.Cam6_42.csv,3.89,163.06,20.09
1,20130320T005426.100545.Cam6_42.csv,40.0,120.83,17.59
2,20130320T005426.100545.Cam6_42.csv,108.06,99.72,19.53
3,20130320T005426.100545.Cam6_42.csv,140.0,87.5,21.48
4,20130320T005426.100545.Cam6_42.csv,173.61,114.17,19.25
5,20130320T005426.100545.Cam6_42.csv,209.17,114.44,17.31
6,20130320T005426.100545.Cam6_42.csv,241.67,109.44,18.14
7,20130320T005426.100545.Cam6_42.csv,166.39,80.83,18.14
