,name,c-x,c-y,radius
0,20130320T005821.914913.Cam6_62.csv,175.83,85.83,22.87
1,20130320T005821.914913.Cam6_62.csv,214.44,71.94,28.98
2,20130320T005821.914913.Cam6_62.csv,175.56,46.67,18.14
