,name,c-x,c-y,radius
0,20130320T004618.661981.Cam6_62.csv,95.86,105.86,10.64
1,20130320T004618.661981.Cam6_62.csv,83.79,121.03,10.64
2,20130320T004618.661981.Cam6_62.csv,117.24,120.69,10.64
3,20130320T004618.661981.Cam6_62.csv,107.24,117.93,10.64
4,20130320T004618.661981.Cam6_62.csv,109.31,148.62,10.64
5,20130320T004618.661981.Cam6_62.csv,114.48,146.21,10.64
