,name,c-x,c-y,radius
0,20130320T005731.437753.Cam6_12.csv,18.33,125.28,19.81
1,20130320T005731.437753.Cam6_12.csv,21.39,95.56,19.81
2,20130320T005731.437753.Cam6_12.csv,33.89,73.89,23.98
3,20130320T005731.437753.Cam6_12.csv,259.44,183.06,23.98
4,20130320T005731.437753.Cam6_12.csv,49.17,30.28,23.98
