,name,c-x,c-y,radius
0,20130320T004423.611969.Cam6_33.csv,260.31,115.62,29.08
1,20130320T004423.611969.Cam6_33.csv,293.12,152.19,25.64
