,name,c-x,c-y,radius
0,20130320T004427.612047.Cam6_32.csv,42.81,19.69,21.58
1,20130320T004427.612047.Cam6_32.csv,85.0,34.06,18.76
2,20130320T004427.612047.Cam6_32.csv,56.56,50.94,19.39
