,name,c-x,c-y,radius
0,20130320T012941.953391_42.csv,58.33,24.44,20.37
1,20130320T012941.953391_42.csv,142.5,61.39,18.98
2,20130320T012941.953391_42.csv,161.11,53.33,18.98
3,20130320T012941.953391_42.csv,135.83,8.89,18.14
4,20130320T012941.953391_42.csv,192.78,40.56,20.64
5,20130320T012941.953391_42.csv,214.72,73.61,21.48
6,20130320T012941.953391_42.csv,234.17,44.17,22.59
