,name,c-x,c-y,radius
0,20130320T004858.855806.Cam6_42.csv,31.94,46.13,27.09
1,20130320T004858.855806.Cam6_42.csv,56.13,131.29,27.09
2,20130320T004858.855806.Cam6_42.csv,222.58,142.58,29.35
3,20130320T004858.855806.Cam6_42.csv,289.68,155.16,39.35
