,name,c-x,c-y,radius
0,20130320T004718.472720.Cam6_63.csv,96.54,83.85,16.8
1,20130320T004718.472720.Cam6_63.csv,128.46,38.46,16.8
2,20130320T004718.472720.Cam6_63.csv,136.92,7.69,16.42
3,20130320T004718.472720.Cam6_63.csv,116.15,10.38,14.5
4,20130320T004718.472720.Cam6_63.csv,100.0,2.31,14.5
5,20130320T004718.472720.Cam6_63.csv,123.08,152.69,14.5
6,20130320T004718.472720.Cam6_63.csv,223.85,141.92,13.73
