,name,c-x,c-y,radius
0,20130320T013223.861478_33.csv,103.89,150.0,17.03
1,20130320T013223.861478_33.csv,146.67,115.83,19.25
