,name,c-x,c-y,radius
0,20130320T005546.673706.Cam6_72.csv,115.83,152.22,16.48
1,20130320T005546.673706.Cam6_72.csv,132.78,148.61,18.7
