,name,c-x,c-y,radius
0,20130320T013100.050255_43.csv,132.5,164.17,16.2
1,20130320T013100.050255_43.csv,138.61,169.72,16.2
2,20130320T013100.050255_43.csv,158.33,155.83,16.75
3,20130320T013100.050255_43.csv,193.61,174.17,17.03
4,20130320T013100.050255_43.csv,57.5,173.61,17.03
5,20130320T013100.050255_43.csv,218.61,152.22,22.59
6,20130320T013100.050255_43.csv,236.67,101.11,17.87
7,20130320T013100.050255_43.csv,258.33,110.83,17.87
8,20130320T013100.050255_43.csv,202.5,52.78,18.98
