,name,c-x,c-y,radius
0,20130320T013031.478304_62.csv,36.39,92.22,21.75
1,20130320T013031.478304_62.csv,71.67,75.83,20.09
2,20130320T013031.478304_62.csv,111.67,102.22,20.09
