,name,c-x,c-y,radius
0,20130320T013029.764019_22.csv,97.5,44.44,18.42
1,20130320T013029.764019_22.csv,275.83,178.06,20.37
