,name,c-x,c-y,radius
0,20130320T013436.626169_23.csv,88.06,95.83,23.98
1,20130320T013436.626169_23.csv,78.89,51.39,21.75
2,20130320T013436.626169_23.csv,142.78,44.44,22.87
3,20130320T013436.626169_23.csv,20.56,75.28,21.48
