,name,c-x,c-y,radius
0,20130320T013516.817357_11.csv,77.5,187.22,20.64
1,20130320T013516.817357_11.csv,55.0,153.89,18.98
2,20130320T013516.817357_11.csv,160.56,89.72,21.2
3,20130320T013516.817357_11.csv,120.56,65.0,23.14
4,20130320T013516.817357_11.csv,90.83,30.0,20.37
5,20130320T013516.817357_11.csv,51.94,32.5,22.03
6,20130320T013516.817357_11.csv,206.39,74.44,17.87
7,20130320T013516.817357_11.csv,220.28,74.44,17.87
