,name,c-x,c-y,radius
0,20130320T013606.913636_31.csv,33.61,201.39,15.92
1,20130320T013606.913636_31.csv,228.33,178.33,17.87
2,20130320T013606.913636_31.csv,273.61,160.0,18.7
