,name,c-x,c-y,radius
0,20130320T005736.199727.Cam6_62.csv,18.33,83.06,14.81
1,20130320T005736.199727.Cam6_62.csv,41.11,45.83,14.81
2,20130320T005736.199727.Cam6_62.csv,68.89,46.67,12.87
3,20130320T005736.199727.Cam6_62.csv,81.94,148.89,15.92
4,20130320T005736.199727.Cam6_62.csv,298.33,8.89,18.98
