,name,c-x,c-y,radius
0,20130320T005103.048751.Cam6_62.csv,151.94,148.71,14.84
1,20130320T005103.048751.Cam6_62.csv,37.74,107.74,14.84
2,20130320T005103.048751.Cam6_62.csv,141.29,73.23,14.84
3,20130320T005103.048751.Cam6_62.csv,158.71,61.29,14.84
