,name,c-x,c-y,radius
0,20130320T005442.862882.Cam6_31.csv,259.72,129.72,16.75
1,20130320T005442.862882.Cam6_31.csv,141.39,51.67,16.75
2,20130320T005442.862882.Cam6_31.csv,120.0,48.89,15.09
