,name,c-x,c-y,radius
0,20130320T004801.902120.Cam6_34.csv,50.0,142.94,16.85
1,20130320T004801.902120.Cam6_34.csv,54.71,136.76,16.85
2,20130320T004801.902120.Cam6_34.csv,83.24,159.12,16.85
3,20130320T004801.902120.Cam6_34.csv,114.41,154.12,16.85
4,20130320T004801.902120.Cam6_34.csv,188.24,160.29,16.85
5,20130320T004801.902120.Cam6_34.csv,213.82,138.82,16.85
6,20130320T004801.902120.Cam6_34.csv,246.47,152.06,15.68
7,20130320T004801.902120.Cam6_34.csv,256.76,119.71,13.91
8,20130320T004801.902120.Cam6_34.csv,290.88,113.82,17.73
