,name,c-x,c-y,radius
0,20130320T005507.815767.Cam6_22.csv,128.33,87.5,25.92
1,20130320T005507.815767.Cam6_22.csv,170.56,102.78,24.25
2,20130320T005507.815767.Cam6_22.csv,205.0,186.11,24.25
3,20130320T005507.815767.Cam6_22.csv,35.56,173.61,22.87
4,20130320T005507.815767.Cam6_22.csv,181.39,52.22,25.37
5,20130320T005507.815767.Cam6_22.csv,229.44,51.39,24.53
6,20130320T005507.815767.Cam6_22.csv,268.61,36.67,25.37
