,name,c-x,c-y,radius
0,20130320T004601.137751.Cam6_13.csv,214.23,86.92,15.65
1,20130320T004601.137751.Cam6_13.csv,160.0,84.62,13.73
2,20130320T004601.137751.Cam6_13.csv,200.77,6.92,14.5
3,20130320T004601.137751.Cam6_13.csv,291.15,43.08,16.42
4,20130320T004601.137751.Cam6_13.csv,233.85,185.0,17.19
5,20130320T004601.137751.Cam6_13.csv,194.23,195.77,17.19
