,name,c-x,c-y,radius
0,20130320T005948.773940.Cam6_51.csv,26.94,90.0,22.59
1,20130320T005948.773940.Cam6_51.csv,48.61,51.94,22.59
2,20130320T005948.773940.Cam6_51.csv,73.61,19.17,20.64
3,20130320T005948.773940.Cam6_51.csv,153.61,166.11,20.64
4,20130320T005948.773940.Cam6_51.csv,192.5,176.67,20.64
5,20130320T005948.773940.Cam6_51.csv,186.94,128.06,26.2
6,20130320T005948.773940.Cam6_51.csv,206.94,73.61,26.2
7,20130320T005948.773940.Cam6_51.csv,242.5,55.0,23.14
8,20130320T005948.773940.Cam6_51.csv,306.94,124.17,22.31
