,name,c-x,c-y,radius
0,20130320T012927.857864_33.csv,80.56,164.17,15.09
1,20130320T012927.857864_33.csv,50.0,115.83,15.09
2,20130320T012927.857864_33.csv,97.5,97.5,17.03
3,20130320T012927.857864_33.csv,130.0,111.39,18.14
4,20130320T012927.857864_33.csv,205.83,73.61,16.48
5,20130320T012927.857864_33.csv,258.06,83.33,14.25
6,20130320T012927.857864_33.csv,260.0,66.39,15.37
