,name,c-x,c-y,radius
0,20130320T004846.474546.Cam6_61.csv,106.13,81.29,17.74
1,20130320T004846.474546.Cam6_61.csv,142.58,82.9,17.74
2,20130320T004846.474546.Cam6_61.csv,125.81,41.61,20.0
3,20130320T004846.474546.Cam6_61.csv,157.74,37.42,20.0
4,20130320T004846.474546.Cam6_61.csv,206.45,33.55,19.03
5,20130320T004846.474546.Cam6_61.csv,181.94,162.58,16.45
6,20130320T004846.474546.Cam6_61.csv,71.61,174.84,16.45
7,20130320T004846.474546.Cam6_61.csv,6.45,22.58,17.74
8,20130320T004846.474546.Cam6_61.csv,270.65,163.87,13.55
