,name,c-x,c-y,radius
0,20130320T004911.427445.Cam6_13.csv,290.0,140.32,17.74
1,20130320T004911.427445.Cam6_13.csv,290.65,111.61,17.74
2,20130320T004911.427445.Cam6_13.csv,266.45,168.06,17.74
3,20130320T004911.427445.Cam6_13.csv,260.65,194.52,17.74
4,20130320T004911.427445.Cam6_13.csv,250.32,53.55,17.74
