,name,c-x,c-y,radius
0,20130320T005913.154079.Cam6_42.csv,54.44,168.89,30.09
1,20130320T005913.154079.Cam6_42.csv,85.28,168.33,25.37
2,20130320T005913.154079.Cam6_42.csv,0.0,47.5,24.25
3,20130320T005913.154079.Cam6_42.csv,226.11,138.61,30.37
4,20130320T005913.154079.Cam6_42.csv,306.94,130.83,28.98
