,name,c-x,c-y,radius
0,20130320T005421.148066.Cam6_61.csv,244.17,57.78,13.14
1,20130320T005421.148066.Cam6_61.csv,298.06,29.17,10.37
2,20130320T005421.148066.Cam6_61.csv,133.06,30.56,10.37
