,name,c-x,c-y,radius
0,20130320T005928.963909.Cam6_32.csv,35.83,19.72,25.92
1,20130320T005928.963909.Cam6_32.csv,104.44,163.33,20.92
2,20130320T005928.963909.Cam6_32.csv,135.0,119.72,21.2
3,20130320T005928.963909.Cam6_32.csv,247.78,100.28,22.03
4,20130320T005928.963909.Cam6_32.csv,216.11,4.17,22.03
5,20130320T005928.963909.Cam6_32.csv,225.28,12.78,22.03
