,name,c-x,c-y,radius
0,20130320T005645.912932.Cam6_63.csv,194.72,179.17,16.2
1,20130320T005645.912932.Cam6_63.csv,247.5,144.17,18.42
2,20130320T005645.912932.Cam6_63.csv,260.56,159.44,17.03
