,name,c-x,c-y,radius
0,20130320T005240.384112.Cam6_62.csv,66.45,158.06,18.38
1,20130320T005240.384112.Cam6_62.csv,82.58,181.61,16.77
2,20130320T005240.384112.Cam6_62.csv,111.94,39.35,21.61
3,20130320T005240.384112.Cam6_62.csv,188.06,69.68,20.32
4,20130320T005240.384112.Cam6_62.csv,168.39,167.42,17.42
5,20130320T005240.384112.Cam6_62.csv,219.68,180.0,17.42
6,20130320T005240.384112.Cam6_62.csv,241.94,18.06,17.42
7,20130320T005240.384112.Cam6_62.csv,271.94,8.71,18.38
8,20130320T005240.384112.Cam6_62.csv,280.32,12.26,18.38
