,name,c-x,c-y,radius
0,20130320T005655.817889.Cam6_12.csv,158.33,134.17,21.48
1,20130320T005655.817889.Cam6_12.csv,128.33,117.78,19.53
2,20130320T005655.817889.Cam6_12.csv,170.56,113.33,19.53
3,20130320T005655.817889.Cam6_12.csv,150.28,70.83,21.48
4,20130320T005655.817889.Cam6_12.csv,167.22,64.44,20.09
5,20130320T005655.817889.Cam6_12.csv,131.94,37.22,19.25
