,name,c-x,c-y,radius
0,20130320T004847.807949.Cam6_74.csv,140.32,125.48,16.13
1,20130320T004847.807949.Cam6_74.csv,114.84,122.26,16.13
2,20130320T004847.807949.Cam6_74.csv,19.35,51.29,16.13
3,20130320T004847.807949.Cam6_74.csv,254.52,23.23,14.19
4,20130320T004847.807949.Cam6_74.csv,245.16,2.9,14.19
