,name,c-x,c-y,radius
0,20130320T005048.572326.Cam6_62.csv,63.55,36.13,18.38
1,20130320T005048.572326.Cam6_62.csv,90.97,22.26,16.45
2,20130320T005048.572326.Cam6_62.csv,38.39,15.48,16.45
3,20130320T005048.572326.Cam6_62.csv,55.16,166.45,15.16
4,20130320T005048.572326.Cam6_62.csv,30.65,153.23,15.16
