,name,c-x,c-y,radius
0,20130320T004853.331815.Cam6_63.csv,172.26,103.55,15.16
1,20130320T004853.331815.Cam6_63.csv,226.77,129.03,15.16
2,20130320T004853.331815.Cam6_63.csv,244.19,115.81,15.16
3,20130320T004853.331815.Cam6_63.csv,270.97,133.23,15.16
4,20130320T004853.331815.Cam6_63.csv,42.9,182.26,16.45
5,20130320T004853.331815.Cam6_63.csv,60.32,129.03,14.51
