,name,c-x,c-y,radius
0,20130320T013507.102917_42.csv,265.0,190.56,18.14
1,20130320T013507.102917_42.csv,196.39,122.22,18.14
2,20130320T013507.102917_42.csv,208.33,138.06,17.59
3,20130320T013507.102917_42.csv,238.33,136.39,17.59
4,20130320T013507.102917_42.csv,252.78,139.44,17.59
5,20130320T013507.102917_42.csv,245.28,94.17,21.48
6,20130320T013507.102917_42.csv,235.28,51.67,20.64
7,20130320T013507.102917_42.csv,70.0,168.06,19.81
