,name,c-x,c-y,radius
0,20130320T012933.762855_12.csv,269.44,178.61,19.53
1,20130320T012933.762855_12.csv,124.72,172.22,18.42
2,20130320T012933.762855_12.csv,94.17,165.83,19.53
3,20130320T012933.762855_12.csv,92.22,135.56,18.98
4,20130320T012933.762855_12.csv,136.39,119.72,18.98
5,20130320T012933.762855_12.csv,109.44,65.56,19.53
6,20130320T012933.762855_12.csv,90.83,5.56,19.53
