,name,c-x,c-y,radius
0,20130320T012833.380630_32.csv,241.11,143.33,16.2
1,20130320T012833.380630_32.csv,245.28,175.56,16.2
2,20130320T012833.380630_32.csv,271.67,153.89,18.7
3,20130320T012833.380630_32.csv,282.78,102.22,16.2
4,20130320T012833.380630_32.csv,292.78,73.33,18.98
