,name,c-x,c-y,radius
0,20130320T004854.855723.Cam6_51.csv,274.19,42.58,17.09
1,20130320T004854.855723.Cam6_51.csv,298.71,32.9,17.09
2,20130320T004854.855723.Cam6_51.csv,165.48,161.29,15.16
3,20130320T004854.855723.Cam6_51.csv,240.65,136.45,14.84
4,20130320T004854.855723.Cam6_51.csv,12.58,198.71,14.84
5,20130320T004854.855723.Cam6_51.csv,150.65,101.61,14.84
6,20130320T004854.855723.Cam6_51.csv,64.84,155.48,14.84
7,20130320T004854.855723.Cam6_51.csv,134.19,120.97,14.84
