,name,c-x,c-y,radius
0,20130320T005752.961946.Cam6_22.csv,220.28,132.5,17.31
1,20130320T005752.961946.Cam6_22.csv,247.22,134.72,18.42
2,20130320T005752.961946.Cam6_22.csv,279.72,113.61,20.09
3,20130320T005752.961946.Cam6_22.csv,264.44,81.94,20.09
4,20130320T005752.961946.Cam6_22.csv,224.72,75.28,20.92
5,20130320T005752.961946.Cam6_22.csv,217.78,100.28,20.37
6,20130320T005752.961946.Cam6_22.csv,256.11,47.5,20.37
