,name,c-x,c-y,radius
0,20130320T004418.278486.Cam6_51.csv,119.37,104.69,14.7
1,20130320T004418.278486.Cam6_51.csv,98.44,84.06,14.7
