,name,c-x,c-y,radius
0,20130320T012919.857703_21.csv,195.28,76.67,14.25
1,20130320T012919.857703_21.csv,209.72,76.39,15.64
2,20130320T012919.857703_21.csv,227.78,56.67,13.98
3,20130320T012919.857703_21.csv,247.22,70.56,13.98
4,20130320T012919.857703_21.csv,267.22,116.67,13.98
5,20130320T012919.857703_21.csv,289.72,106.67,15.92
6,20130320T012919.857703_21.csv,289.17,137.78,17.87
7,20130320T012919.857703_21.csv,273.33,179.44,15.92
