,name,c-x,c-y,radius
0,20130320T005239.050709.Cam6_31.csv,294.84,136.13,23.22
1,20130320T005239.050709.Cam6_31.csv,306.45,175.16,22.26
