,name,c-x,c-y,radius
0,20130320T005030.095692.Cam6_44.csv,154.19,88.39,18.06
1,20130320T005030.095692.Cam6_44.csv,234.52,110.65,16.77
2,20130320T005030.095692.Cam6_44.csv,172.26,149.35,16.77
3,20130320T005030.095692.Cam6_44.csv,145.16,141.94,16.77
4,20130320T005030.095692.Cam6_44.csv,298.06,122.58,16.77
5,20130320T005030.095692.Cam6_44.csv,279.68,100.65,16.77
6,20130320T005030.095692.Cam6_44.csv,151.94,2.9,16.77
