,name,c-x,c-y,radius
0,20130320T005634.103189.Cam6_61.csv,77.22,40.83,12.87
1,20130320T005634.103189.Cam6_61.csv,133.61,8.06,12.87
2,20130320T005634.103189.Cam6_61.csv,52.78,25.56,12.87
3,20130320T005634.103189.Cam6_61.csv,68.06,5.56,12.87
