,name,c-x,c-y,radius
0,20130320T004926.475382.Cam6_31.csv,43.55,154.19,18.38
1,20130320T004926.475382.Cam6_31.csv,81.94,79.68,20.0
2,20130320T004926.475382.Cam6_31.csv,121.61,80.97,21.93
3,20130320T004926.475382.Cam6_31.csv,128.71,44.19,20.96
4,20130320T004926.475382.Cam6_31.csv,148.71,9.68,20.96
5,20130320T004926.475382.Cam6_31.csv,299.68,192.9,20.0
