,name,c-x,c-y,radius
0,20130320T005801.343117.Cam6_12.csv,115.83,157.78,18.98
1,20130320T005801.343117.Cam6_12.csv,163.61,4.72,20.37
2,20130320T005801.343117.Cam6_12.csv,236.67,74.72,26.2
