,name,c-x,c-y,radius
0,20130320T004710.853432.Cam6_73.csv,215.17,61.72,16.16
1,20130320T004710.853432.Cam6_73.csv,240.34,49.31,13.06
2,20130320T004710.853432.Cam6_73.csv,208.28,35.17,13.06
