,name,c-x,c-y,radius
0,20130320T005647.817722.Cam6_61.csv,291.94,173.61,17.87
1,20130320T005647.817722.Cam6_61.csv,62.5,26.39,16.48
