,name,c-x,c-y,radius
0,20130320T013310.529168_22.csv,189.44,155.56,15.64
1,20130320T013310.529168_22.csv,180.83,160.0,15.64
2,20130320T013310.529168_22.csv,264.44,45.28,16.48
3,20130320T013310.529168_22.csv,277.5,23.06,16.48
4,20130320T013310.529168_22.csv,91.39,24.44,16.48
5,20130320T013310.529168_22.csv,68.06,8.89,15.92
6,20130320T013310.529168_22.csv,64.17,16.67,15.92
