,name,c-x,c-y,radius
0,20130320T013611.866233_34.csv,81.94,38.33,18.42
1,20130320T013611.866233_34.csv,232.22,25.83,18.42
