,name,c-x,c-y,radius
0,20130320T005548.578494.Cam6_33.csv,150.83,65.56,23.98
1,20130320T005548.578494.Cam6_33.csv,189.72,54.72,20.37
2,20130320T005548.578494.Cam6_33.csv,190.0,17.22,18.98
3,20130320T005548.578494.Cam6_33.csv,156.67,13.06,21.2
4,20130320T005548.578494.Cam6_33.csv,116.67,28.33,18.7
