,name,c-x,c-y,radius
0,20130320T012852.047636_44.csv,55.56,83.89,14.53
1,20130320T012852.047636_44.csv,44.72,81.67,14.53
2,20130320T012852.047636_44.csv,142.78,99.72,13.42
3,20130320T012852.047636_44.csv,146.94,125.83,11.75
4,20130320T012852.047636_44.csv,162.78,109.17,12.59
5,20130320T012852.047636_44.csv,196.11,149.72,14.53
6,20130320T012852.047636_44.csv,222.22,166.11,13.7
7,20130320T012852.047636_44.csv,295.56,62.78,13.7
8,20130320T012852.047636_44.csv,262.5,121.94,12.87
