,name,c-x,c-y,radius
0,20130320T005737.914012.Cam6_52.csv,184.44,136.94,23.98
1,20130320T005737.914012.Cam6_52.csv,214.44,168.33,30.09
