,name,c-x,c-y,radius
0,20130320T005732.580652.Cam6_52.csv,44.44,175.28,16.75
1,20130320T005732.580652.Cam6_52.csv,25.83,49.17,17.87
2,20130320T005732.580652.Cam6_52.csv,80.28,145.56,22.03
3,20130320T005732.580652.Cam6_52.csv,113.89,148.61,17.87
4,20130320T005732.580652.Cam6_52.csv,171.11,147.5,17.03
