,name,c-x,c-y,radius
0,20130320T004751.806786.Cam6_13.csv,260.38,43.46,15.27
1,20130320T004751.806786.Cam6_13.csv,281.15,18.08,15.27
2,20130320T004751.806786.Cam6_13.csv,261.15,168.08,13.34
