,name,c-x,c-y,radius
0,20130320T012946.524989_21.csv,108.89,138.06,21.75
1,20130320T012946.524989_21.csv,135.56,145.28,23.98
2,20130320T012946.524989_21.csv,170.28,135.28,23.98
3,20130320T012946.524989_21.csv,234.17,113.61,23.98
4,20130320T012946.524989_21.csv,125.0,54.44,23.98
5,20130320T012946.524989_21.csv,126.67,81.11,23.98
