,name,c-x,c-y,radius
0,20130320T012857.571624_33.csv,175.56,153.61,17.31
1,20130320T012857.571624_33.csv,169.44,119.72,18.98
2,20130320T012857.571624_33.csv,81.11,71.39,16.2
