,name,c-x,c-y,radius
0,20130320T013217.956608_31.csv,182.5,87.78,27.87
1,20130320T013217.956608_31.csv,229.44,99.72,26.48
