,name,c-x,c-y,radius
0,20130320T013511.293499_22.csv,68.33,68.89,17.59
1,20130320T013511.293499_22.csv,99.44,47.22,18.7
2,20130320T013511.293499_22.csv,65.83,34.17,18.7
3,20130320T013511.293499_22.csv,134.17,33.33,18.7
4,20130320T013511.293499_22.csv,159.72,52.5,19.25
5,20130320T013511.293499_22.csv,178.06,53.06,21.75
6,20130320T013511.293499_22.csv,265.56,76.67,19.25
7,20130320T013511.293499_22.csv,300.56,67.22,19.25
