,name,c-x,c-y,radius
0,20130320T005553.530973.Cam6_13.csv,63.61,176.39,24.81
1,20130320T005553.530973.Cam6_13.csv,79.17,154.44,23.42
2,20130320T005553.530973.Cam6_13.csv,30.0,96.11,23.42
3,20130320T005553.530973.Cam6_13.csv,64.44,99.44,28.98
4,20130320T005553.530973.Cam6_13.csv,114.17,80.83,27.59
5,20130320T005553.530973.Cam6_13.csv,78.06,44.44,27.59
