,name,c-x,c-y,radius
0,20130320T012930.334163_22.csv,154.72,175.56,17.87
1,20130320T012930.334163_22.csv,115.28,185.0,20.37
2,20130320T012930.334163_22.csv,139.17,141.11,18.7
3,20130320T012930.334163_22.csv,125.83,101.11,18.7
4,20130320T012930.334163_22.csv,150.0,55.56,20.37
5,20130320T012930.334163_22.csv,151.67,8.06,19.25
6,20130320T012930.334163_22.csv,185.83,1.39,18.7
7,20130320T012930.334163_22.csv,258.89,0.0,18.7
8,20130320T012930.334163_22.csv,191.39,92.5,18.14
