,name,c-x,c-y,radius
0,20130320T004541.899219.Cam6_31.csv,260.54,182.16,19.61
1,20130320T004541.899219.Cam6_31.csv,280.54,162.97,16.1
