,name,c-x,c-y,radius
0,20130320T005826.867388.Cam6_22.csv,148.61,158.89,22.03
1,20130320T005826.867388.Cam6_22.csv,120.56,190.0,23.14
