,name,c-x,c-y,radius
0,20130320T013319.672227_22.csv,198.61,191.39,19.81
1,20130320T013319.672227_22.csv,268.89,171.39,17.03
2,20130320T013319.672227_22.csv,210.0,161.67,19.81
3,20130320T013319.672227_22.csv,178.61,96.11,18.98
4,20130320T013319.672227_22.csv,156.39,61.94,17.87
5,20130320T013319.672227_22.csv,126.94,33.33,16.75
6,20130320T013319.672227_22.csv,242.5,17.5,16.75
7,20130320T013319.672227_22.csv,217.78,24.44,16.75
8,20130320T013319.672227_22.csv,183.06,44.17,16.75
