,name,c-x,c-y,radius
0,20130320T005908.011100.Cam6_23.csv,135.28,154.44,20.64
1,20130320T005908.011100.Cam6_23.csv,78.06,125.83,23.7
2,20130320T005908.011100.Cam6_23.csv,71.94,64.17,22.31
3,20130320T005908.011100.Cam6_23.csv,93.06,33.06,20.09
4,20130320T005908.011100.Cam6_23.csv,133.89,26.39,22.03
5,20130320T005908.011100.Cam6_23.csv,274.17,30.83,21.48
