,name,c-x,c-y,radius
0,20130320T005656.770409.Cam6_14.csv,107.22,180.83,18.98
1,20130320T005656.770409.Cam6_14.csv,124.72,142.78,20.37
2,20130320T005656.770409.Cam6_14.csv,79.72,142.78,19.81
3,20130320T005656.770409.Cam6_14.csv,93.89,118.33,19.25
4,20130320T005656.770409.Cam6_14.csv,69.17,64.17,19.25
5,20130320T005656.770409.Cam6_14.csv,89.17,37.5,18.98
6,20130320T005656.770409.Cam6_14.csv,111.39,73.33,18.98
