,name,c-x,c-y,radius
0,20130320T004413.135503.Cam6_63.csv,95.62,94.37,14.39
1,20130320T004413.135503.Cam6_63.csv,63.75,91.56,13.14
