,name,c-x,c-y,radius
0,20130320T013323.291300_51.csv,126.94,126.11,15.92
1,20130320T013323.291300_51.csv,129.44,137.22,15.92
2,20130320T013323.291300_51.csv,200.0,44.17,15.09
3,20130320T013323.291300_51.csv,190.83,21.94,15.09
4,20130320T013323.291300_51.csv,291.11,83.61,15.09
