,name,c-x,c-y,radius
0,20130320T013312.052947_23.csv,251.39,163.61,14.53
1,20130320T013312.052947_23.csv,224.72,125.0,14.53
2,20130320T013312.052947_23.csv,258.06,119.72,14.53
3,20130320T013312.052947_23.csv,235.28,101.11,15.09
4,20130320T013312.052947_23.csv,253.89,84.17,14.81
5,20130320T013312.052947_23.csv,256.11,55.56,15.92
6,20130320T013312.052947_23.csv,224.72,46.39,15.92
