,name,c-x,c-y,radius
0,20130320T004618.280974.Cam6_61.csv,211.38,90.34,10.64
1,20130320T004618.280974.Cam6_61.csv,206.9,105.86,10.64
2,20130320T004618.280974.Cam6_61.csv,229.31,103.1,10.64
3,20130320T004618.280974.Cam6_61.csv,230.69,127.24,10.64
