,name,c-x,c-y,radius
0,20130320T013025.763937_42.csv,78.61,174.44,21.48
1,20130320T013025.763937_42.csv,132.5,186.67,23.14
