,name,c-x,c-y,radius
0,20130320T005551.626183.Cam6_33.csv,200.0,185.28,28.98
1,20130320T005551.626183.Cam6_33.csv,240.56,155.83,27.31
2,20130320T005551.626183.Cam6_33.csv,190.0,137.78,27.31
3,20130320T005551.626183.Cam6_33.csv,58.06,20.83,17.03
4,20130320T005551.626183.Cam6_33.csv,0.0,132.22,21.2
