,name,c-x,c-y,radius
0,20130320T004900.570092.Cam6_21.csv,140.0,176.13,24.51
1,20130320T004900.570092.Cam6_21.csv,188.39,170.97,23.22
2,20130320T004900.570092.Cam6_21.csv,104.19,151.61,21.93
3,20130320T004900.570092.Cam6_21.csv,28.39,161.29,21.93
4,20130320T004900.570092.Cam6_21.csv,232.58,87.42,23.55
5,20130320T004900.570092.Cam6_21.csv,244.19,127.1,22.26
6,20130320T004900.570092.Cam6_21.csv,246.77,168.06,24.19
7,20130320T004900.570092.Cam6_21.csv,3.87,196.77,18.06
