,name,c-x,c-y,radius
0,20130320T005551.245175.Cam6_71.csv,299.17,60.0,18.42
1,20130320T005551.245175.Cam6_71.csv,245.83,24.72,17.87
