,name,c-x,c-y,radius
0,20130320T012902.904983_44.csv,286.94,117.22,15.09
1,20130320T012902.904983_44.csv,305.83,129.17,15.09
2,20130320T012902.904983_44.csv,268.61,126.39,15.09
3,20130320T012902.904983_44.csv,245.0,180.83,15.09
4,20130320T012902.904983_44.csv,228.61,130.28,14.53
5,20130320T012902.904983_44.csv,162.5,124.72,16.48
6,20130320T012902.904983_44.csv,114.72,106.11,15.92
7,20130320T012902.904983_44.csv,9.17,96.39,15.92
8,20130320T012902.904983_44.csv,26.11,147.5,15.37
