,name,c-x,c-y,radius
0,20130320T004616.757192.Cam6_41.csv,191.54,158.85,13.73
1,20130320T004616.757192.Cam6_41.csv,179.23,134.62,13.73
