,name,c-x,c-y,radius
0,20130320T004607.995015.Cam6_24.csv,72.69,123.46,18.73
1,20130320T004607.995015.Cam6_24.csv,147.69,97.69,17.57
