,name,c-x,c-y,radius
0,20130320T004620.376266.Cam6_41.csv,167.59,114.83,12.02
1,20130320T004620.376266.Cam6_41.csv,77.59,174.48,12.02
2,20130320T004620.376266.Cam6_41.csv,123.45,176.21,11.33
3,20130320T004620.376266.Cam6_41.csv,265.52,170.34,10.64
4,20130320T004620.376266.Cam6_41.csv,288.28,184.14,10.64
5,20130320T004620.376266.Cam6_41.csv,252.07,172.41,10.64
6,20130320T004620.376266.Cam6_41.csv,304.83,162.76,10.64
7,20130320T004620.376266.Cam6_41.csv,259.66,142.76,9.61
8,20130320T004620.376266.Cam6_41.csv,60.0,102.41,13.06
