,name,c-x,c-y,radius
0,20130320T005434.672219.Cam6_61.csv,53.89,93.33,12.87
1,20130320T005434.672219.Cam6_61.csv,33.06,61.11,12.87
