,name,c-x,c-y,radius
0,20130320T005132.954108.Cam6_31.csv,24.52,125.16,23.55
1,20130320T005132.954108.Cam6_31.csv,61.61,127.42,23.55
2,20130320T005132.954108.Cam6_31.csv,212.9,120.32,22.58
