,name,c-x,c-y,radius
0,20130320T005136.573304.Cam6_24.csv,74.19,77.74,21.93
1,20130320T005136.573304.Cam6_24.csv,41.94,104.19,20.64
2,20130320T005136.573304.Cam6_24.csv,82.9,120.32,21.61
3,20130320T005136.573304.Cam6_24.csv,233.55,94.84,19.03
