,name,c-x,c-y,radius
0,20130320T004407.040126.Cam6_63.csv,210.31,13.75,8.76
1,20130320T004407.040126.Cam6_63.csv,206.25,120.62,8.14
