,name,c-x,c-y,radius
0,20130320T013228.814078_41.csv,99.17,14.72,14.53
1,20130320T013228.814078_41.csv,225.56,135.56,15.09
2,20130320T013228.814078_41.csv,301.67,150.0,15.09
