,name,c-x,c-y,radius
0,20130320T013610.532832_42.csv,238.33,144.44,19.81
1,20130320T013610.532832_42.csv,189.72,150.28,19.81
2,20130320T013610.532832_42.csv,143.33,118.33,19.25
3,20130320T013610.532832_42.csv,63.33,67.5,25.37
