,name,c-x,c-y,radius
0,20130320T013430.340287_53.csv,250.0,139.72,29.53
1,20130320T013430.340287_53.csv,195.83,149.44,29.53
