,name,c-x,c-y,radius
0,20130320T005805.533702.Cam6_13.csv,68.33,67.5,19.53
1,20130320T005805.533702.Cam6_13.csv,71.94,102.78,23.7
2,20130320T005805.533702.Cam6_13.csv,101.94,69.44,26.48
3,20130320T005805.533702.Cam6_13.csv,128.89,108.89,25.09
4,20130320T005805.533702.Cam6_13.csv,263.06,111.11,25.09
5,20130320T005805.533702.Cam6_13.csv,253.89,65.56,23.98
