,name,c-x,c-y,radius
0,20130320T004528.565680.Cam6_54.csv,52.16,116.76,8.8
1,20130320T004528.565680.Cam6_54.csv,43.24,102.97,8.8
2,20130320T004528.565680.Cam6_54.csv,32.97,82.43,8.8
3,20130320T004528.565680.Cam6_54.csv,57.3,160.81,10.69
