,name,c-x,c-y,radius
0,20130320T013529.008109_21.csv,301.39,116.11,20.92
1,20130320T013529.008109_21.csv,286.67,107.22,18.42
2,20130320T013529.008109_21.csv,123.89,98.89,17.59
3,20130320T013529.008109_21.csv,103.33,94.44,17.59
4,20130320T013529.008109_21.csv,5.56,81.67,19.53
