,name,c-x,c-y,radius
0,20130320T005954.678807.Cam6_42.csv,43.89,113.33,25.92
1,20130320T005954.678807.Cam6_42.csv,125.83,141.39,27.59
2,20130320T005954.678807.Cam6_42.csv,196.94,28.06,27.59
3,20130320T005954.678807.Cam6_42.csv,250.83,30.83,26.75
4,20130320T005954.678807.Cam6_42.csv,301.94,48.06,26.2
5,20130320T005954.678807.Cam6_42.csv,289.44,2.5,26.2
