,name,c-x,c-y,radius
0,20130320T005441.910362.Cam6_34.csv,176.94,156.94,20.37
1,20130320T005441.910362.Cam6_34.csv,88.61,70.28,17.31
