,name,c-x,c-y,radius
0,20130320T005823.057811.Cam6_41.csv,104.72,4.72,20.09
1,20130320T005823.057811.Cam6_41.csv,120.28,81.11,18.42
2,20130320T005823.057811.Cam6_41.csv,169.72,93.61,18.42
3,20130320T005823.057811.Cam6_41.csv,178.89,80.56,20.92
4,20130320T005823.057811.Cam6_41.csv,260.56,113.61,25.37
5,20130320T005823.057811.Cam6_41.csv,298.33,53.33,22.87
