,name,c-x,c-y,radius
0,20130320T012908.047960_32.csv,108.89,127.22,21.75
1,20130320T012908.047960_32.csv,114.72,113.61,21.75
2,20130320T012908.047960_32.csv,130.28,145.56,19.25
3,20130320T012908.047960_32.csv,142.78,198.33,19.25
4,20130320T012908.047960_32.csv,257.22,165.0,17.59
