,name,c-x,c-y,radius
0,20130320T004415.802310.Cam6_21.csv,188.44,199.06,18.14
1,20130320T004415.802310.Cam6_21.csv,122.81,11.87,15.95
