,name,c-x,c-y,radius
0,20130320T013518.531770_42.csv,116.94,123.33,15.64
1,20130320T013518.531770_42.csv,142.5,147.5,19.25
2,20130320T013518.531770_42.csv,226.11,150.0,18.14
3,20130320T013518.531770_42.csv,261.94,171.67,17.59
4,20130320T013518.531770_42.csv,305.56,140.28,17.59
