,name,c-x,c-y,radius
0,20130320T004728.568185.Cam6_51.csv,13.08,112.69,14.5
1,20130320T004728.568185.Cam6_51.csv,57.69,156.15,14.5
2,20130320T004728.568185.Cam6_51.csv,153.08,80.77,14.5
3,20130320T004728.568185.Cam6_51.csv,178.46,62.69,14.5
4,20130320T004728.568185.Cam6_51.csv,187.31,151.92,14.5
5,20130320T004728.568185.Cam6_51.csv,200.38,143.46,14.5
6,20130320T004728.568185.Cam6_51.csv,247.69,150.38,12.96
7,20130320T004728.568185.Cam6_51.csv,244.62,122.31,12.96
8,20130320T004728.568185.Cam6_51.csv,6.92,83.08,12.96
