,name,c-x,c-y,radius
0,20130320T004758.092540.Cam6_31.csv,40.77,96.54,26.42
1,20130320T004758.092540.Cam6_31.csv,61.15,105.38,22.57
2,20130320T004758.092540.Cam6_31.csv,71.54,158.85,15.65
3,20130320T004758.092540.Cam6_31.csv,170.38,67.69,17.19
4,20130320T004758.092540.Cam6_31.csv,199.23,48.85,18.34
5,20130320T004758.092540.Cam6_31.csv,260.77,61.92,16.42
6,20130320T004758.092540.Cam6_31.csv,280.0,38.46,18.34
7,20130320T004758.092540.Cam6_31.csv,157.69,177.69,18.34
8,20130320T004758.092540.Cam6_31.csv,111.15,196.54,19.11
