,name,c-x,c-y,radius
0,20130320T013143.098770_13.csv,177.78,188.06,17.03
1,20130320T013143.098770_13.csv,125.83,103.33,16.2
2,20130320T013143.098770_13.csv,235.28,67.5,15.09
3,20130320T013143.098770_13.csv,261.11,65.56,14.25
4,20130320T013143.098770_13.csv,73.61,75.0,14.25
5,20130320T013143.098770_13.csv,62.78,50.28,15.09
6,20130320T013143.098770_13.csv,38.61,71.94,16.48
7,20130320T013143.098770_13.csv,23.61,93.06,15.64
8,20130320T013143.098770_13.csv,7.22,66.94,13.7
