,name,c-x,c-y,radius
0,20130320T005816.391049.Cam6_51.csv,22.22,59.17,20.09
1,20130320T005816.391049.Cam6_51.csv,106.67,68.33,20.09
2,20130320T005816.391049.Cam6_51.csv,175.56,50.56,21.48
