,name,c-x,c-y,radius
0,20130320T005225.145669.Cam6_72.csv,118.06,121.29,12.9
1,20130320T005225.145669.Cam6_72.csv,166.77,117.1,12.9
2,20130320T005225.145669.Cam6_72.csv,115.48,83.23,11.61
3,20130320T005225.145669.Cam6_72.csv,33.87,95.16,11.61
4,20130320T005225.145669.Cam6_72.csv,220.97,12.58,11.61
