,name,c-x,c-y,radius
0,20130320T004908.951143.Cam6_23.csv,0.32,148.06,21.93
1,20130320T004908.951143.Cam6_23.csv,17.1,107.1,19.35
2,20130320T004908.951143.Cam6_23.csv,41.29,122.9,19.35
3,20130320T004908.951143.Cam6_23.csv,59.68,41.29,19.67
4,20130320T004908.951143.Cam6_23.csv,85.16,50.32,19.67
5,20130320T004908.951143.Cam6_23.csv,56.77,62.9,19.67
6,20130320T004908.951143.Cam6_23.csv,17.42,59.68,15.8
7,20130320T004908.951143.Cam6_23.csv,159.03,183.23,20.64
8,20130320T004908.951143.Cam6_23.csv,196.13,186.77,20.64
