,name,c-x,c-y,radius
0,20130320T005904.582533.Cam6_32_aug_3.csv,50.22000000000003,105.83,27.87
1,20130320T005904.582533.Cam6_32_aug_3.csv,171.89,86.94,27.03
2,20130320T005904.582533.Cam6_32_aug_3.csv,219.11,8.33,29.25
3,20130320T005904.582533.Cam6_32_aug_3.csv,168.56,14.72,23.42
