,name,c-x,c-y,radius
0,20130320T012842.142686_32_aug_4.csv,28.829999999999984,153.06,15.92
1,20130320T012842.142686_32_aug_4.csv,47.72000000000003,99.17,16.75
2,20130320T012842.142686_32_aug_4.csv,70.5,95.28,16.75
3,20130320T012842.142686_32_aug_4.csv,95.22,91.94,15.09
4,20130320T012842.142686_32_aug_4.csv,126.61000000000001,80.0,17.31
5,20130320T012842.142686_32_aug_4.csv,99.94,67.78,16.48
6,20130320T012842.142686_32_aug_4.csv,74.94,70.83,15.64
7,20130320T012842.142686_32_aug_4.csv,13.560000000000002,50.0,18.7
