,name,c-x,c-y,radius
0,20130320T004425.516756.Cam6_43_aug_5.csv,114.59619140625,163.7843475341797,11.89
1,20130320T004425.516756.Cam6_43_aug_5.csv,133.65618896484375,165.35435485839844,11.26
