,name,c-x,c-y,radius
0,20130320T012946.524989_21_aug_1.csv,102.64826965332031,137.0864715576172,21.75
1,20130320T012946.524989_21_aug_1.csv,129.31826782226562,144.3064727783203,23.98
2,20130320T012946.524989_21_aug_1.csv,164.03826904296875,134.3064727783203,23.98
3,20130320T012946.524989_21_aug_1.csv,227.9282684326172,112.636474609375,23.98
4,20130320T012946.524989_21_aug_1.csv,118.75827026367188,53.46647262573242,23.98
5,20130320T012946.524989_21_aug_1.csv,120.42826843261719,80.136474609375,23.98
