,name,c-x,c-y,radius
0,20130320T004924.761097.Cam6_73_aug_7.csv,121.94,117.74,12.58
1,20130320T004924.761097.Cam6_73_aug_7.csv,171.29,104.84,11.29
2,20130320T004924.761097.Cam6_73_aug_7.csv,180.65,81.29,12.58
3,20130320T004924.761097.Cam6_73_aug_7.csv,158.71,2.9,12.58
