,name,c-x,c-y,radius
0,20130320T013701.772015_23_aug_0.csv,62.143802642822266,72.09574127197266,19.25
1,20130320T013701.772015_23_aug_0.csv,30.203800201416016,34.045738220214844,17.31
