,name,c-x,c-y,radius
0,20130320T005410.481227.Cam6_62_aug_1.csv,145.16,55.81,18.71
1,20130320T005410.481227.Cam6_62_aug_1.csv,205.48,23.87,16.45
