,name,c-x,c-y,radius
0,20130320T005326.289805.Cam6_63_aug_2.csv,115.81,83.87,16.45
1,20130320T005326.289805.Cam6_63_aug_2.csv,143.23,92.58,16.45
2,20130320T005326.289805.Cam6_63_aug_2.csv,106.77,21.94,16.45
