,name,c-x,c-y,radius
0,20130320T013717.200819_33_aug_2.csv,219.5585708618164,144.5599822998047,18.42
1,20130320T013717.200819_33_aug_2.csv,198.44857025146484,114.27997589111328,18.98
2,20130320T013717.200819_33_aug_2.csv,257.0585708618164,114.00997161865234,18.98
