,name,c-x,c-y,radius
0,20130320T004354.849492.Cam6_52_aug_4.csv,29.879999999999995,48.12,11.89
