,name,c-x,c-y,radius
0,20130320T005800.581226.Cam6_54_aug_6.csv,173.2434844970703,147.55230712890625,21.48
1,20130320T005800.581226.Cam6_54_aug_6.csv,67.6934814453125,178.10231018066406,18.7
2,20130320T005800.581226.Cam6_54_aug_6.csv,231.30347442626953,42.82231140136719,15.64
3,20130320T005800.581226.Cam6_54_aug_6.csv,211.5834732055664,57.82231140136719,18.14
4,20130320T005800.581226.Cam6_54_aug_6.csv,132.6934814453125,63.10231399536133,18.7
5,20130320T005800.581226.Cam6_54_aug_6.csv,99.08348083496094,73.10231018066406,19.25
6,20130320T005800.581226.Cam6_54_aug_6.csv,73.80348205566406,78.94230651855469,19.25
7,20130320T005800.581226.Cam6_54_aug_6.csv,170.47348022460938,127.27230834960938,15.37
