,name,c-x,c-y,radius
0,20130320T004756.568760.Cam6_41_aug_7.csv,220.77,98.08,19.5
1,20130320T004756.568760.Cam6_41_aug_7.csv,177.69,104.23,19.5
2,20130320T004756.568760.Cam6_41_aug_7.csv,162.69,130.77,19.5
3,20130320T004756.568760.Cam6_41_aug_7.csv,201.54,160.77,17.19
4,20130320T004756.568760.Cam6_41_aug_7.csv,217.31,68.46,17.19
5,20130320T004756.568760.Cam6_41_aug_7.csv,242.69,31.15,19.5
6,20130320T004756.568760.Cam6_41_aug_7.csv,214.23,17.69,17.19
