,name,c-x,c-y,radius
0,20130320T005822.486424.Cam6_43_aug_6.csv,66.19717407226562,125.13011169433594,26.2
1,20130320T005822.486424.Cam6_43_aug_6.csv,96.19717407226562,95.69010925292969,32.59
