,name,c-x,c-y,radius
0,20130320T013312.433956_22_aug_6.csv,160.97531127929688,150.3088836669922,15.37
1,20130320T013312.433956_22_aug_6.csv,134.0253143310547,138.6488800048828,15.92
2,20130320T013312.433956_22_aug_6.csv,158.47531127929688,126.97888946533203,15.92
3,20130320T013312.433956_22_aug_6.csv,177.91531372070312,101.69889068603516,16.48
4,20130320T013312.433956_22_aug_6.csv,148.75531005859375,93.64888763427734,16.48
5,20130320T013312.433956_22_aug_6.csv,117.91531372070312,83.0888900756836,16.48
6,20130320T013312.433956_22_aug_6.csv,195.6953125,62.53888702392578,15.92
