,name,c-x,c-y,radius
0,20130320T004910.284546.Cam6_21_aug_1.csv,169.8917236328125,151.89743041992188,18.71
1,20130320T004910.284546.Cam6_21_aug_1.csv,200.5417251586914,126.73741912841797,18.71
