,name,c-x,c-y,radius
0,20130320T004708.948641.Cam6_62_aug_0.csv,40.75999999999999,28.97,16.51
1,20130320T004708.948641.Cam6_62_aug_0.csv,68.0,31.72,17.2
2,20130320T004708.948641.Cam6_62_aug_0.csv,23.170000000000016,51.38,18.58
3,20130320T004708.948641.Cam6_62_aug_0.csv,56.97,70.0,16.51
4,20130320T004708.948641.Cam6_62_aug_0.csv,70.41,86.9,17.54
5,20130320T004708.948641.Cam6_62_aug_0.csv,125.93,189.66,16.85
