,name,c-x,c-y,radius
0,20130320T005912.201684.Cam6_63_aug_2.csv,148.8953857421875,61.98057556152344,22.59
