,name,c-x,c-y,radius
0,20130320T004900.570092.Cam6_21_aug_1.csv,168.0,176.13,24.51
1,20130320T004900.570092.Cam6_21_aug_1.csv,119.61000000000001,170.97,23.22
2,20130320T004900.570092.Cam6_21_aug_1.csv,203.81,151.61,21.93
3,20130320T004900.570092.Cam6_21_aug_1.csv,279.61,161.29,21.93
4,20130320T004900.570092.Cam6_21_aug_1.csv,75.41999999999999,87.42,23.55
5,20130320T004900.570092.Cam6_21_aug_1.csv,63.81,127.1,22.26
6,20130320T004900.570092.Cam6_21_aug_1.csv,61.22999999999999,168.06,24.19
7,20130320T004900.570092.Cam6_21_aug_1.csv,304.13,196.77,18.06
