,name,c-x,c-y,radius
0,20130320T005546.673706.Cam6_72_aug_4.csv,95.49266815185547,168.27931213378906,16.48
1,20130320T005546.673706.Cam6_72_aug_4.csv,112.44266510009766,164.6693115234375,18.7
