,name,c-x,c-y,radius
0,20130320T005505.910854.Cam6_13_aug_2.csv,116.61000000000001,176.39,21.2
1,20130320T005505.910854.Cam6_13_aug_2.csv,33.56,184.44,22.03
2,20130320T005505.910854.Cam6_13_aug_2.csv,38.56,55.0,18.98
3,20130320T005505.910854.Cam6_13_aug_2.csv,3.829999999999984,50.28,18.98
