,name,c-x,c-y,radius
0,20130320T005457.148800.Cam6_14_aug_6.csv,230.34019470214844,120.113525390625,27.03
1,20130320T005457.148800.Cam6_14_aug_6.csv,280.0601806640625,108.16352844238281,27.03
