,name,c-x,c-y,radius
0,20130320T004616.757192.Cam6_41_aug_2.csv,103.1885986328125,162.46543884277344,13.73
1,20130320T004616.757192.Cam6_41_aug_2.csv,115.49860382080078,138.2354278564453,13.73
