,name,c-x,c-y,radius
0,20130320T004527.041772.Cam6_52_aug_5.csv,171.75,43.12,9.08
1,20130320T004527.041772.Cam6_52_aug_5.csv,163.0,13.75,9.08
2,20130320T004527.041772.Cam6_52_aug_5.csv,177.38,17.81,9.08
3,20130320T004527.041772.Cam6_52_aug_5.csv,74.25,130.94,12.51
