,name,c-x,c-y,radius
0,20130320T005810.676682.Cam6_54_aug_3.csv,114.24348449707031,43.153438568115234,19.81
1,20130320T005810.676682.Cam6_54_aug_3.csv,40.913482666015625,165.6534423828125,16.75
2,20130320T005810.676682.Cam6_54_aug_3.csv,142.8634796142578,159.26344299316406,15.37
3,20130320T005810.676682.Cam6_54_aug_3.csv,74.52348327636719,42.593441009521484,15.37
