,name,c-x,c-y,radius
0,20130320T010000.964560.Cam6_42_aug_3.csv,237.14302825927734,87.40577697753906,20.64
1,20130320T010000.964560.Cam6_42_aug_3.csv,191.30303192138672,141.8457794189453,22.31
2,20130320T010000.964560.Cam6_42_aug_3.csv,149.91302490234375,129.3457794189453,22.31
3,20130320T010000.964560.Cam6_42_aug_3.csv,68.80303955078125,152.9657745361328,20.09
4,20130320T010000.964560.Cam6_42_aug_3.csv,37.9730224609375,140.18577575683594,23.98
