,name,c-x,c-y,radius
0,20130320T013611.294721_23_aug_6.csv,83.56,190.0,20.09
1,20130320T013611.294721_23_aug_6.csv,41.329999999999984,33.61,20.09
2,20130320T013611.294721_23_aug_6.csv,76.88999999999999,11.11,20.09
