,name,c-x,c-y,radius
0,20130320T005913.535087.Cam6_62_aug_4.csv,273.3345642089844,106.848876953125,18.98
1,20130320T005913.535087.Cam6_62_aug_4.csv,244.72454833984375,107.68887329101562,19.81
2,20130320T005913.535087.Cam6_62_aug_4.csv,239.16455078125,60.45887756347656,20.37
3,20130320T005913.535087.Cam6_62_aug_4.csv,150.55455017089844,87.40887451171875,21.75
