,name,c-x,c-y,radius
0,20130320T005440.957969.Cam6_62_aug_2.csv,293.56,119.44,16.48
1,20130320T005440.957969.Cam6_62_aug_2.csv,251.06,122.78,13.98
2,20130320T005440.957969.Cam6_62_aug_2.csv,221.61,136.67,13.14
3,20130320T005440.957969.Cam6_62_aug_2.csv,144.39,174.72,13.14
4,20130320T005440.957969.Cam6_62_aug_2.csv,58.28,158.89,16.75
