,name,c-x,c-y,radius
0,20130320T004710.853432.Cam6_73_aug_1.csv,119.86251068115234,61.13412857055664,16.16
1,20130320T004710.853432.Cam6_73_aug_1.csv,94.69251251220703,48.72412872314453,13.06
2,20130320T004710.853432.Cam6_73_aug_1.csv,126.75251007080078,34.58412551879883,13.06
