,name,c-x,c-y,radius
0,20130320T005040.000648.Cam6_23_aug_5.csv,134.53271484375,141.37417602539062,18.06
1,20130320T005040.000648.Cam6_23_aug_5.csv,120.01271057128906,114.27416229248047,18.06
2,20130320T005040.000648.Cam6_23_aug_5.csv,105.18270874023438,144.59417724609375,18.06
3,20130320T005040.000648.Cam6_23_aug_5.csv,109.05271911621094,74.59416198730469,19.67
4,20130320T005040.000648.Cam6_23_aug_5.csv,138.72271728515625,55.894168853759766,19.67
5,20130320T005040.000648.Cam6_23_aug_5.csv,94.85270690917969,105.8941650390625,15.8
