,name,c-x,c-y,radius
0,20130320T005106.286943.Cam6_32_aug_1.csv,92.52555847167969,68.82743072509766,16.45
