,name,c-x,c-y,radius
0,20130320T005754.866735.Cam6_22_aug_5.csv,89.4897689819336,59.791805267333984,20.92
1,20130320T005754.866735.Cam6_22_aug_5.csv,45.039772033691406,30.071805953979492,20.92
2,20130320T005754.866735.Cam6_22_aug_5.csv,37.539772033691406,68.12181091308594,20.92
