,name,c-x,c-y,radius
0,20130320T005734.485442.Cam6_42_aug_1.csv,154.39,155.28,23.42
1,20130320T005734.485442.Cam6_42_aug_1.csv,125.5,178.33,18.14
2,20130320T005734.485442.Cam6_42_aug_1.csv,2.4399999999999977,126.67,18.7
