,name,c-x,c-y,radius
0,20130320T004410.659327.Cam6_21_aug_3.csv,258.916015625,168.4265899658203,20.01
