,name,c-x,c-y,radius
0,20130320T005037.333969.Cam6_53_aug_0.csv,210.22982788085938,122.44231414794922,16.45
1,20130320T005037.333969.Cam6_53_aug_0.csv,238.29983520507812,116.63231658935547,16.45
2,20130320T005037.333969.Cam6_53_aug_0.csv,267.00982666015625,88.89231872558594,16.45
3,20130320T005037.333969.Cam6_53_aug_0.csv,271.8498229980469,104.37232208251953,16.45
4,20130320T005037.333969.Cam6_53_aug_0.csv,278.9398193359375,66.63231658935547,15.48
5,20130320T005037.333969.Cam6_53_aug_0.csv,221.84982299804688,93.08232116699219,15.48
6,20130320T005037.333969.Cam6_53_aug_0.csv,192.16983032226562,126.63231658935547,15.48
