,name,c-x,c-y,radius
0,20130320T004430.659734.Cam6_42_aug_2.csv,51.95758056640625,102.66778564453125,19.08
1,20130320T004430.659734.Cam6_42_aug_2.csv,12.5775785446167,116.1077880859375,16.89
2,20130320T004430.659734.Cam6_42_aug_2.csv,29.45758056640625,86.727783203125,17.2
3,20130320T004430.659734.Cam6_42_aug_2.csv,126.017578125,155.78778076171875,10.01
