,name,c-x,c-y,radius
0,20130320T004856.189000.Cam6_13_aug_3.csv,84.44999999999999,74.52,20.96
1,20130320T004856.189000.Cam6_13_aug_3.csv,74.77000000000001,53.87,19.67
2,20130320T004856.189000.Cam6_13_aug_3.csv,105.74000000000001,46.45,19.67
3,20130320T004856.189000.Cam6_13_aug_3.csv,122.52000000000001,81.94,20.64
4,20130320T004856.189000.Cam6_13_aug_3.csv,65.41999999999999,101.61,19.03
5,20130320T004856.189000.Cam6_13_aug_3.csv,191.87,2.26,19.03
6,20130320T004856.189000.Cam6_13_aug_3.csv,271.55,43.55,17.42
7,20130320T004856.189000.Cam6_13_aug_3.csv,75.1,190.0,17.42
