,name,c-x,c-y,radius
0,20130320T013313.195847_21_aug_2.csv,212.5,161.67,15.37
1,20130320T013313.195847_21_aug_2.csv,49.72,26.67,15.37
2,20130320T013313.195847_21_aug_2.csv,76.11,28.06,15.37
