,name,c-x,c-y,radius
0,20130320T013312.052947_23_aug_6.csv,56.16688537597656,150.34423828125,14.53
1,20130320T013312.052947_23_aug_6.csv,82.83688354492188,111.73424530029297,14.53
2,20130320T013312.052947_23_aug_6.csv,49.49688720703125,106.4542465209961,14.53
3,20130320T013312.052947_23_aug_6.csv,72.27688598632812,87.84424591064453,15.09
4,20130320T013312.052947_23_aug_6.csv,53.66688537597656,70.90424346923828,14.81
5,20130320T013312.052947_23_aug_6.csv,51.4468994140625,42.294246673583984,15.92
6,20130320T013312.052947_23_aug_6.csv,82.83688354492188,33.124244689941406,15.92
