,name,c-x,c-y,radius
0,20130320T012914.905227_42_aug_6.csv,54.62005615234375,46.290748596191406,16.48
1,20130320T012914.905227_42_aug_6.csv,59.890045166015625,24.340747833251953,16.48
2,20130320T012914.905227_42_aug_6.csv,182.1200408935547,34.9007453918457,15.64
3,20130320T012914.905227_42_aug_6.csv,210.73004150390625,37.950748443603516,15.64
4,20130320T012914.905227_42_aug_6.csv,167.6700439453125,72.67074584960938,13.7
