,name,c-x,c-y,radius
0,20130320T013107.669539_32_aug_5.csv,281.33,108.61,19.25
1,20130320T013107.669539_32_aug_5.csv,238.82999999999998,108.61,19.25
2,20130320T013107.669539_32_aug_5.csv,155.78,146.11,24.81
3,20130320T013107.669539_32_aug_5.csv,127.16999999999999,146.67,22.31
