,name,c-x,c-y,radius
0,20130320T004846.474546.Cam6_61_aug_3.csv,201.87,81.29,17.74
1,20130320T004846.474546.Cam6_61_aug_3.csv,165.42,82.9,17.74
2,20130320T004846.474546.Cam6_61_aug_3.csv,182.19,41.61,20.0
3,20130320T004846.474546.Cam6_61_aug_3.csv,150.26,37.42,20.0
4,20130320T004846.474546.Cam6_61_aug_3.csv,101.55000000000001,33.55,19.03
5,20130320T004846.474546.Cam6_61_aug_3.csv,126.06,162.58,16.45
6,20130320T004846.474546.Cam6_61_aug_3.csv,236.39,174.84,16.45
7,20130320T004846.474546.Cam6_61_aug_3.csv,301.55,22.58,17.74
8,20130320T004846.474546.Cam6_61_aug_3.csv,37.35000000000002,163.87,13.55
