,name,c-x,c-y,radius
0,20130320T005651.246417.Cam6_23_aug_0.csv,261.5526123046875,126.23619842529297,19.53
