,name,c-x,c-y,radius
0,20130320T005227.621969.Cam6_61_aug_4.csv,60.9155158996582,147.49835205078125,15.48
