,name,c-x,c-y,radius
0,20130320T005409.909839.Cam6_53_aug_1.csv,69.28854370117188,40.57563400268555,19.67
