,name,c-x,c-y,radius
0,20130320T005505.910854.Cam6_13_aug_0.csv,191.39,176.39,21.2
1,20130320T005505.910854.Cam6_13_aug_0.csv,274.44,184.44,22.03
2,20130320T005505.910854.Cam6_13_aug_0.csv,269.44,55.0,18.98
3,20130320T005505.910854.Cam6_13_aug_0.csv,304.17,50.28,18.98
