,name,c-x,c-y,radius
0,20130320T005737.533128.Cam6_22_aug_4.csv,155.32815551757812,106.50153350830078,24.53
1,20130320T005737.533128.Cam6_22_aug_4.csv,189.49815368652344,124.00153350830078,23.14
