,name,c-x,c-y,radius
0,20130320T005239.812601.Cam6_34_aug_3.csv,193.74549102783203,135.64590454101562,22.26
1,20130320T005239.812601.Cam6_34_aug_3.csv,211.48548126220703,168.555908203125,20.32
2,20130320T005239.812601.Cam6_34_aug_3.csv,52.455474853515625,127.26590728759766,19.03
