,name,c-x,c-y,radius
0,20130320T004524.184585.Cam6_43_aug_3.csv,294.58336544036865,84.44164276123047,19.08
1,20130320T004524.184585.Cam6_43_aug_3.csv,268.643367767334,54.13163757324219,20.64
