,name,c-x,c-y,radius
0,20130320T013322.910417_14_aug_0.csv,133.62167358398438,162.04771423339844,15.64
1,20130320T013322.910417_14_aug_0.csv,103.90167236328125,151.4877166748047,15.64
2,20130320T013322.910417_14_aug_0.csv,75.8416748046875,139.54771423339844,17.03
