,name,c-x,c-y,radius
0,20130320T005124.382560.Cam6_43_aug_0.csv,283.81,51.61,18.71
1,20130320T005124.382560.Cam6_43_aug_0.csv,230.57999999999998,44.19,20.0
2,20130320T005124.382560.Cam6_43_aug_0.csv,211.55,60.65,19.67
3,20130320T005124.382560.Cam6_43_aug_0.csv,140.26,99.68,19.67
