,name,c-x,c-y,radius
0,20130320T005055.620097.Cam6_52_aug_4.csv,148.06,165.48,14.84
1,20130320T005055.620097.Cam6_52_aug_4.csv,175.81,160.65,14.84
2,20130320T005055.620097.Cam6_52_aug_4.csv,2.9,157.42,15.8
3,20130320T005055.620097.Cam6_52_aug_4.csv,224.19,90.0,14.84
4,20130320T005055.620097.Cam6_52_aug_4.csv,262.9,141.94,14.84
5,20130320T005055.620097.Cam6_52_aug_4.csv,280.32,138.39,14.84
