,name,c-x,c-y,radius
0,20130320T005434.672219.Cam6_61_aug_6.csv,242.47190856933594,73.25176239013672,12.87
1,20130320T005434.672219.Cam6_61_aug_6.csv,263.3019104003906,41.03175735473633,12.87
