,name,c-x,c-y,radius
0,20130320T004430.088222.Cam6_33_aug_5.csv,73.46002197265625,170.10003662109375,20.33
1,20130320T004430.088222.Cam6_33_aug_5.csv,45.6500244140625,153.85003662109375,19.08
