,name,c-x,c-y,radius
0,20130320T005409.338327.Cam6_42_aug_6.csv,63.2000732421875,130.02154541015625,21.61
