,name,c-x,c-y,radius
0,20130320T004358.849450.Cam6_43_aug_2.csv,229.3233413696289,23.283857345581055,26.89
