,name,c-x,c-y,radius
0,20130320T004403.421053.Cam6_32_aug_4.csv,157.06744384765625,171.5424041748047,24.39
