,name,c-x,c-y,radius
0,20130320T005219.240799.Cam6_12_aug_7.csv,96.13,175.81,25.8
1,20130320T005219.240799.Cam6_12_aug_7.csv,140.97,194.84,29.35
2,20130320T005219.240799.Cam6_12_aug_7.csv,142.58,164.52,29.35
3,20130320T005219.240799.Cam6_12_aug_7.csv,255.48,199.68,28.06
4,20130320T005219.240799.Cam6_12_aug_7.csv,269.03,169.03,28.06
5,20130320T005219.240799.Cam6_12_aug_7.csv,220.97,165.81,24.51
