,name,c-x,c-y,radius
0,20130320T012946.524989_21_aug_2.csv,194.18875122070312,144.90664672851562,21.75
1,20130320T012946.524989_21_aug_2.csv,167.5187530517578,152.12664794921875,23.98
2,20130320T012946.524989_21_aug_2.csv,132.7987518310547,142.12664794921875,23.98
3,20130320T012946.524989_21_aug_2.csv,68.90875244140625,120.45664978027344,23.98
4,20130320T012946.524989_21_aug_2.csv,178.07875061035156,61.28664779663086,23.98
5,20130320T012946.524989_21_aug_2.csv,176.40875244140625,87.95664978027344,23.98
