,name,c-x,c-y,radius
0,20130320T013349.958479_61_aug_7.csv,257.22,85.28,26.2
1,20130320T013349.958479_61_aug_7.csv,278.33,122.78,22.03
