,name,c-x,c-y,radius
0,20130320T005648.008226.Cam6_14_aug_3.csv,245.5,182.5,20.37
1,20130320T005648.008226.Cam6_14_aug_3.csv,143.56,147.22,23.42
2,20130320T005648.008226.Cam6_14_aug_3.csv,181.61,135.56,21.75
3,20130320T005648.008226.Cam6_14_aug_3.csv,234.39,4.72,16.48
4,20130320T005648.008226.Cam6_14_aug_3.csv,49.389999999999986,100.0,17.59
