,name,c-x,c-y,radius
0,20130320T004858.855806.Cam6_33_aug_1.csv,93.4389877319336,92.27071380615234,22.9
1,20130320T004858.855806.Cam6_33_aug_1.csv,98.59898376464844,132.59071350097656,17.74
