,name,c-x,c-y,radius
0,20130320T005958.488384.Cam6_43_aug_7.csv,23.33,121.39,24.53
1,20130320T005958.488384.Cam6_43_aug_7.csv,68.06,116.94,22.59
2,20130320T005958.488384.Cam6_43_aug_7.csv,93.89,61.11,23.42
3,20130320T005958.488384.Cam6_43_aug_7.csv,231.11,43.61,23.14
