,name,c-x,c-y,radius
0,20130320T005050.286611.Cam6_43_aug_1.csv,267.68,64.84,20.64
1,20130320T005050.286611.Cam6_43_aug_1.csv,307.35,54.84,20.64
2,20130320T005050.286611.Cam6_43_aug_1.csv,289.29,37.42,19.35
3,20130320T005050.286611.Cam6_43_aug_1.csv,259.29,10.0,19.35
