,name,c-x,c-y,radius
0,20130320T013444.816839_43_aug_2.csv,140.4566192626953,94.01605987548828,23.42
1,20130320T013444.816839_43_aug_2.csv,203.50662231445312,33.18605422973633,21.48
2,20130320T013444.816839_43_aug_2.csv,164.34661865234375,36.79605484008789,21.48
3,20130320T013444.816839_43_aug_2.csv,73.23661804199219,26.236055374145508,17.59
