,name,c-x,c-y,radius
0,20130320T005240.955499.Cam6_63_aug_2.csv,219.29000000000002,138.06,17.42
1,20130320T005240.955499.Cam6_63_aug_2.csv,100.9,170.65,16.13
2,20130320T005240.955499.Cam6_63_aug_2.csv,82.84,185.16,15.48
3,20130320T005240.955499.Cam6_63_aug_2.csv,71.22999999999999,134.84,18.71
4,20130320T005240.955499.Cam6_63_aug_2.csv,39.94,141.29,18.71
5,20130320T005240.955499.Cam6_63_aug_2.csv,18.0,165.48,15.8
6,20130320T005240.955499.Cam6_63_aug_2.csv,235.1,57.1,15.8
7,20130320T005240.955499.Cam6_63_aug_2.csv,89.28999999999999,3.55,17.42
