,name,c-x,c-y,radius
0,20130320T013512.055389_22_aug_1.csv,229.66371154785156,146.0758514404297,19.25
1,20130320T013512.055389_22_aug_1.csv,244.11370849609375,126.35585021972656,22.03
2,20130320T013512.055389_22_aug_1.csv,244.39370727539062,107.73585510253906,20.92
3,20130320T013512.055389_22_aug_1.csv,246.33370971679688,68.57585144042969,20.92
4,20130320T013512.055389_22_aug_1.csv,213.0037078857422,85.51585388183594,20.92
5,20130320T013512.055389_22_aug_1.csv,198.5537109375,123.01585388183594,20.92
6,20130320T013512.055389_22_aug_1.csv,144.94371032714844,73.01585388183594,20.37
7,20130320T013512.055389_22_aug_1.csv,212.44371032714844,72.46585083007812,20.37
