,name,c-x,c-y,radius
0,20130320T005449.529642.Cam6_23_aug_1.csv,17.78,179.72,17.87
1,20130320T005449.529642.Cam6_23_aug_1.csv,38.61,145.56,17.87
2,20130320T005449.529642.Cam6_23_aug_1.csv,35.56,122.78,18.42
3,20130320T005449.529642.Cam6_23_aug_1.csv,5.0,135.28,18.42
4,20130320T005449.529642.Cam6_23_aug_1.csv,118.61,84.44,25.37
5,20130320T005449.529642.Cam6_23_aug_1.csv,79.44,51.94,25.37
6,20130320T005449.529642.Cam6_23_aug_1.csv,114.72,42.78,23.42
