,name,c-x,c-y,radius
0,20130320T013312.052947_23_aug_4.csv,82.08590698242188,148.48500061035156,14.53
1,20130320T013312.052947_23_aug_4.csv,108.75590515136719,109.87499237060547,14.53
2,20130320T013312.052947_23_aug_4.csv,75.41590881347656,104.5949935913086,14.53
3,20130320T013312.052947_23_aug_4.csv,98.19590759277344,85.98499298095703,15.09
4,20130320T013312.052947_23_aug_4.csv,79.58590698242188,69.04499053955078,14.81
5,20130320T013312.052947_23_aug_4.csv,77.36592102050781,40.434993743896484,15.92
6,20130320T013312.052947_23_aug_4.csv,108.75590515136719,31.264991760253906,15.92
