,name,c-x,c-y,radius
0,20130320T013609.580437_31_aug_0.csv,190.29031372070312,121.04727935791016,20.37
1,20130320T013609.580437_31_aug_0.csv,132.79031372070312,109.37728118896484,19.81
2,20130320T013609.580437_31_aug_0.csv,98.35031127929688,115.76728057861328,18.42
3,20130320T013609.580437_31_aug_0.csv,110.29031372070312,82.71727752685547,19.25
4,20130320T013609.580437_31_aug_0.csv,133.63031005859375,78.26728057861328,19.25
