,name,c-x,c-y,radius
0,20130320T013610.151823_23_aug_5.csv,262.44,186.11,14.81
1,20130320T013610.151823_23_aug_5.csv,248.28,189.72,14.81
2,20130320T013610.151823_23_aug_5.csv,262.44,113.61,17.03
3,20130320T013610.151823_23_aug_5.csv,259.11,60.28,18.7
4,20130320T013610.151823_23_aug_5.csv,116.06,77.22,17.87
5,20130320T013610.151823_23_aug_5.csv,56.33000000000001,99.17,17.03
