,name,c-x,c-y,radius
0,20130320T005103.048751.Cam6_62_aug_0.csv,154.49188232421875,161.4359893798828,14.84
1,20130320T005103.048751.Cam6_62_aug_0.csv,40.29187774658203,120.46598052978516,14.84
2,20130320T005103.048751.Cam6_62_aug_0.csv,143.8418731689453,85.95598602294922,14.84
3,20130320T005103.048751.Cam6_62_aug_0.csv,161.2618865966797,74.01598358154297,14.84
