,name,c-x,c-y,radius
0,20130320T013351.101377_43_aug_5.csv,230.22,158.89,21.48
1,20130320T013351.101377_43_aug_5.csv,166.06,161.67,22.87
2,20130320T013351.101377_43_aug_5.csv,123.0,137.5,24.53
3,20130320T013351.101377_43_aug_5.csv,58.0,166.67,24.53
4,20130320T013351.101377_43_aug_5.csv,27.439999999999998,201.67,20.09
