,name,c-x,c-y,radius
0,20130320T004432.755029.Cam6_44_aug_3.csv,239.16542053222656,151.3785400390625,8.45
1,20130320T004432.755029.Cam6_44_aug_3.csv,136.66542053222656,169.19854736328125,7.51
2,20130320T004432.755029.Cam6_44_aug_3.csv,146.66542053222656,176.69854736328125,8.45
3,20130320T004432.755029.Cam6_44_aug_3.csv,213.2254180908203,54.50853729248047,10.01
