,name,c-x,c-y,radius
0,20130320T012929.000761_32_aug_5.csv,178.61,50.28,15.92
1,20130320T012929.000761_32_aug_5.csv,259.72,62.22,16.75
2,20130320T012929.000761_32_aug_5.csv,250.28,16.94,18.98
