,name,c-x,c-y,radius
0,20130320T004531.613372.Cam6_24_aug_2.csv,223.31292724609375,109.23239135742188,19.61
1,20130320T004531.613372.Cam6_24_aug_2.csv,216.55292510986328,78.42239379882812,18.53
2,20130320T004531.613372.Cam6_24_aug_2.csv,214.1229248046875,63.012393951416016,18.53
3,20130320T004531.613372.Cam6_24_aug_2.csv,249.53293228149414,48.15239334106445,20.15
4,20130320T004531.613372.Cam6_24_aug_2.csv,274.93293380737305,68.96238708496094,18.8
5,20130320T004531.613372.Cam6_24_aug_2.csv,258.44293212890625,93.5523910522461,18.8
