,name,c-x,c-y,radius
0,20130320T005058.667785.Cam6_44_aug_7.csv,169.68,159.03,19.03
1,20130320T005058.667785.Cam6_44_aug_7.csv,291.61,167.42,19.03
2,20130320T005058.667785.Cam6_44_aug_7.csv,183.55,70.0,19.03
3,20130320T005058.667785.Cam6_44_aug_7.csv,197.1,65.48,19.03
4,20130320T005058.667785.Cam6_44_aug_7.csv,159.03,58.71,21.29
5,20130320T005058.667785.Cam6_44_aug_7.csv,142.58,71.94,21.29
