,name,c-x,c-y,radius
0,20130320T004428.754944.Cam6_11_aug_5.csv,133.6635284423828,122.4521484375,19.39
