,name,c-x,c-y,radius
0,20130320T004438.278894.Cam6_42_aug_5.csv,198.70286560058594,51.23866653442383,10.64
1,20130320T004438.278894.Cam6_42_aug_5.csv,219.6328582763672,53.10866165161133,10.64
2,20130320T004438.278894.Cam6_42_aug_5.csv,240.2628631591797,94.98866271972656,10.64
3,20130320T004438.278894.Cam6_42_aug_5.csv,198.07286071777344,90.91866302490234,10.01
