,name,c-x,c-y,radius
0,20130320T004420.945168.Cam6_44_aug_5.csv,189.78572845458984,137.70782470703125,10.95
1,20130320T004420.945168.Cam6_44_aug_5.csv,207.28572845458984,135.20782470703125,10.95
2,20130320T004420.945168.Cam6_44_aug_5.csv,198.2257308959961,155.517822265625,10.95
