,name,c-x,c-y,radius
0,20130320T004728.568185.Cam6_51_aug_5.csv,294.92,112.69,14.5
1,20130320T004728.568185.Cam6_51_aug_5.csv,250.31,156.15,14.5
2,20130320T004728.568185.Cam6_51_aug_5.csv,154.92,80.77,14.5
3,20130320T004728.568185.Cam6_51_aug_5.csv,129.54,62.69,14.5
4,20130320T004728.568185.Cam6_51_aug_5.csv,120.69,151.92,14.5
5,20130320T004728.568185.Cam6_51_aug_5.csv,107.62,143.46,14.5
6,20130320T004728.568185.Cam6_51_aug_5.csv,60.31,150.38,12.96
7,20130320T004728.568185.Cam6_51_aug_5.csv,63.379999999999995,122.31,12.96
8,20130320T004728.568185.Cam6_51_aug_5.csv,301.08,83.08,12.96
