,name,c-x,c-y,radius
0,20130320T013446.340622_34_aug_7.csv,183.89,118.06,20.92
1,20130320T013446.340622_34_aug_7.csv,107.22,22.78,23.14
2,20130320T013446.340622_34_aug_7.csv,145.28,0.0,21.75
