,name,c-x,c-y,radius
0,20130320T012931.477060_21_aug_7.csv,205.83,108.89,14.53
1,20130320T012931.477060_21_aug_7.csv,105.28,86.94,16.48
2,20130320T012931.477060_21_aug_7.csv,80.83,73.33,16.48
3,20130320T012931.477060_21_aug_7.csv,117.22,42.5,16.48
4,20130320T012931.477060_21_aug_7.csv,69.44,38.89,16.48
5,20130320T012931.477060_21_aug_7.csv,81.11,8.61,16.48
6,20130320T012931.477060_21_aug_7.csv,115.83,9.17,16.48
