,name,c-x,c-y,radius
0,20130320T005955.250193.Cam6_44_aug_2.csv,261.06,145.56,26.2
1,20130320T005955.250193.Cam6_44_aug_2.csv,226.32999999999998,131.94,26.2
2,20130320T005955.250193.Cam6_44_aug_2.csv,191.06,98.33,26.2
3,20130320T005955.250193.Cam6_44_aug_2.csv,238.56,86.94,22.31
4,20130320T005955.250193.Cam6_44_aug_2.csv,112.44,131.94,26.2
5,20130320T005955.250193.Cam6_44_aug_2.csv,68.0,40.28,23.98
6,20130320T005955.250193.Cam6_44_aug_2.csv,39.110000000000014,46.11,23.98
7,20130320T005955.250193.Cam6_44_aug_2.csv,9.670000000000016,63.61,22.03
8,20130320T005955.250193.Cam6_44_aug_2.csv,7.720000000000027,24.44,22.03
