,name,c-x,c-y,radius
0,20130320T012946.143980_44_aug_2.csv,236.62132263183594,139.441162109375,24.25
1,20130320T012946.143980_44_aug_2.csv,221.34132385253906,74.16116333007812,23.42
2,20130320T012946.143980_44_aug_2.csv,203.2813262939453,56.38116455078125,24.53
3,20130320T012946.143980_44_aug_2.csv,130.7813262939453,132.7711639404297,21.75
