,name,c-x,c-y,radius
0,20130320T005957.154982.Cam6_51_aug_2.csv,111.33000000000001,118.89,18.42
1,20130320T005957.154982.Cam6_51_aug_2.csv,163.56,119.17,17.59
2,20130320T005957.154982.Cam6_51_aug_2.csv,276.33,158.06,15.92
3,20130320T005957.154982.Cam6_51_aug_2.csv,116.88999999999999,9.17,15.92
4,20130320T005957.154982.Cam6_51_aug_2.csv,140.78,26.39,15.92
5,20130320T005957.154982.Cam6_51_aug_2.csv,244.11,125.28,18.14
