,name,c-x,c-y,radius
0,20130320T005629.722223.Cam6_43_aug_7.csv,114.44,201.11,20.64
1,20130320T005629.722223.Cam6_43_aug_7.csv,135.83,191.67,20.64
2,20130320T005629.722223.Cam6_43_aug_7.csv,148.89,158.89,17.87
3,20130320T005629.722223.Cam6_43_aug_7.csv,131.11,107.78,22.59
4,20130320T005629.722223.Cam6_43_aug_7.csv,137.5,91.11,19.53
5,20130320T005629.722223.Cam6_43_aug_7.csv,198.89,125.56,20.37
6,20130320T005629.722223.Cam6_43_aug_7.csv,231.67,116.11,17.59
7,20130320T005629.722223.Cam6_43_aug_7.csv,241.67,43.33,18.98
