,name,c-x,c-y,radius
0,20130320T005649.151124.Cam6_33_aug_3.csv,203.34416961669922,89.06565856933594,20.37
1,20130320T005649.151124.Cam6_33_aug_3.csv,177.51417541503906,60.45566177368164,23.98
