,name,c-x,c-y,radius
0,20130320T005036.000567.Cam6_64_aug_0.csv,246.5795440673828,103.97944641113281,12.58
1,20130320T005036.000567.Cam6_64_aug_0.csv,239.80955505371094,116.23944854736328,12.58
2,20130320T005036.000567.Cam6_64_aug_0.csv,220.44955444335938,107.52944946289062,12.58
3,20130320T005036.000567.Cam6_64_aug_0.csv,206.25955200195312,88.16944885253906,12.58
