,name,c-x,c-y,radius
0,20130320T005136.573304.Cam6_24_aug_5.csv,92.37340545654297,93.12069702148438,21.93
1,20130320T005136.573304.Cam6_24_aug_5.csv,60.12339782714844,119.5707015991211,20.64
2,20130320T005136.573304.Cam6_24_aug_5.csv,101.08340454101562,135.70069885253906,21.61
3,20130320T005136.573304.Cam6_24_aug_5.csv,251.7333984375,110.22069549560547,19.03
