,name,c-x,c-y,radius
0,20130320T005302.479817.Cam6_43_aug_7.csv,252.26,132.26,18.38
1,20130320T005302.479817.Cam6_43_aug_7.csv,277.1,118.06,18.06
2,20130320T005302.479817.Cam6_43_aug_7.csv,253.23,35.16,15.8
3,20130320T005302.479817.Cam6_43_aug_7.csv,236.13,14.84,15.8
4,20130320T005302.479817.Cam6_43_aug_7.csv,190.97,157.1,20.0
5,20130320T005302.479817.Cam6_43_aug_7.csv,177.1,154.19,20.0
6,20130320T005302.479817.Cam6_43_aug_7.csv,95.16,108.39,17.74
7,20130320T005302.479817.Cam6_43_aug_7.csv,36.13,108.06,17.74
8,20130320T005302.479817.Cam6_43_aug_7.csv,68.71,87.74,16.77
