,name,c-x,c-y,radius
0,20130320T004555.804388.Cam6_33_aug_2.csv,38.25399398803711,163.53919982910156,13.73
