,name,c-x,c-y,radius
0,20130320T005604.007318.Cam6_12_aug_3.csv,121.60905456542969,78.71049499511719,17.87
