,name,c-x,c-y,radius
0,20130320T004555.042372.Cam6_52_aug_0.csv,259.92,112.31,17.19
1,20130320T004555.042372.Cam6_52_aug_0.csv,301.08,101.15,17.19
2,20130320T004555.042372.Cam6_52_aug_0.csv,61.08000000000001,142.69,14.88
3,20130320T004555.042372.Cam6_52_aug_0.csv,32.620000000000005,198.85,12.57
4,20130320T004555.042372.Cam6_52_aug_0.csv,238.76999999999998,41.15,12.57
