,name,c-x,c-y,radius
0,20130320T004442.278975.Cam6_52_aug_6.csv,176.13,41.56,18.76
1,20130320T004442.278975.Cam6_52_aug_6.csv,141.75,41.25,18.76
2,20130320T004442.278975.Cam6_52_aug_6.csv,143.63,8.12,15.95
3,20130320T004442.278975.Cam6_52_aug_6.csv,179.88,20.94,18.14
