,name,c-x,c-y,radius
0,20130320T004849.331732.Cam6_43_aug_3.csv,80.20285034179688,75.8644790649414,28.71
1,20130320T004849.331732.Cam6_43_aug_3.csv,103.74285888671875,85.54447937011719,28.71
2,20130320T004849.331732.Cam6_43_aug_3.csv,81.16285705566406,35.86447525024414,19.67
3,20130320T004849.331732.Cam6_43_aug_3.csv,65.0428466796875,29.734474182128906,19.67
4,20130320T004849.331732.Cam6_43_aug_3.csv,62.132843017578125,42.3244743347168,19.67
