,name,c-x,c-y,radius
0,20130320T013705.772093_22_aug_5.csv,184.44,173.89,17.31
1,20130320T013705.772093_22_aug_5.csv,204.17,157.22,16.48
2,20130320T013705.772093_22_aug_5.csv,224.17,138.06,17.59
3,20130320T013705.772093_22_aug_5.csv,121.39,168.61,18.14
4,20130320T013705.772093_22_aug_5.csv,92.22,164.72,17.87
5,20130320T013705.772093_22_aug_5.csv,51.67,17.78,16.75
6,20130320T013705.772093_22_aug_5.csv,84.44,12.5,16.75
