,name,c-x,c-y,radius
0,20130320T005546.673706.Cam6_72_aug_0.csv,212.2884063720703,137.03067016601562,16.48
1,20130320T005546.673706.Cam6_72_aug_0.csv,195.33840942382812,133.42066955566406,18.7
