,name,c-x,c-y,radius
0,20130320T005908.963493.Cam6_31_aug_3.csv,104.38999999999999,85.28,27.03
1,20130320T005908.963493.Cam6_31_aug_3.csv,89.38999999999999,7.22,28.7
2,20130320T005908.963493.Cam6_31_aug_3.csv,37.170000000000016,18.89,28.7
