,name,c-x,c-y,radius
0,20130320T005426.100545.Cam6_42_aug_0.csv,304.11,163.06,20.09
1,20130320T005426.100545.Cam6_42_aug_0.csv,268.0,120.83,17.59
2,20130320T005426.100545.Cam6_42_aug_0.csv,199.94,99.72,19.53
3,20130320T005426.100545.Cam6_42_aug_0.csv,168.0,87.5,21.48
4,20130320T005426.100545.Cam6_42_aug_0.csv,134.39,114.17,19.25
5,20130320T005426.100545.Cam6_42_aug_0.csv,98.83000000000001,114.44,17.31
6,20130320T005426.100545.Cam6_42_aug_0.csv,66.33000000000001,109.44,18.14
7,20130320T005426.100545.Cam6_42_aug_0.csv,141.61,80.83,18.14
