,name,c-x,c-y,radius
0,20130320T004755.425860.Cam6_44_aug_5.csv,36.45999999999998,57.31,13.34
1,20130320T004755.425860.Cam6_44_aug_5.csv,41.85000000000002,55.77,13.34
2,20130320T004755.425860.Cam6_44_aug_5.csv,36.079999999999984,29.23,14.11
3,20130320T004755.425860.Cam6_44_aug_5.csv,39.920000000000016,141.54,14.11
4,20130320T004755.425860.Cam6_44_aug_5.csv,38.76999999999998,164.62,14.11
5,20130320T004755.425860.Cam6_44_aug_5.csv,61.08000000000001,163.08,14.11
6,20130320T004755.425860.Cam6_44_aug_5.csv,59.53999999999999,56.92,14.11
