,name,c-x,c-y,radius
0,20130320T005822.486424.Cam6_43_aug_3.csv,66.66890716552734,113.87947082519531,26.2
1,20130320T005822.486424.Cam6_43_aug_3.csv,96.66890716552734,84.43946838378906,32.59
