,name,c-x,c-y,radius
0,20130320T005825.153103.Cam6_13_aug_1.csv,247.9485206604004,41.31571960449219,25.64
1,20130320T005825.153103.Cam6_13_aug_1.csv,244.88852310180664,150.47572326660156,25.64
2,20130320T005825.153103.Cam6_13_aug_1.csv,222.94851684570312,133.8157196044922,23.14
3,20130320T005825.153103.Cam6_13_aug_1.csv,136.5585174560547,125.75572204589844,18.42
4,20130320T005825.153103.Cam6_13_aug_1.csv,117.94851684570312,160.75572204589844,26.48
