,name,c-x,c-y,radius
0,20130320T005417.719497.Cam6_53_aug_0.csv,116.94010925292969,18.389331817626953,21.61
