,name,c-x,c-y,radius
0,20130320T013444.816839_43_aug_7.csv,181.11,104.72,23.42
1,20130320T013444.816839_43_aug_7.csv,118.06,43.89,21.48
2,20130320T013444.816839_43_aug_7.csv,157.22,47.5,21.48
3,20130320T013444.816839_43_aug_7.csv,248.33,36.94,17.59
