,name,c-x,c-y,radius
0,20130320T005106.286943.Cam6_32_aug_6.csv,73.16133117675781,82.13168334960938,16.45
