,name,c-x,c-y,radius
0,20130320T005412.195512.Cam6_33_aug_0.csv,281.23,56.45,30.32
1,20130320T005412.195512.Cam6_33_aug_0.csv,292.19,132.26,25.8
2,20130320T005412.195512.Cam6_33_aug_0.csv,176.06,196.13,17.09
3,20130320T005412.195512.Cam6_33_aug_0.csv,207.68,170.97,21.61
