,name,c-x,c-y,radius
0,20130320T013235.861728_43_aug_5.csv,76.11,154.44,15.64
1,20130320T013235.861728_43_aug_5.csv,93.33,174.44,15.64
2,20130320T013235.861728_43_aug_5.csv,7.5,152.22,15.64
3,20130320T013235.861728_43_aug_5.csv,152.22,102.78,15.64
4,20130320T013235.861728_43_aug_5.csv,183.06,24.72,17.31
