,name,c-x,c-y,radius
0,20130320T004611.042700.Cam6_31_aug_5.csv,184.74398803710938,132.46746826171875,14.5
1,20130320T004611.042700.Cam6_31_aug_5.csv,210.90399169921875,122.84747314453125,14.5
2,20130320T004611.042700.Cam6_31_aug_5.csv,224.74398803710938,139.00746154785156,14.5
