,name,c-x,c-y,radius
0,20130320T004531.613372.Cam6_24_aug_4.csv,74.99300384521484,128.4756622314453,19.61
1,20130320T004531.613372.Cam6_24_aug_4.csv,81.75300598144531,97.66566467285156,18.53
2,20130320T004531.613372.Cam6_24_aug_4.csv,84.1830062866211,82.25566101074219,18.53
3,20130320T004531.613372.Cam6_24_aug_4.csv,48.77300262451172,67.39566040039062,20.15
4,20130320T004531.613372.Cam6_24_aug_4.csv,23.373001098632812,88.20565795898438,18.8
5,20130320T004531.613372.Cam6_24_aug_4.csv,39.86300277709961,112.79566192626953,18.8
