,name,c-x,c-y,radius
0,20130320T005017.714559.Cam6_41_aug_4.csv,204.7670135498047,154.11929321289062,20.96
1,20130320T005017.714559.Cam6_41_aug_4.csv,106.70701599121094,62.179298400878906,15.48
