,name,c-x,c-y,radius
0,20130320T005944.392853.Cam6_32_aug_7.csv,31.67,5.28,20.64
1,20130320T005944.392853.Cam6_32_aug_7.csv,155.83,13.33,20.64
2,20130320T005944.392853.Cam6_32_aug_7.csv,194.72,27.5,20.64
3,20130320T005944.392853.Cam6_32_aug_7.csv,213.06,38.06,20.64
4,20130320T005944.392853.Cam6_32_aug_7.csv,232.5,36.94,20.64
5,20130320T005944.392853.Cam6_32_aug_7.csv,271.39,11.67,20.64
6,20130320T005944.392853.Cam6_32_aug_7.csv,152.78,99.44,22.03
