,name,c-x,c-y,radius
0,20130320T005737.914012.Cam6_52_aug_4.csv,152.63119506835938,121.24856567382812,23.98
1,20130320T005737.914012.Cam6_52_aug_4.csv,122.63119506835938,152.63856506347656,30.09
