,name,c-x,c-y,radius
0,20130320T005231.622053.Cam6_11_aug_5.csv,16.420978546142578,123.07028198242188,18.71
1,20130320T005231.622053.Cam6_11_aug_5.csv,32.55097961425781,145.01026916503906,16.45
