,name,c-x,c-y,radius
0,20130320T004731.806377.Cam6_12_aug_5.csv,186.62747192382812,119.5262222290039,16.8
1,20130320T004731.806377.Cam6_12_aug_5.csv,218.93748474121094,130.29623413085938,16.8
2,20130320T004731.806377.Cam6_12_aug_5.csv,193.93748474121094,91.44622039794922,16.8
3,20130320T004731.806377.Cam6_12_aug_5.csv,232.01747131347656,96.83621978759766,16.8
4,20130320T004731.806377.Cam6_12_aug_5.csv,222.39747619628906,54.906219482421875,13.73
