,name,c-x,c-y,radius
0,20130320T013607.485145_32_aug_5.csv,175.93948364257812,133.1322021484375,21.48
