,name,c-x,c-y,radius
0,20130320T012854.142929_43_aug_0.csv,83.74200439453125,93.71809387207031,15.09
1,20130320T012854.142929_43_aug_0.csv,167.07200622558594,100.93809509277344,17.31
2,20130320T012854.142929_43_aug_0.csv,158.1820068359375,77.87809753417969,13.7
3,20130320T012854.142929_43_aug_0.csv,197.90200805664062,75.93809509277344,14.81
4,20130320T012854.142929_43_aug_0.csv,207.90200805664062,83.15809631347656,14.81
5,20130320T012854.142929_43_aug_0.csv,241.24200439453125,152.32809448242188,17.31
