,name,c-x,c-y,radius
0,20130320T013023.287634_33_aug_3.csv,162.44,181.11,22.59
1,20130320T013023.287634_33_aug_3.csv,125.78,188.61,22.59
2,20130320T013023.287634_33_aug_3.csv,51.610000000000014,71.94,21.75
3,20130320T013023.287634_33_aug_3.csv,83.0,51.94,23.42
4,20130320T013023.287634_33_aug_3.csv,41.610000000000014,35.28,25.37
