,name,c-x,c-y,radius
0,20130320T005834.296166.Cam6_62_aug_1.csv,158.83840942382812,88.6583251953125,30.92
