,name,c-x,c-y,radius
0,20130320T005452.005817.Cam6_63_aug_3.csv,84.69615173339844,117.50225830078125,17.87
