,name,c-x,c-y,radius
0,20130320T005119.430084.Cam6_11_aug_0.csv,224.01646423339844,110.09420776367188,12.58
