,name,c-x,c-y,radius
0,20130320T013336.243945_43_aug_2.csv,157.9062957763672,78.47635650634766,25.64
1,20130320T013336.243945_43_aug_2.csv,107.90629577636719,100.13636016845703,29.53
