,name,c-x,c-y,radius
0,20130320T005904.773038.Cam6_33_aug_5.csv,290.22,17.5,26.75
1,20130320T005904.773038.Cam6_33_aug_5.csv,246.89,18.33,26.75
2,20130320T005904.773038.Cam6_33_aug_5.csv,270.5,98.89,26.2
3,20130320T005904.773038.Cam6_33_aug_5.csv,119.38999999999999,120.83,26.2
