,name,c-x,c-y,radius
0,20130320T004715.425029.Cam6_73_aug_3.csv,195.7132797241211,94.77900695800781,12.57
1,20130320T004715.425029.Cam6_73_aug_3.csv,142.25328063964844,76.70901489257812,11.8
