,name,c-x,c-y,radius
0,20130320T013609.199429_23_aug_2.csv,289.67,65.0,19.53
1,20130320T013609.199429_23_aug_2.csv,299.39,34.44,19.53
2,20130320T013609.199429_23_aug_2.csv,294.11,0.56,19.53
3,20130320T013609.199429_23_aug_2.csv,246.06,63.06,18.14
4,20130320T013609.199429_23_aug_2.csv,266.61,84.17,18.14
5,20130320T013609.199429_23_aug_2.csv,113.83000000000001,111.67,19.81
6,20130320T013609.199429_23_aug_2.csv,94.94,133.61,19.25
7,20130320T013609.199429_23_aug_2.csv,72.72,118.89,20.92
