,name,c-x,c-y,radius
0,20130320T005944.964239.Cam6_42_aug_2.csv,51.243255615234375,97.40875244140625,24.25
1,20130320T005944.964239.Cam6_42_aug_2.csv,97.63325500488281,100.18875122070312,23.14
2,20130320T005944.964239.Cam6_42_aug_2.csv,170.68325805664062,62.688751220703125,22.03
