,name,c-x,c-y,radius
0,20130320T012927.857864_33_aug_6.csv,98.57638549804688,174.9147186279297,15.09
1,20130320T012927.857864_33_aug_6.csv,68.01638793945312,126.57472229003906,15.09
2,20130320T012927.857864_33_aug_6.csv,115.51638793945312,108.24472045898438,17.03
3,20130320T012927.857864_33_aug_6.csv,148.01638793945312,122.13471984863281,18.14
4,20130320T012927.857864_33_aug_6.csv,223.8463897705078,84.35472106933594,16.48
5,20130320T012927.857864_33_aug_6.csv,276.0763854980469,94.07472229003906,14.25
6,20130320T012927.857864_33_aug_6.csv,278.0163879394531,77.13471984863281,15.37
