,name,c-x,c-y,radius
0,20130320T005800.581226.Cam6_54_aug_5.csv,183.34859466552734,122.33367919921875,21.48
1,20130320T005800.581226.Cam6_54_aug_5.csv,77.798583984375,152.88368225097656,18.7
2,20130320T005800.581226.Cam6_54_aug_5.csv,241.4085922241211,17.603679656982422,15.64
3,20130320T005800.581226.Cam6_54_aug_5.csv,221.68859100341797,32.60367965698242,18.14
4,20130320T005800.581226.Cam6_54_aug_5.csv,142.798583984375,37.88368225097656,18.7
5,20130320T005800.581226.Cam6_54_aug_5.csv,109.18858337402344,47.88368225097656,19.25
6,20130320T005800.581226.Cam6_54_aug_5.csv,83.90858459472656,53.72367858886719,19.25
7,20130320T005800.581226.Cam6_54_aug_5.csv,180.5785903930664,102.05368041992188,15.37
