,name,c-x,c-y,radius
0,20130320T012917.000521_31_aug_2.csv,276.06,133.06,15.09
1,20130320T012917.000521_31_aug_2.csv,95.5,78.06,16.75
2,20130320T012917.000521_31_aug_2.csv,74.38999999999999,107.22,16.2
3,20130320T012917.000521_31_aug_2.csv,80.78,105.0,16.2
4,20130320T012917.000521_31_aug_2.csv,41.889999999999986,96.39,17.87
5,20130320T012917.000521_31_aug_2.csv,50.22000000000003,122.5,16.75
