,name,c-x,c-y,radius
0,20130320T013224.432991_43_aug_5.csv,219.39,1.94,19.25
1,20130320T013224.432991_43_aug_5.csv,274.67,34.17,20.37
2,20130320T013224.432991_43_aug_5.csv,222.44,165.0,17.59
3,20130320T013224.432991_43_aug_5.csv,232.44,191.67,13.42
4,20130320T013224.432991_43_aug_5.csv,129.67,196.67,17.31
5,20130320T013224.432991_43_aug_5.csv,97.16999999999999,187.5,17.31
