,name,c-x,c-y,radius
0,20130320T013224.432991_43_aug_7.csv,88.61,1.94,19.25
1,20130320T013224.432991_43_aug_7.csv,33.33,34.17,20.37
2,20130320T013224.432991_43_aug_7.csv,85.56,165.0,17.59
3,20130320T013224.432991_43_aug_7.csv,75.56,191.67,13.42
4,20130320T013224.432991_43_aug_7.csv,178.33,196.67,17.31
5,20130320T013224.432991_43_aug_7.csv,210.83,187.5,17.31
