,name,c-x,c-y,radius
0,20130320T004611.995093.Cam6_24_aug_1.csv,236.9666290283203,45.73276138305664,18.73
