,name,c-x,c-y,radius
0,20130320T005114.096601.Cam6_33_aug_5.csv,253.16,55.16,23.55
1,20130320T005114.096601.Cam6_33_aug_5.csv,270.58,49.68,20.64
2,20130320T005114.096601.Cam6_33_aug_5.csv,14.769999999999982,51.29,20.64
