,name,c-x,c-y,radius
0,20130320T004757.711657.Cam6_21_aug_3.csv,177.6671905517578,58.564701080322266,17.19
