,name,c-x,c-y,radius
0,20130320T004610.471314.Cam6_34_aug_1.csv,226.67787170410156,75.71135711669922,13.73
