,name,c-x,c-y,radius
0,20130320T004715.425029.Cam6_73_aug_2.csv,226.23687744140625,63.26447296142578,12.57
1,20130320T004715.425029.Cam6_73_aug_2.csv,172.77688598632812,45.19447708129883,11.8
