,name,c-x,c-y,radius
0,20130320T013717.200819_33_aug_5.csv,107.69563293457031,139.0742645263672,18.42
1,20130320T013717.200819_33_aug_5.csv,128.80563354492188,108.79426574707031,18.98
2,20130320T013717.200819_33_aug_5.csv,70.19563293457031,108.52426147460938,18.98
