,name,c-x,c-y,radius
0,20130320T004849.331732.Cam6_43_aug_0.csv,46.559326171875,83.57239532470703,28.71
1,20130320T004849.331732.Cam6_43_aug_0.csv,70.09931945800781,93.25239562988281,28.71
2,20130320T004849.331732.Cam6_43_aug_0.csv,47.519317626953125,43.572391510009766,19.67
3,20130320T004849.331732.Cam6_43_aug_0.csv,31.399322509765625,37.44239044189453,19.67
4,20130320T004849.331732.Cam6_43_aug_0.csv,28.48931884765625,50.03239059448242,19.67
