,name,c-x,c-y,radius
0,20130320T012833.380630_32_aug_6.csv,66.88999999999999,143.33,16.2
1,20130320T012833.380630_32_aug_6.csv,62.72,175.56,16.2
2,20130320T012833.380630_32_aug_6.csv,36.329999999999984,153.89,18.7
3,20130320T012833.380630_32_aug_6.csv,25.220000000000027,102.22,16.2
4,20130320T012833.380630_32_aug_6.csv,15.220000000000027,73.33,18.98
