,name,c-x,c-y,radius
0,20130320T004420.945168.Cam6_44_aug_6.csv,199.3509521484375,134.639892578125,10.95
1,20130320T004420.945168.Cam6_44_aug_6.csv,216.8509521484375,132.139892578125,10.95
2,20130320T004420.945168.Cam6_44_aug_6.csv,207.79095458984375,152.44989013671875,10.95
