,name,c-x,c-y,radius
0,20130320T004419.802268.Cam6_53_aug_3.csv,104.61449432373047,128.92218017578125,17.51
