,name,c-x,c-y,radius
0,20130320T013312.814961_43_aug_1.csv,260.78,76.39,19.25
1,20130320T013312.814961_43_aug_1.csv,158.0,40.83,15.09
2,20130320T013312.814961_43_aug_1.csv,154.39,181.94,16.48
3,20130320T013312.814961_43_aug_1.csv,124.94,145.28,15.37
4,20130320T013312.814961_43_aug_1.csv,117.16999999999999,166.39,15.64
5,20130320T013312.814961_43_aug_1.csv,95.78,190.83,16.75
