,name,c-x,c-y,radius
0,20130320T013217.956608_31_aug_0.csv,136.06100463867188,68.15736389160156,27.87
1,20130320T013217.956608_31_aug_0.csv,89.12100219726562,80.09736633300781,26.48
