,name,c-x,c-y,radius
0,20130320T005318.670649.Cam6_12_aug_7.csv,113.87,147.42,17.74
1,20130320T005318.670649.Cam6_12_aug_7.csv,120.0,185.16,19.67
