,name,c-x,c-y,radius
0,20130320T012926.715092_24_aug_3.csv,208.28,153.89,19.53
1,20130320T012926.715092_24_aug_3.csv,246.06,146.67,18.7
2,20130320T012926.715092_24_aug_3.csv,258.83,177.5,17.59
