,name,c-x,c-y,radius
0,20130320T005239.812601.Cam6_34_aug_0.csv,206.96356201171875,151.6472625732422,22.26
1,20130320T005239.812601.Cam6_34_aug_0.csv,224.70355224609375,184.55726623535156,20.32
2,20130320T005239.812601.Cam6_34_aug_0.csv,65.67355346679688,143.2672576904297,19.03
