,name,c-x,c-y,radius
0,20130320T004431.612130.Cam6_52_aug_0.csv,55.81,57.81,10.33
1,20130320T004431.612130.Cam6_52_aug_0.csv,215.81,69.37,8.45
2,20130320T004431.612130.Cam6_52_aug_0.csv,9.560000000000002,67.19,8.45
