,name,c-x,c-y,radius
0,20130320T004611.042700.Cam6_31_aug_0.csv,116.81082153320312,135.87831115722656,14.5
1,20130320T004611.042700.Cam6_31_aug_0.csv,90.65081787109375,126.25831604003906,14.5
2,20130320T004611.042700.Cam6_31_aug_0.csv,76.81082153320312,142.41830444335938,14.5
