,name,c-x,c-y,radius
0,20130320T005136.573304.Cam6_24_aug_2.csv,245.78011322021484,93.84779357910156,21.93
1,20130320T005136.573304.Cam6_24_aug_2.csv,278.03011894226074,120.29779815673828,20.64
2,20130320T005136.573304.Cam6_24_aug_2.csv,237.0701141357422,136.42779541015625,21.61
3,20130320T005136.573304.Cam6_24_aug_2.csv,86.42012023925781,110.94779205322266,19.03
