,name,c-x,c-y,radius
0,20130320T013505.579136_41_aug_1.csv,225.78,52.22,14.81
1,20130320T013505.579136_41_aug_1.csv,233.0,41.94,14.81
2,20130320T013505.579136_41_aug_1.csv,226.06,29.44,12.87
3,20130320T013505.579136_41_aug_1.csv,101.06,120.83,15.09
4,20130320T013505.579136_41_aug_1.csv,76.33000000000001,115.28,18.7
5,20130320T013505.579136_41_aug_1.csv,51.889999999999986,135.0,14.53
