,name,c-x,c-y,radius
0,20130320T005421.148066.Cam6_61_aug_6.csv,63.83000000000001,57.78,13.14
1,20130320T005421.148066.Cam6_61_aug_6.csv,9.939999999999998,29.17,10.37
2,20130320T005421.148066.Cam6_61_aug_6.csv,174.94,30.56,10.37
