,name,c-x,c-y,radius
0,20130320T004613.518999.Cam6_62_aug_3.csv,145.64340209960938,66.8105239868164,12.19
1,20130320T004613.518999.Cam6_62_aug_3.csv,119.1034164428711,57.96052932739258,11.8
2,20130320T004613.518999.Cam6_62_aug_3.csv,154.10340881347656,31.4205265045166,10.65
3,20130320T004613.518999.Cam6_62_aug_3.csv,235.64340209960938,41.81053161621094,11.8
4,20130320T004613.518999.Cam6_62_aug_3.csv,242.18341064453125,34.880531311035156,11.8
