,name,c-x,c-y,radius
0,20130320T004425.516756.Cam6_43_aug_6.csv,230.7465362548828,173.83383178710938,11.89
1,20130320T004425.516756.Cam6_43_aug_6.csv,211.68653869628906,175.40383911132812,11.26
