,name,c-x,c-y,radius
0,20130320T005055.620097.Cam6_52_aug_0.csv,159.94,165.48,14.84
1,20130320T005055.620097.Cam6_52_aug_0.csv,132.19,160.65,14.84
2,20130320T005055.620097.Cam6_52_aug_0.csv,305.1,157.42,15.8
3,20130320T005055.620097.Cam6_52_aug_0.csv,83.81,90.0,14.84
4,20130320T005055.620097.Cam6_52_aug_0.csv,45.10000000000002,141.94,14.84
5,20130320T005055.620097.Cam6_52_aug_0.csv,27.680000000000007,138.39,14.84
