,name,c-x,c-y,radius
0,20130320T005044.762746.Cam6_62_aug_7.csv,195.81,110.0,13.87
1,20130320T005044.762746.Cam6_62_aug_7.csv,216.13,124.19,15.16
2,20130320T005044.762746.Cam6_62_aug_7.csv,295.81,89.35,11.29
