,name,c-x,c-y,radius
0,20130320T005651.246417.Cam6_23_aug_4.csv,27.624021530151367,118.46404266357422,19.53
