,name,c-x,c-y,radius
0,20130320T005735.247332.Cam6_43_aug_2.csv,152.2969512939453,101.2108154296875,25.09
