,name,c-x,c-y,radius
0,20130320T004743.616122.Cam6_34_aug_4.csv,211.6062469482422,64.06714630126953,17.96
1,20130320T004743.616122.Cam6_34_aug_4.csv,133.14625549316406,64.83715057373047,17.96
2,20130320T004743.616122.Cam6_34_aug_4.csv,150.06625366210938,62.147151947021484,17.96
3,20130320T004743.616122.Cam6_34_aug_4.csv,53.146244049072266,115.60714721679688,17.96
4,20130320T004743.616122.Cam6_34_aug_4.csv,62.37624740600586,133.67715454101562,17.96
