,name,c-x,c-y,radius
0,20130320T013303.481404_32_aug_3.csv,291.33,118.06,15.64
1,20130320T013303.481404_32_aug_3.csv,196.32999999999998,78.89,14.25
2,20130320T013303.481404_32_aug_3.csv,201.61,105.83,13.42
3,20130320T013303.481404_32_aug_3.csv,178.28,118.89,15.37
