,name,c-x,c-y,radius
0,20130320T004606.280730.Cam6_51_aug_0.csv,129.7377471923828,60.37340545654297,14.88
1,20130320T004606.280730.Cam6_51_aug_0.csv,103.19774627685547,62.30340576171875,14.88
2,20130320T004606.280730.Cam6_51_aug_0.csv,150.50775146484375,40.76340866088867,14.11
