,name,c-x,c-y,radius
0,20130320T013101.574161_42_aug_3.csv,168.37265014648438,94.01746368408203,17.03
1,20130320T013101.574161_42_aug_3.csv,59.20265197753906,86.51746368408203,17.03
