,name,c-x,c-y,radius
0,20130320T012837.190206_21_aug_5.csv,218.47142791748047,98.96060180664062,14.81
1,20130320T012837.190206_21_aug_5.csv,144.31141662597656,95.35060119628906,17.31
