,name,c-x,c-y,radius
0,20130320T013223.861478_33_aug_6.csv,210.48851776123047,169.1431121826172,17.03
1,20130320T013223.861478_33_aug_6.csv,167.70852661132812,134.97311401367188,19.25
