,name,c-x,c-y,radius
0,20130320T004611.042700.Cam6_31_aug_4.csv,143.6193389892578,132.96429443359375,14.5
1,20130320T004611.042700.Cam6_31_aug_4.csv,117.45933532714844,123.34430694580078,14.5
2,20130320T004611.042700.Cam6_31_aug_4.csv,103.61933898925781,139.50428771972656,14.5
