,name,c-x,c-y,radius
0,20130320T005428.005335.Cam6_21_aug_6.csv,101.61945343017578,44.42779541015625,18.42
1,20130320T005428.005335.Cam6_21_aug_6.csv,72.44945526123047,55.53779220581055,17.59
