,name,c-x,c-y,radius
0,20130320T004432.755029.Cam6_44_aug_6.csv,107.00506591796875,138.21290588378906,8.45
1,20130320T004432.755029.Cam6_44_aug_6.csv,209.50506591796875,156.0329132080078,7.51
2,20130320T004432.755029.Cam6_44_aug_6.csv,199.50506591796875,163.5329132080078,8.45
3,20130320T004432.755029.Cam6_44_aug_6.csv,132.945068359375,41.342918395996094,10.01
