,name,c-x,c-y,radius
0,20130320T004615.614293.Cam6_51_aug_4.csv,248.74404525756836,21.11932373046875,12.19
1,20130320T004615.614293.Cam6_51_aug_4.csv,248.74404525756836,29.199321746826172,11.42
2,20130320T004615.614293.Cam6_51_aug_4.csv,228.74404907226562,28.809322357177734,11.42
3,20130320T004615.614293.Cam6_51_aug_4.csv,229.51404571533203,18.039321899414062,12.19
