,name,c-x,c-y,radius
0,20130320T004402.659157.Cam6_43_aug_5.csv,141.60902404785156,89.88829040527344,25.33
1,20130320T004402.659157.Cam6_43_aug_5.csv,61.92902755737305,118.32828521728516,20.01
