,name,c-x,c-y,radius
0,20130320T012857.571624_33_aug_1.csv,148.77366638183594,169.65008544921875,17.31
1,20130320T012857.571624_33_aug_1.csv,154.89366149902344,135.7600860595703,18.98
2,20130320T012857.571624_33_aug_1.csv,243.22367095947266,87.4300765991211,16.2
