,name,c-x,c-y,radius
0,20130320T005604.007318.Cam6_12_aug_2.csv,72.95549774169922,62.59376907348633,17.87
