,name,c-x,c-y,radius
0,20130320T013318.910209_33_aug_3.csv,43.56,175.56,16.48
1,20130320T013318.910209_33_aug_3.csv,12.170000000000016,168.06,16.48
2,20130320T013318.910209_33_aug_3.csv,26.060000000000002,199.44,13.14
