,name,c-x,c-y,radius
0,20130320T004438.278894.Cam6_42_aug_6.csv,229.4342803955078,63.10159683227539,10.64
1,20130320T004438.278894.Cam6_42_aug_6.csv,250.36427307128906,64.97158813476562,10.64
2,20130320T004438.278894.Cam6_42_aug_6.csv,270.9942626953125,106.85159301757812,10.64
3,20130320T004438.278894.Cam6_42_aug_6.csv,228.8042755126953,102.7815933227539,10.01
