,name,c-x,c-y,radius
0,20130320T005052.191401.Cam6_64_aug_1.csv,280.9,98.39,15.8
1,20130320T005052.191401.Cam6_64_aug_1.csv,177.35,82.26,14.51
2,20130320T005052.191401.Cam6_64_aug_1.csv,5.420000000000016,78.39,14.51
3,20130320T005052.191401.Cam6_64_aug_1.csv,40.579999999999984,3.87,14.51
