,name,c-x,c-y,radius
0,20130320T012821.189891_31_aug_4.csv,74.66999999999999,42.78,19.81
1,20130320T012821.189891_31_aug_4.csv,110.5,16.39,22.03
2,20130320T012821.189891_31_aug_4.csv,1.6100000000000136,48.89,18.42
