,name,c-x,c-y,radius
0,20130320T012820.428000_21_aug_4.csv,225.75928497314453,138.1157989501953,17.87
1,20130320T012820.428000_21_aug_4.csv,131.30929565429688,177.28579711914062,17.87
2,20130320T012820.428000_21_aug_4.csv,127.69929504394531,145.6157989501953,18.98
3,20130320T012820.428000_21_aug_4.csv,95.19929504394531,160.6157989501953,19.81
