,name,c-x,c-y,radius
0,20130320T005607.817023.Cam6_72_aug_0.csv,300.56,123.89,13.7
1,20130320T005607.817023.Cam6_72_aug_0.csv,273.89,127.22,12.59
2,20130320T005607.817023.Cam6_72_aug_0.csv,63.61,63.89,12.03
3,20130320T005607.817023.Cam6_72_aug_0.csv,116.67,4.72,12.87
