,name,c-x,c-y,radius
0,20130320T013217.956608_31_aug_3.csv,154.29600524902344,83.233154296875,27.87
1,20130320T013217.956608_31_aug_3.csv,107.35600280761719,95.17315673828125,26.48
