,name,c-x,c-y,radius
0,20130320T004405.325839.Cam6_34_aug_3.csv,240.83453369140625,99.54058074951172,20.64
