,name,c-x,c-y,radius
0,20130320T005825.153103.Cam6_13_aug_7.csv,41.11,36.67,25.64
1,20130320T005825.153103.Cam6_13_aug_7.csv,44.17,145.83,25.64
2,20130320T005825.153103.Cam6_13_aug_7.csv,66.11,129.17,23.14
3,20130320T005825.153103.Cam6_13_aug_7.csv,152.5,121.11,18.42
4,20130320T005825.153103.Cam6_13_aug_7.csv,171.11,156.11,26.48
