,name,c-x,c-y,radius
0,20130320T005822.486424.Cam6_43_aug_5.csv,80.5460205078125,111.59321594238281,26.2
1,20130320T005822.486424.Cam6_43_aug_5.csv,110.5460205078125,82.15321350097656,32.59
