,name,c-x,c-y,radius
0,20130320T005119.430084.Cam6_11_aug_3.csv,193.38784790039062,104.33478546142578,12.58
