,name,c-x,c-y,radius
0,20130320T005957.916873.Cam6_42_aug_0.csv,71.33000000000001,121.67,17.59
1,20130320T005957.916873.Cam6_42_aug_0.csv,39.94,105.56,18.98
2,20130320T005957.916873.Cam6_42_aug_0.csv,13.279999999999973,148.61,22.87
3,20130320T005957.916873.Cam6_42_aug_0.csv,79.94,82.22,23.98
4,20130320T005957.916873.Cam6_42_aug_0.csv,38.829999999999984,75.56,18.98
