,name,c-x,c-y,radius
0,20130320T004611.995093.Cam6_24_aug_3.csv,252.33860778808594,62.594383239746094,18.73
