,name,c-x,c-y,radius
0,20130320T005455.053505.Cam6_53_aug_7.csv,259.72,198.89,18.42
1,20130320T005455.053505.Cam6_53_aug_7.csv,214.72,168.33,16.75
2,20130320T005455.053505.Cam6_53_aug_7.csv,175.0,178.89,15.92
3,20130320T005455.053505.Cam6_53_aug_7.csv,138.33,128.61,17.03
4,20130320T005455.053505.Cam6_53_aug_7.csv,174.44,88.06,17.31
5,20130320T005455.053505.Cam6_53_aug_7.csv,255.28,146.67,14.81
