,name,c-x,c-y,radius
0,20130320T004719.806124.Cam6_32_aug_1.csv,76.68794250488281,112.44769287109375,17.96
1,20130320T004719.806124.Cam6_32_aug_1.csv,64.75794219970703,72.05769348144531,17.96
2,20130320T004719.806124.Cam6_32_aug_1.csv,49.757938385009766,153.5977020263672,14.88
