,name,c-x,c-y,radius
0,20130320T005313.527669.Cam6_32_aug_1.csv,146.06,160.65,21.29
1,20130320T005313.527669.Cam6_32_aug_1.csv,125.1,129.03,22.58
2,20130320T005313.527669.Cam6_32_aug_1.csv,164.77,118.06,21.29
3,20130320T005313.527669.Cam6_32_aug_1.csv,69.28999999999999,61.29,19.03
4,20130320T005313.527669.Cam6_32_aug_1.csv,100.9,49.03,19.03
5,20130320T005313.527669.Cam6_32_aug_1.csv,86.71000000000001,26.45,19.03
