,name,c-x,c-y,radius
0,20130320T013333.386760_33_aug_4.csv,99.19095611572266,99.51385498046875,22.31
1,20130320T013333.386760_33_aug_4.csv,80.5809555053711,140.6238555908203,25.64
2,20130320T013333.386760_33_aug_4.csv,33.91094970703125,64.23385620117188,25.64
