,name,c-x,c-y,radius
0,20130320T005021.143132.Cam6_32_aug_7.csv,35.16,200.65,20.64
1,20130320T005021.143132.Cam6_32_aug_7.csv,270.97,136.45,22.9
2,20130320T005021.143132.Cam6_32_aug_7.csv,278.39,172.9,22.9
3,20130320T005021.143132.Cam6_32_aug_7.csv,170.0,183.23,16.45
4,20130320T005021.143132.Cam6_32_aug_7.csv,140.65,196.13,14.84
