,name,c-x,c-y,radius
0,20130320T005748.390478.Cam6_53_aug_6.csv,220.5,62.22,20.09
1,20130320T005748.390478.Cam6_53_aug_6.csv,206.32999999999998,7.22,16.48
2,20130320T005748.390478.Cam6_53_aug_6.csv,304.67,168.89,16.48
3,20130320T005748.390478.Cam6_53_aug_6.csv,272.72,165.83,16.48
