,name,c-x,c-y,radius
0,20130320T012921.952995_22_aug_5.csv,111.11,170.28,15.37
1,20130320T012921.952995_22_aug_5.csv,79.17,130.28,15.37
2,20130320T012921.952995_22_aug_5.csv,78.33,95.0,15.37
3,20130320T012921.952995_22_aug_5.csv,61.11,32.22,15.37
4,20130320T012921.952995_22_aug_5.csv,20.56,31.11,15.37
5,20130320T012921.952995_22_aug_5.csv,0.0,105.83,15.37
