,name,c-x,c-y,radius
0,20130320T005750.676273.Cam6_52_aug_5.csv,223.56,170.56,17.03
1,20130320T005750.676273.Cam6_52_aug_5.csv,213.56,180.28,16.2
2,20130320T005750.676273.Cam6_52_aug_5.csv,190.22,147.5,16.75
3,20130320T005750.676273.Cam6_52_aug_5.csv,229.67000000000002,130.56,17.31
4,20130320T005750.676273.Cam6_52_aug_5.csv,174.39,42.78,21.2
5,20130320T005750.676273.Cam6_52_aug_5.csv,129.39,152.5,16.48
6,20130320T005750.676273.Cam6_52_aug_5.csv,104.66999999999999,160.83,15.64
7,20130320T005750.676273.Cam6_52_aug_5.csv,47.170000000000016,142.78,17.31
8,20130320T005750.676273.Cam6_52_aug_5.csv,26.329999999999984,123.61,17.31
