,name,c-x,c-y,radius
0,20130320T005824.200708.Cam6_52_aug_6.csv,295.7035827636719,98.35099792480469,17.87
1,20130320T005824.200708.Cam6_52_aug_6.csv,286.5435791015625,101.4010009765625,17.87
2,20130320T005824.200708.Cam6_52_aug_6.csv,252.09356689453125,88.62100219726562,24.81
3,20130320T005824.200708.Cam6_52_aug_6.csv,225.43356323242188,112.24099731445312,23.7
4,20130320T005824.200708.Cam6_52_aug_6.csv,194.59356689453125,120.29100036621094,20.37
5,20130320T005824.200708.Cam6_52_aug_6.csv,107.93356323242188,105.29100036621094,22.03
