,name,c-x,c-y,radius
0,20130320T005434.672219.Cam6_61_aug_1.csv,231.8131866455078,82.73789978027344,12.87
1,20130320T005434.672219.Cam6_61_aug_1.csv,252.6431884765625,50.51790237426758,12.87
