,name,c-x,c-y,radius
0,20130320T005233.336339.Cam6_71_aug_5.csv,275.63800048828125,94.47021484375,13.87
1,20130320T005233.336339.Cam6_71_aug_5.csv,228.21800231933594,31.570213317871094,11.61
2,20130320T005233.336339.Cam6_71_aug_5.csv,177.56800842285156,50.27021026611328,11.61
3,20130320T005233.336339.Cam6_71_aug_5.csv,163.05801391601562,59.310211181640625,11.61
4,20130320T005233.336339.Cam6_71_aug_5.csv,123.69800567626953,94.47021484375,12.9
5,20130320T005233.336339.Cam6_71_aug_5.csv,155.9580078125,80.60021209716797,10.64
