,name,c-x,c-y,radius
0,20130320T004611.995093.Cam6_24_aug_0.csv,215.33180236816406,30.20216178894043,18.73
