,name,c-x,c-y,radius
0,20130320T013512.817404_42_aug_3.csv,99.17,114.44,19.25
1,20130320T013512.817404_42_aug_3.csv,254.72,125.56,16.2
2,20130320T013512.817404_42_aug_3.csv,281.67,151.39,18.7
3,20130320T013512.817404_42_aug_3.csv,23.61,18.33,20.92
