,name,c-x,c-y,radius
0,20130320T005754.866735.Cam6_22_aug_1.csv,221.2256317138672,89.10888671875,20.92
1,20130320T005754.866735.Cam6_22_aug_1.csv,265.6756286621094,59.388885498046875,20.92
2,20130320T005754.866735.Cam6_22_aug_1.csv,273.1756286621094,97.43888854980469,20.92
