,name,c-x,c-y,radius
0,20130320T005546.673706.Cam6_72_aug_3.csv,89.98130798339844,156.17823791503906,16.48
1,20130320T005546.673706.Cam6_72_aug_3.csv,106.93130493164062,152.5682373046875,18.7
