,name,c-x,c-y,radius
0,20130320T005417.719497.Cam6_53_aug_3.csv,163.62625122070312,55.882755279541016,21.61
