,name,c-x,c-y,radius
0,20130320T005550.673788.Cam6_43_aug_7.csv,68.61,87.22,22.59
1,20130320T005550.673788.Cam6_43_aug_7.csv,73.06,111.67,17.87
2,20130320T005550.673788.Cam6_43_aug_7.csv,73.33,7.78,20.09
3,20130320T005550.673788.Cam6_43_aug_7.csv,139.44,6.11,17.87
4,20130320T005550.673788.Cam6_43_aug_7.csv,283.61,10.0,22.03
5,20130320T005550.673788.Cam6_43_aug_7.csv,202.22,197.22,23.7
6,20130320T005550.673788.Cam6_43_aug_7.csv,272.78,172.78,22.87
