,name,c-x,c-y,radius
0,20130320T012945.382090_14_aug_4.csv,215.00318145751953,173.81321716308594,19.25
1,20130320T012945.382090_14_aug_4.csv,183.89318084716797,138.81321716308594,19.25
2,20130320T012945.382090_14_aug_4.csv,212.22318267822266,134.93321228027344,19.25
3,20130320T012945.382090_14_aug_4.csv,219.17317962646484,125.76322174072266,19.25
4,20130320T012945.382090_14_aug_4.csv,201.67317962646484,98.81322479248047,21.48
5,20130320T012945.382090_14_aug_4.csv,178.89317321777344,64.6532211303711,19.81
6,20130320T012945.382090_14_aug_4.csv,166.9531707763672,36.593223571777344,20.92
