,name,c-x,c-y,radius
0,20130320T005019.809853.Cam6_41_aug_4.csv,229.94,120.32,20.32
1,20130320T005019.809853.Cam6_41_aug_4.csv,296.39,45.81,18.38
2,20130320T005019.809853.Cam6_41_aug_4.csv,255.42000000000002,184.19,18.38
3,20130320T005019.809853.Cam6_41_aug_4.csv,187.35,111.29,18.38
4,20130320T005019.809853.Cam6_41_aug_4.csv,160.26,151.61,19.67
5,20130320T005019.809853.Cam6_41_aug_4.csv,151.87,167.74,19.67
6,20130320T005019.809853.Cam6_41_aug_4.csv,125.1,164.19,24.19
7,20130320T005019.809853.Cam6_41_aug_4.csv,98.32,159.68,24.19
