,name,c-x,c-y,radius
0,20130320T005409.909839.Cam6_53_aug_0.csv,268.7522888183594,29.300107955932617,19.67
