,name,c-x,c-y,radius
0,20130320T004849.331732.Cam6_43_aug_5.csv,55.81217956542969,104.0938949584961,28.71
1,20130320T004849.331732.Cam6_43_aug_5.csv,79.35218811035156,113.77389526367188,28.71
2,20130320T004849.331732.Cam6_43_aug_5.csv,56.772186279296875,64.09388732910156,19.67
3,20130320T004849.331732.Cam6_43_aug_5.csv,40.652191162109375,57.963890075683594,19.67
4,20130320T004849.331732.Cam6_43_aug_5.csv,37.7421875,70.55388641357422,19.67
