,name,c-x,c-y,radius
0,20130320T013024.240028_32_aug_3.csv,83.53538513183594,111.2037124633789,22.59
1,20130320T013024.240028_32_aug_3.csv,120.20538330078125,105.93370819091797,26.75
