,name,c-x,c-y,radius
0,20130320T004421.516678.Cam6_41_aug_4.csv,74.37,95.31,16.58
1,20130320T004421.516678.Cam6_41_aug_4.csv,118.12,25.0,15.33
2,20130320T004421.516678.Cam6_41_aug_4.csv,179.37,112.19,18.14
3,20130320T004421.516678.Cam6_41_aug_4.csv,229.69,116.87,20.95
4,20130320T004421.516678.Cam6_41_aug_4.csv,234.37,160.94,24.7
5,20130320T004421.516678.Cam6_41_aug_4.csv,278.75,168.44,24.7
