,name,c-x,c-y,radius
0,20130320T004358.849450.Cam6_43_aug_6.csv,82.98017120361328,50.803672790527344,26.89
