,name,c-x,c-y,radius
0,20130320T004858.855806.Cam6_33_aug_6.csv,59.10560989379883,59.955230712890625,22.9
1,20130320T004858.855806.Cam6_33_aug_6.csv,64.26560974121094,100.27523040771484,17.74
