,name,c-x,c-y,radius
0,20130320T013430.340287_53_aug_3.csv,251.09109497070312,130.95468139648438,29.53
1,20130320T013430.340287_53_aug_3.csv,196.9210968017578,140.6746826171875,29.53
