,name,c-x,c-y,radius
0,20130320T005412.195512.Cam6_33_aug_6.csv,26.77,56.45,30.32
1,20130320T005412.195512.Cam6_33_aug_6.csv,15.81,132.26,25.8
2,20130320T005412.195512.Cam6_33_aug_6.csv,131.94,196.13,17.09
3,20130320T005412.195512.Cam6_33_aug_6.csv,100.32,170.97,21.61
