,name,c-x,c-y,radius
0,20130320T013610.532832_42_aug_5.csv,87.88519287109375,141.25267028808594,19.81
1,20130320T013610.532832_42_aug_5.csv,136.4951934814453,147.09266662597656,19.81
2,20130320T013610.532832_42_aug_5.csv,182.88520050048828,115.14266967773438,19.25
3,20130320T013610.532832_42_aug_5.csv,262.885196685791,64.31266784667969,25.37
