,name,c-x,c-y,radius
0,20130320T005733.723551.Cam6_21_aug_1.csv,167.65577697753906,109.29283142089844,19.81
1,20130320T005733.723551.Cam6_21_aug_1.csv,162.0957794189453,75.40283203125,15.92
2,20130320T005733.723551.Cam6_21_aug_1.csv,180.15576934814453,80.12283325195312,15.92
3,20130320T005733.723551.Cam6_21_aug_1.csv,224.04576873779297,95.96282958984375,18.42
4,20130320T005733.723551.Cam6_21_aug_1.csv,212.09577178955078,59.29283142089844,19.53
5,20130320T005733.723551.Cam6_21_aug_1.csv,212.65576934814453,37.90283203125,16.48
6,20130320T005733.723551.Cam6_21_aug_1.csv,242.09577178955078,51.79283142089844,17.87
