,name,c-x,c-y,radius
0,20130320T013026.335322_23_aug_3.csv,167.72,173.89,20.09
1,20130320T013026.335322_23_aug_3.csv,211.89,170.83,19.25
2,20130320T013026.335322_23_aug_3.csv,92.72,111.39,19.81
3,20130320T013026.335322_23_aug_3.csv,78.56,113.89,19.25
4,20130320T013026.335322_23_aug_3.csv,52.44,96.94,19.25
5,20130320T013026.335322_23_aug_3.csv,205.5,80.56,19.81
6,20130320T013026.335322_23_aug_3.csv,191.32999999999998,48.61,20.64
7,20130320T013026.335322_23_aug_3.csv,235.22,30.28,21.2
8,20130320T013026.335322_23_aug_3.csv,263.56,35.28,23.14
