,name,c-x,c-y,radius
0,20130320T004618.280974.Cam6_61_aug_1.csv,190.41827392578125,96.86061096191406,10.64
1,20130320T004618.280974.Cam6_61_aug_1.csv,185.93826293945312,112.380615234375,10.64
2,20130320T004618.280974.Cam6_61_aug_1.csv,208.3482666015625,109.62061309814453,10.64
3,20130320T004618.280974.Cam6_61_aug_1.csv,209.728271484375,133.7606201171875,10.64
