,name,c-x,c-y,radius
0,20130320T013505.769640_52_aug_6.csv,88.74108123779297,116.19001770019531,15.92
1,20130320T013505.769640_52_aug_6.csv,90.40108489990234,105.6400146484375,15.92
