,name,c-x,c-y,radius
0,20130320T005920.773362.Cam6_42_aug_0.csv,242.38292694091797,99.429443359375,25.64
