,name,c-x,c-y,radius
0,20130320T004704.948559.Cam6_32_aug_6.csv,183.51999999999998,97.93,17.89
1,20130320T004704.948559.Cam6_32_aug_6.csv,209.03,121.38,15.82
2,20130320T004704.948559.Cam6_32_aug_6.csv,188.34,135.52,16.51
3,20130320T004704.948559.Cam6_32_aug_6.csv,143.52,25.17,17.54
4,20130320T004704.948559.Cam6_32_aug_6.csv,174.9,7.93,17.54
