,name,c-x,c-y,radius
0,20130320T005758.295430.Cam6_13_aug_6.csv,242.72,187.5,18.98
1,20130320T005758.295430.Cam6_13_aug_6.csv,160.5,177.22,18.98
2,20130320T005758.295430.Cam6_13_aug_6.csv,110.5,115.28,20.64
3,20130320T005758.295430.Cam6_13_aug_6.csv,104.94,83.06,18.7
4,20130320T005758.295430.Cam6_13_aug_6.csv,101.88999999999999,20.0,18.7
5,20130320T005758.295430.Cam6_13_aug_6.csv,72.72,1.11,18.7
6,20130320T005758.295430.Cam6_13_aug_6.csv,66.88999999999999,40.83,16.75
