,name,c-x,c-y,radius
0,20130320T005612.578997.Cam6_61_aug_3.csv,53.666473388671875,129.72698974609375,21.48
1,20130320T005612.578997.Cam6_61_aug_3.csv,36.166473388671875,119.99699401855469,20.37
2,20130320T005612.578997.Cam6_61_aug_3.csv,46.44647216796875,46.11698913574219,17.87
3,20130320T005612.578997.Cam6_61_aug_3.csv,73.94647216796875,41.11699295043945,17.87
4,20130320T005612.578997.Cam6_61_aug_3.csv,115.61647033691406,44.72698974609375,17.03
