,name,c-x,c-y,radius
0,20130320T005746.104680.Cam6_43_aug_1.csv,298.0,169.44,19.25
1,20130320T005746.104680.Cam6_43_aug_1.csv,236.32999999999998,8.61,21.48
2,20130320T005746.104680.Cam6_43_aug_1.csv,183.0,21.94,23.7
3,20130320T005746.104680.Cam6_43_aug_1.csv,111.06,43.06,21.2
4,20130320T005746.104680.Cam6_43_aug_1.csv,35.77999999999997,25.28,17.59
