,name,c-x,c-y,radius
0,20130320T004707.424859.Cam6_22_aug_1.csv,230.07,167.59,35.82
1,20130320T004707.424859.Cam6_22_aug_1.csv,298.34,152.76,34.78
2,20130320T004707.424859.Cam6_22_aug_1.csv,240.76,172.76,34.09
3,20130320T004707.424859.Cam6_22_aug_1.csv,102.83000000000001,194.48,24.44
4,20130320T004707.424859.Cam6_22_aug_1.csv,73.52000000000001,121.38,23.06
5,20130320T004707.424859.Cam6_22_aug_1.csv,101.1,117.24,22.37
6,20130320T004707.424859.Cam6_22_aug_1.csv,139.38,162.41,17.89
