,name,c-x,c-y,radius
0,20130320T012947.286881_21_aug_3.csv,262.5114440917969,57.02159881591797,19.81
1,20130320T012947.286881_21_aug_3.csv,211.13145446777344,100.90159606933594,19.81
