,name,c-x,c-y,radius
0,20130320T005105.715556.Cam6_33_aug_1.csv,172.9,192.58,16.45
1,20130320T005105.715556.Cam6_33_aug_1.csv,202.58,151.94,16.45
