,name,c-x,c-y,radius
0,20130320T005812.009959.Cam6_51_aug_1.csv,278.83,105.56,26.2
1,20130320T005812.009959.Cam6_51_aug_1.csv,287.17,51.94,19.25
2,20130320T005812.009959.Cam6_51_aug_1.csv,204.67000000000002,96.11,21.48
3,20130320T005812.009959.Cam6_51_aug_1.csv,134.67,171.39,20.37
4,20130320T005812.009959.Cam6_51_aug_1.csv,140.78,176.67,20.37
5,20130320T005812.009959.Cam6_51_aug_1.csv,101.33000000000001,175.28,18.14
6,20130320T005812.009959.Cam6_51_aug_1.csv,60.22,197.22,21.48
7,20130320T005812.009959.Cam6_51_aug_1.csv,111.88999999999999,32.5,21.48
8,20130320T005812.009959.Cam6_51_aug_1.csv,78.56,26.11,20.37
