,name,c-x,c-y,radius
0,20130320T005614.102778.Cam6_73_aug_4.csv,233.39051818847656,159.1709747314453,14.53
