,name,c-x,c-y,radius
0,20130320T005238.288819.Cam6_34_aug_5.csv,139.29,109.35,18.06
1,20130320T005238.288819.Cam6_34_aug_5.csv,121.87,81.61,19.35
2,20130320T005238.288819.Cam6_34_aug_5.csv,98.65,117.74,18.71
3,20130320T005238.288819.Cam6_34_aug_5.csv,83.16,111.61,18.71
4,20130320T005238.288819.Cam6_34_aug_5.csv,52.19,132.9,16.77
5,20130320T005238.288819.Cam6_34_aug_5.csv,27.350000000000023,118.06,16.77
6,20130320T005238.288819.Cam6_34_aug_5.csv,12.189999999999998,147.1,16.77
7,20130320T005238.288819.Cam6_34_aug_5.csv,249.29,45.48,17.74
