,name,c-x,c-y,radius
0,20130320T004858.855806.Cam6_33_aug_4.csv,207.33538818359375,70.57633209228516,22.9
1,20130320T004858.855806.Cam6_33_aug_4.csv,202.1753921508789,110.89633178710938,17.74
