,name,c-x,c-y,radius
0,20130320T013312.433956_22_aug_1.csv,121.11099243164062,126.45108032226562,15.37
1,20130320T013312.433956_22_aug_1.csv,148.0609893798828,114.79107666015625,15.92
2,20130320T013312.433956_22_aug_1.csv,123.61099243164062,103.12107849121094,15.92
3,20130320T013312.433956_22_aug_1.csv,104.17098999023438,77.84107971191406,16.48
4,20130320T013312.433956_22_aug_1.csv,133.33099365234375,69.79107666015625,16.48
5,20130320T013312.433956_22_aug_1.csv,164.17098999023438,59.231075286865234,16.48
6,20130320T013312.433956_22_aug_1.csv,86.3909912109375,38.68107223510742,15.92
