,name,c-x,c-y,radius
0,20130320T005949.535830.Cam6_42_aug_7.csv,126.94,138.61,22.31
1,20130320T005949.535830.Cam6_42_aug_7.csv,164.72,138.33,22.31
2,20130320T005949.535830.Cam6_42_aug_7.csv,21.94,142.78,24.25
3,20130320T005949.535830.Cam6_42_aug_7.csv,69.17,118.33,21.2
4,20130320T005949.535830.Cam6_42_aug_7.csv,9.44,31.39,28.98
5,20130320T005949.535830.Cam6_42_aug_7.csv,58.89,56.67,28.98
6,20130320T005949.535830.Cam6_42_aug_7.csv,85.56,64.17,24.53
7,20130320T005949.535830.Cam6_42_aug_7.csv,152.22,58.06,30.64
8,20130320T005949.535830.Cam6_42_aug_7.csv,198.61,25.56,27.03
