,name,c-x,c-y,radius
0,20130320T013115.669706_21_aug_5.csv,243.61,190.0,18.98
1,20130320T013115.669706_21_aug_5.csv,231.94,150.0,16.2
2,20130320T013115.669706_21_aug_5.csv,211.67,130.83,16.2
3,20130320T013115.669706_21_aug_5.csv,239.17,126.67,18.7
4,20130320T013115.669706_21_aug_5.csv,266.11,121.94,17.31
