,name,c-x,c-y,radius
0,20130320T004440.374187.Cam6_62_aug_0.csv,212.58871459960938,153.9116973876953,20.33
