,name,c-x,c-y,radius
0,20130320T005944.964239.Cam6_42_aug_1.csv,238.39584350585938,110.10466003417969,24.25
1,20130320T005944.964239.Cam6_42_aug_1.csv,192.005859375,112.88465881347656,23.14
2,20130320T005944.964239.Cam6_42_aug_1.csv,118.95586395263672,75.38465881347656,22.03
