,name,c-x,c-y,radius
0,20130320T013350.339486_32_aug_1.csv,251.67784881591797,133.35777282714844,21.2
