,name,c-x,c-y,radius
0,20130320T005629.722223.Cam6_43_aug_5.csv,193.56,201.11,20.64
1,20130320T005629.722223.Cam6_43_aug_5.csv,172.17,191.67,20.64
2,20130320T005629.722223.Cam6_43_aug_5.csv,159.11,158.89,17.87
3,20130320T005629.722223.Cam6_43_aug_5.csv,176.89,107.78,22.59
4,20130320T005629.722223.Cam6_43_aug_5.csv,170.5,91.11,19.53
5,20130320T005629.722223.Cam6_43_aug_5.csv,109.11000000000001,125.56,20.37
6,20130320T005629.722223.Cam6_43_aug_5.csv,76.33000000000001,116.11,17.59
7,20130320T005629.722223.Cam6_43_aug_5.csv,66.33000000000001,43.33,18.98
