,name,c-x,c-y,radius
0,20130320T004616.376184.Cam6_52_aug_1.csv,121.14888763427734,45.09489440917969,12.19
1,20130320T004616.376184.Cam6_52_aug_1.csv,145.37889099121094,44.324893951416016,12.19
2,20130320T004616.376184.Cam6_52_aug_1.csv,112.68888092041016,50.09489440917969,13.34
