,name,c-x,c-y,radius
0,20130320T005928.202018.Cam6_21_aug_2.csv,288.61,146.39,23.14
1,20130320T005928.202018.Cam6_21_aug_2.csv,250.28,188.61,18.98
2,20130320T005928.202018.Cam6_21_aug_2.csv,275.28,26.67,17.59
