,name,c-x,c-y,radius
0,20130320T013336.243945_43_aug_3.csv,189.18206787109375,113.16465759277344,25.64
1,20130320T013336.243945_43_aug_3.csv,139.18206787109375,134.8246612548828,29.53
