,name,c-x,c-y,radius
0,20130320T012823.285182_62_aug_1.csv,61.516109466552734,114.80857849121094,17.87
1,20130320T012823.285182_62_aug_1.csv,182.90611267089844,132.02857971191406,22.31
2,20130320T012823.285182_62_aug_1.csv,104.29611206054688,60.358585357666016,22.31
