,name,c-x,c-y,radius
0,20130320T004849.331732.Cam6_43_aug_4.csv,75.02818298339844,95.39159393310547,28.71
1,20130320T004849.331732.Cam6_43_aug_4.csv,98.56819152832031,105.07159423828125,28.71
2,20130320T004849.331732.Cam6_43_aug_4.csv,75.98818969726562,55.3915901184082,19.67
3,20130320T004849.331732.Cam6_43_aug_4.csv,59.86817932128906,49.26158905029297,19.67
4,20130320T004849.331732.Cam6_43_aug_4.csv,56.95817565917969,61.85158920288086,19.67
