,name,c-x,c-y,radius
0,20130320T004615.614293.Cam6_51_aug_5.csv,251.09732818603516,38.2061767578125,12.19
1,20130320T004615.614293.Cam6_51_aug_5.csv,251.09732818603516,46.28617477416992,11.42
2,20130320T004615.614293.Cam6_51_aug_5.csv,231.09732818603516,45.896175384521484,11.42
3,20130320T004615.614293.Cam6_51_aug_5.csv,231.86732482910156,35.12617492675781,12.19
