,name,c-x,c-y,radius
0,20130320T004756.949641.Cam6_54_aug_7.csv,7.69,37.31,17.19
1,20130320T004756.949641.Cam6_54_aug_7.csv,8.46,61.92,17.19
