,name,c-x,c-y,radius
0,20130320T005306.860781.Cam6_22_aug_1.csv,148.65,177.42,23.22
1,20130320T005306.860781.Cam6_22_aug_1.csv,147.68,150.97,21.61
2,20130320T005306.860781.Cam6_22_aug_1.csv,190.26,166.13,21.61
3,20130320T005306.860781.Cam6_22_aug_1.csv,208.65,108.06,21.61
4,20130320T005306.860781.Cam6_22_aug_1.csv,219.61,95.16,21.61
5,20130320T005306.860781.Cam6_22_aug_1.csv,209.29000000000002,138.06,21.61
6,20130320T005306.860781.Cam6_22_aug_1.csv,179.61,79.35,21.61
7,20130320T005306.860781.Cam6_22_aug_1.csv,166.06,54.84,21.61
