,name,c-x,c-y,radius
0,20130320T004808.188000.Cam6_61_aug_2.csv,121.12399291992188,137.48782348632812,17.42
1,20130320T004808.188000.Cam6_61_aug_2.csv,29.183990478515625,68.13782501220703,18.71
2,20130320T004808.188000.Cam6_61_aug_2.csv,60.15399169921875,60.38782501220703,18.71
