,name,c-x,c-y,radius
0,20130320T013312.052947_23_aug_0.csv,281.9395446777344,167.17344665527344,14.53
1,20130320T013312.052947_23_aug_0.csv,255.26954650878906,128.56344604492188,14.53
2,20130320T013312.052947_23_aug_0.csv,288.6095275878906,123.28345489501953,14.53
3,20130320T013312.052947_23_aug_0.csv,265.82952880859375,104.67345428466797,15.09
4,20130320T013312.052947_23_aug_0.csv,284.4395446777344,87.73345184326172,14.81
5,20130320T013312.052947_23_aug_0.csv,286.6595153808594,59.123451232910156,15.92
6,20130320T013312.052947_23_aug_0.csv,255.26954650878906,49.95344924926758,15.92
