,name,c-x,c-y,radius
0,20130320T004420.945168.Cam6_44_aug_3.csv,107.36925506591797,130.70236206054688,10.95
1,20130320T004420.945168.Cam6_44_aug_3.csv,89.86925506591797,128.20236206054688,10.95
2,20130320T004420.945168.Cam6_44_aug_3.csv,98.92925262451172,148.51235961914062,10.95
