,name,c-x,c-y,radius
0,20130320T012914.905227_42_aug_0.csv,19.107879638671875,55.061283111572266,16.48
1,20130320T012914.905227_42_aug_0.csv,24.37786865234375,33.11128234863281,16.48
2,20130320T012914.905227_42_aug_0.csv,146.60784912109375,43.67127990722656,15.64
3,20130320T012914.905227_42_aug_0.csv,175.2178497314453,46.721282958984375,15.64
4,20130320T012914.905227_42_aug_0.csv,132.15785217285156,81.4412841796875,13.7
