,name,c-x,c-y,radius
0,20130320T005040.000648.Cam6_23_aug_6.csv,117.70870971679688,150.17152404785156,18.06
1,20130320T005040.000648.Cam6_23_aug_6.csv,103.18870544433594,123.07151794433594,18.06
2,20130320T005040.000648.Cam6_23_aug_6.csv,88.35870361328125,153.3915252685547,18.06
3,20130320T005040.000648.Cam6_23_aug_6.csv,92.22871398925781,83.39151763916016,19.67
4,20130320T005040.000648.Cam6_23_aug_6.csv,121.89871215820312,64.69152069091797,19.67
5,20130320T005040.000648.Cam6_23_aug_6.csv,78.02870178222656,114.69152069091797,15.8
