,name,c-x,c-y,radius
0,20130320T013141.574988_42_aug_2.csv,228.56,169.44,15.64
1,20130320T013141.574988_42_aug_2.csv,220.22,144.72,17.03
2,20130320T013141.574988_42_aug_2.csv,193.0,158.61,17.03
3,20130320T013141.574988_42_aug_2.csv,78.56,151.94,17.03
4,20130320T013141.574988_42_aug_2.csv,21.610000000000014,118.89,17.31
5,20130320T013141.574988_42_aug_2.csv,150.78,144.72,17.31
