,name,c-x,c-y,radius
0,20130320T013318.529327_21_aug_3.csv,51.610000000000014,180.0,17.87
1,20130320T013318.529327_21_aug_3.csv,40.77999999999997,145.83,18.14
2,20130320T013318.529327_21_aug_3.csv,133.28,138.33,17.31
3,20130320T013318.529327_21_aug_3.csv,45.22000000000003,51.11,16.2
4,20130320T013318.529327_21_aug_3.csv,68.56,39.17,17.31
5,20130320T013318.529327_21_aug_3.csv,18.0,33.06,15.92
6,20130320T013318.529327_21_aug_3.csv,36.06,10.28,15.92
7,20130320T013318.529327_21_aug_3.csv,60.5,12.78,15.92
