,name,c-x,c-y,radius
0,20130320T013312.433956_22_aug_2.csv,197.32777404785156,154.4370574951172,15.37
1,20130320T013312.433956_22_aug_2.csv,170.37777709960938,142.7770538330078,15.92
2,20130320T013312.433956_22_aug_2.csv,194.82777404785156,131.1070556640625,15.92
3,20130320T013312.433956_22_aug_2.csv,214.2677764892578,105.82706451416016,16.48
4,20130320T013312.433956_22_aug_2.csv,185.10777282714844,97.77706146240234,16.48
5,20130320T013312.433956_22_aug_2.csv,154.2677764892578,87.2170639038086,16.48
6,20130320T013312.433956_22_aug_2.csv,232.0477752685547,66.66706085205078,15.92
