,name,c-x,c-y,radius
0,20130320T012946.524989_21_aug_5.csv,173.62730407714844,149.75340270996094,21.75
1,20130320T012946.524989_21_aug_5.csv,146.95730590820312,156.97340393066406,23.98
2,20130320T012946.524989_21_aug_5.csv,112.2373046875,146.97340393066406,23.98
3,20130320T012946.524989_21_aug_5.csv,48.3472900390625,125.30339813232422,23.98
4,20130320T012946.524989_21_aug_5.csv,157.51730346679688,66.1333999633789,23.98
5,20130320T012946.524989_21_aug_5.csv,155.84730529785156,92.80339813232422,23.98
