,name,c-x,c-y,radius
0,20130320T004743.616122.Cam6_34_aug_5.csv,265.3653564453125,56.3047981262207,17.96
1,20130320T004743.616122.Cam6_34_aug_5.csv,186.90536499023438,57.07480239868164,17.96
2,20130320T004743.616122.Cam6_34_aug_5.csv,203.8253631591797,54.38479995727539,17.96
3,20130320T004743.616122.Cam6_34_aug_5.csv,106.90534973144531,107.84479522705078,17.96
4,20130320T004743.616122.Cam6_34_aug_5.csv,116.1353530883789,125.91480255126953,17.96
