,name,c-x,c-y,radius
0,20130320T005041.905438.Cam6_24_aug_3.csv,60.471458435058594,140.09999084472656,16.13
1,20130320T005041.905438.Cam6_24_aug_3.csv,79.83145904541016,102.67999267578125,16.13
