,name,c-x,c-y,radius
0,20130320T013443.864444_62_aug_3.csv,114.66999999999999,99.17,19.53
1,20130320T013443.864444_62_aug_3.csv,114.11000000000001,75.0,19.53
2,20130320T013443.864444_62_aug_3.csv,93.83000000000001,78.89,19.53
3,20130320T013443.864444_62_aug_3.csv,66.61000000000001,91.39,19.53
4,20130320T013443.864444_62_aug_3.csv,38.56,79.72,19.53
5,20130320T013443.864444_62_aug_3.csv,117.44,27.5,21.75
