,name,c-x,c-y,radius
0,20130320T005550.102277.Cam6_21_aug_4.csv,238.64801025390625,151.85928344726562,19.81
1,20130320T005550.102277.Cam6_21_aug_4.csv,209.48802185058594,149.35928344726562,16.48
2,20130320T005550.102277.Cam6_21_aug_4.csv,246.42800903320312,137.1392822265625,19.53
