,name,c-x,c-y,radius
0,20130320T012829.571055_32_aug_1.csv,33.33,75.83,15.37
1,20130320T012829.571055_32_aug_1.csv,181.11,58.33,15.37
2,20130320T012829.571055_32_aug_1.csv,263.61,57.78,14.53
3,20130320T012829.571055_32_aug_1.csv,280.83,36.67,14.53
