,name,c-x,c-y,radius
0,20130320T013322.910417_14_aug_5.csv,184.7185287475586,163.95974731445312,15.64
1,20130320T013322.910417_14_aug_5.csv,214.43852996826172,153.39974975585938,15.64
2,20130320T013322.910417_14_aug_5.csv,242.49852752685547,141.45974731445312,17.03
