,name,c-x,c-y,radius
0,20130320T013319.672227_22_aug_0.csv,109.38999999999999,191.39,19.81
1,20130320T013319.672227_22_aug_0.csv,39.110000000000014,171.39,17.03
2,20130320T013319.672227_22_aug_0.csv,98.0,161.67,19.81
3,20130320T013319.672227_22_aug_0.csv,129.39,96.11,18.98
4,20130320T013319.672227_22_aug_0.csv,151.61,61.94,17.87
5,20130320T013319.672227_22_aug_0.csv,181.06,33.33,16.75
6,20130320T013319.672227_22_aug_0.csv,65.5,17.5,16.75
7,20130320T013319.672227_22_aug_0.csv,90.22,24.44,16.75
8,20130320T013319.672227_22_aug_0.csv,124.94,44.17,16.75
