,name,c-x,c-y,radius
0,20130320T012820.428000_21_aug_6.csv,100.22132873535156,101.33369445800781,17.87
1,20130320T012820.428000_21_aug_6.csv,194.67132568359375,140.50369262695312,17.87
2,20130320T012820.428000_21_aug_6.csv,198.2813262939453,108.83369445800781,18.98
3,20130320T012820.428000_21_aug_6.csv,230.7813262939453,123.83369445800781,19.81
