,name,c-x,c-y,radius
0,20130320T013529.008109_21_aug_3.csv,6.610000000000014,116.11,20.92
1,20130320T013529.008109_21_aug_3.csv,21.329999999999984,107.22,18.42
2,20130320T013529.008109_21_aug_3.csv,184.11,98.89,17.59
3,20130320T013529.008109_21_aug_3.csv,204.67000000000002,94.44,17.59
4,20130320T013529.008109_21_aug_3.csv,302.44,81.67,19.53
