,name,c-x,c-y,radius
0,20130320T013118.717394_22_aug_3.csv,69.66999999999999,83.06,20.09
1,20130320T013118.717394_22_aug_3.csv,96.06,63.06,18.98
2,20130320T013118.717394_22_aug_3.csv,128.28,65.56,18.98
3,20130320T013118.717394_22_aug_3.csv,73.83000000000001,38.06,19.53
4,20130320T013118.717394_22_aug_3.csv,83.0,2.5,18.7
