,name,c-x,c-y,radius
0,20130320T013717.200819_33_aug_6.csv,257.3165855407715,159.9774627685547,18.42
1,20130320T013717.200819_33_aug_6.csv,236.20658111572266,129.6974639892578,18.98
2,20130320T013717.200819_33_aug_6.csv,294.81658458709717,129.42745971679688,18.98
