,name,c-x,c-y,radius
0,20130320T005815.629159.Cam6_33_aug_2.csv,188.0,14.44,21.2
1,20130320T005815.629159.Cam6_33_aug_2.csv,253.28,63.06,26.48
2,20130320T005815.629159.Cam6_33_aug_2.csv,286.61,76.94,24.53
3,20130320T005815.629159.Cam6_33_aug_2.csv,252.17000000000002,118.06,28.14
