,name,c-x,c-y,radius
0,20130320T005233.336339.Cam6_71_aug_0.csv,281.1575012207031,118.6297378540039,13.87
1,20130320T005233.336339.Cam6_71_aug_0.csv,233.73748779296875,55.729736328125,11.61
2,20130320T005233.336339.Cam6_71_aug_0.csv,183.08749389648438,74.42973327636719,11.61
3,20130320T005233.336339.Cam6_71_aug_0.csv,168.57749938964844,83.46973419189453,11.61
4,20130320T005233.336339.Cam6_71_aug_0.csv,129.21749877929688,118.6297378540039,12.9
5,20130320T005233.336339.Cam6_71_aug_0.csv,161.4774932861328,104.75973510742188,10.64
