,name,c-x,c-y,radius
0,20130320T004901.903370.Cam6_33_aug_3.csv,195.42000000000002,70.97,22.26
1,20130320T004901.903370.Cam6_33_aug_3.csv,191.23000000000002,112.58,17.42
2,20130320T004901.903370.Cam6_33_aug_3.csv,280.26,52.9,22.26
