,name,c-x,c-y,radius
0,20130320T005047.238923.Cam6_24_aug_0.csv,92.26,24.19,19.03
1,20130320T005047.238923.Cam6_24_aug_0.csv,127.42,2.26,19.03
2,20130320T005047.238923.Cam6_24_aug_0.csv,266.13,187.42,22.58
3,20130320T005047.238923.Cam6_24_aug_0.csv,231.29,185.48,21.29
