,name,c-x,c-y,radius
0,20130320T005549.340385.Cam6_13_aug_6.csv,26.94,191.67,18.7
1,20130320T005549.340385.Cam6_13_aug_6.csv,137.22,129.17,17.31
2,20130320T005549.340385.Cam6_13_aug_6.csv,86.39,77.78,20.09
3,20130320T005549.340385.Cam6_13_aug_6.csv,57.78,54.17,19.53
4,20130320T005549.340385.Cam6_13_aug_6.csv,106.94,59.17,19.25
5,20130320T005549.340385.Cam6_13_aug_6.csv,134.44,42.22,17.31
6,20130320T005549.340385.Cam6_13_aug_6.csv,170.28,23.61,18.98
7,20130320T005549.340385.Cam6_13_aug_6.csv,141.67,8.33,15.92
