,name,c-x,c-y,radius
0,20130320T005632.198399.Cam6_64_aug_4.csv,291.06,19.44,13.98
1,20130320T005632.198399.Cam6_64_aug_4.csv,145.22,66.94,12.87
2,20130320T005632.198399.Cam6_64_aug_4.csv,163.56,66.94,12.87
