,name,c-x,c-y,radius
0,20130320T012932.238951_32_aug_1.csv,278.61,81.11,16.48
1,20130320T012932.238951_32_aug_1.csv,227.22,87.78,20.37
