,name,c-x,c-y,radius
0,20130320T005737.914012.Cam6_52_aug_1.csv,104.43917846679688,152.3531494140625,23.98
1,20130320T005737.914012.Cam6_52_aug_1.csv,74.43917846679688,183.74314880371094,30.09
