,name,c-x,c-y,radius
0,20130320T005106.286943.Cam6_32_aug_3.csv,94.70348358154297,56.40171813964844,16.45
