,name,c-x,c-y,radius
0,20130320T005054.286694.Cam6_21_aug_5.csv,121.55000000000001,133.55,18.38
1,20130320T005054.286694.Cam6_21_aug_5.csv,105.41999999999999,93.55,19.67
2,20130320T005054.286694.Cam6_21_aug_5.csv,74.44999999999999,74.84,19.67
3,20130320T005054.286694.Cam6_21_aug_5.csv,80.58000000000001,123.55,19.67
4,20130320T005054.286694.Cam6_21_aug_5.csv,64.13,101.94,19.67
5,20130320T005054.286694.Cam6_21_aug_5.csv,63.16,69.68,18.71
6,20130320T005054.286694.Cam6_21_aug_5.csv,60.25999999999999,20.65,17.42
7,20130320T005054.286694.Cam6_21_aug_5.csv,43.48000000000002,14.52,17.42
8,20130320T005054.286694.Cam6_21_aug_5.csv,76.06,169.35,18.71
