,name,c-x,c-y,radius
0,20130320T004552.756699.Cam6_21_aug_2.csv,104.45384216308594,91.86504364013672,15.27
