,name,c-x,c-y,radius
0,20130320T013101.574161_42_aug_1.csv,177.7212371826172,113.31022644042969,17.03
1,20130320T013101.574161_42_aug_1.csv,68.55123138427734,105.81022644042969,17.03
