,name,c-x,c-y,radius
0,20130320T005227.621969.Cam6_61_aug_6.csv,100.55308532714844,155.0873260498047,15.48
