,name,c-x,c-y,radius
0,20130320T012949.572679_32_aug_6.csv,231.32999999999998,110.83,22.87
1,20130320T012949.572679_32_aug_6.csv,185.5,109.17,23.7
2,20130320T012949.572679_32_aug_6.csv,206.32999999999998,79.17,21.75
3,20130320T012949.572679_32_aug_6.csv,181.61,55.28,20.92
4,20130320T012949.572679_32_aug_6.csv,224.39,199.72,20.92
5,20130320T012949.572679_32_aug_6.csv,186.89,173.06,18.98
