,name,c-x,c-y,radius
0,20130320T005635.436592.Cam6_12_aug_3.csv,82.72,128.06,16.48
1,20130320T005635.436592.Cam6_12_aug_3.csv,77.44,78.33,17.03
2,20130320T005635.436592.Cam6_12_aug_3.csv,94.94,53.33,20.09
3,20130320T005635.436592.Cam6_12_aug_3.csv,69.11000000000001,30.83,18.7
