,name,c-x,c-y,radius
0,20130320T004610.471314.Cam6_34_aug_6.csv,271.0202941894531,63.952030181884766,13.73
