,name,c-x,c-y,radius
0,20130320T005233.336339.Cam6_71_aug_2.csv,43.09634017944336,118.5892562866211,13.87
1,20130320T005233.336339.Cam6_71_aug_2.csv,90.51634216308594,55.68925476074219,11.61
2,20130320T005233.336339.Cam6_71_aug_2.csv,141.1663360595703,74.38925170898438,11.61
3,20130320T005233.336339.Cam6_71_aug_2.csv,155.67633056640625,83.42925262451172,11.61
4,20130320T005233.336339.Cam6_71_aug_2.csv,195.0363311767578,118.5892562866211,12.9
5,20130320T005233.336339.Cam6_71_aug_2.csv,162.77633666992188,104.71925354003906,10.64
