,name,c-x,c-y,radius
0,20130320T004719.806124.Cam6_32_aug_0.csv,268.9894332885742,100.14986419677734,17.96
1,20130320T004719.806124.Cam6_32_aug_0.csv,280.91943550109863,59.75986099243164,17.96
2,20130320T004719.806124.Cam6_32_aug_0.csv,295.91943550109863,141.29986572265625,14.88
