,name,c-x,c-y,radius
0,20130320T005634.103189.Cam6_61_aug_4.csv,230.78,40.83,12.87
1,20130320T005634.103189.Cam6_61_aug_4.csv,174.39,8.06,12.87
2,20130320T005634.103189.Cam6_61_aug_4.csv,255.22,25.56,12.87
3,20130320T005634.103189.Cam6_61_aug_4.csv,239.94,5.56,12.87
