,name,c-x,c-y,radius
0,20130320T004850.855639.Cam6_23_aug_5.csv,32.709686279296875,64.66291046142578,23.22
