,name,c-x,c-y,radius
0,20130320T004428.754944.Cam6_11_aug_3.csv,157.51425170898438,129.55136108398438,19.39
