,name,c-x,c-y,radius
0,20130320T005724.770991.Cam6_22_aug_0.csv,245.5,113.89,13.14
1,20130320T005724.770991.Cam6_22_aug_0.csv,224.94,110.83,11.48
2,20130320T005724.770991.Cam6_22_aug_0.csv,199.94,63.06,14.53
3,20130320T005724.770991.Cam6_22_aug_0.csv,221.06,60.83,14.53
4,20130320T005724.770991.Cam6_22_aug_0.csv,236.61,31.11,15.64
5,20130320T005724.770991.Cam6_22_aug_0.csv,210.22,33.33,15.64
6,20130320T005724.770991.Cam6_22_aug_0.csv,114.11000000000001,122.22,15.64
