,name,c-x,c-y,radius
0,20130320T005229.717262.Cam6_14_aug_7.csv,150.0,150.65,16.45
1,20130320T005229.717262.Cam6_14_aug_7.csv,171.61,130.32,15.8
2,20130320T005229.717262.Cam6_14_aug_7.csv,141.94,135.81,15.8
