,name,c-x,c-y,radius
0,20130320T004908.379757.Cam6_54_aug_2.csv,244.13,134.19,18.06
1,20130320T004908.379757.Cam6_54_aug_2.csv,236.06,150.32,18.06
2,20130320T004908.379757.Cam6_54_aug_2.csv,183.16,74.84,15.8
3,20130320T004908.379757.Cam6_54_aug_2.csv,22.839999999999975,17.42,13.87
4,20130320T004908.379757.Cam6_54_aug_2.csv,5.740000000000009,100.0,13.87
5,20130320T004908.379757.Cam6_54_aug_2.csv,306.71,148.71,15.16
