,name,c-x,c-y,radius
0,20130320T004352.373192.Cam6_51_aug_4.csv,50.71853256225586,66.04646301269531,20.33
1,20130320T004352.373192.Cam6_51_aug_4.csv,77.28852844238281,64.16646575927734,20.33
2,20130320T004352.373192.Cam6_51_aug_4.csv,117.5985336303711,123.54646301269531,18.14
3,20130320T004352.373192.Cam6_51_aug_4.csv,151.34854125976562,161.35646057128906,14.7
