,name,c-x,c-y,radius
0,20130320T004555.042372.Cam6_52_aug_7.csv,48.08,112.31,17.19
1,20130320T004555.042372.Cam6_52_aug_7.csv,6.92,101.15,17.19
2,20130320T004555.042372.Cam6_52_aug_7.csv,246.92,142.69,14.88
3,20130320T004555.042372.Cam6_52_aug_7.csv,275.38,198.85,12.57
4,20130320T004555.042372.Cam6_52_aug_7.csv,69.23,41.15,12.57
