,name,c-x,c-y,radius
0,20130320T013247.671582_31_aug_7.csv,238.33,133.89,15.92
1,20130320T013247.671582_31_aug_7.csv,269.72,135.56,16.75
2,20130320T013247.671582_31_aug_7.csv,295.28,125.0,15.37
