,name,c-x,c-y,radius
0,20130320T005912.201684.Cam6_63_aug_1.csv,133.73306274414062,58.83659362792969,22.59
