,name,c-x,c-y,radius
0,20130320T004613.518999.Cam6_62_aug_5.csv,148.5067138671875,71.68565368652344,12.19
1,20130320T004613.518999.Cam6_62_aug_5.csv,121.96671295166016,62.83565139770508,11.8
2,20130320T004613.518999.Cam6_62_aug_5.csv,156.9667205810547,36.295650482177734,10.65
3,20130320T004613.518999.Cam6_62_aug_5.csv,238.5067138671875,46.68565368652344,11.8
4,20130320T004613.518999.Cam6_62_aug_5.csv,245.04672241210938,39.755653381347656,11.8
