,name,c-x,c-y,radius
0,20130320T005751.819172.Cam6_52_aug_4.csv,98.06,41.39,17.03
1,20130320T005751.819172.Cam6_52_aug_4.csv,119.44,4.17,17.03
2,20130320T005751.819172.Cam6_52_aug_4.csv,280.56,8.61,17.03
