,name,c-x,c-y,radius
0,20130320T013330.148570_32_aug_0.csv,120.56,121.67,20.37
1,20130320T013330.148570_32_aug_0.csv,140.83,115.0,22.59
2,20130320T013330.148570_32_aug_0.csv,166.39,31.94,27.59
3,20130320T013330.148570_32_aug_0.csv,245.0,27.5,23.42
4,20130320T013330.148570_32_aug_0.csv,287.78,26.67,24.81
5,20130320T013330.148570_32_aug_0.csv,279.17,51.39,22.31
