,name,c-x,c-y,radius
0,20130320T005450.672540.Cam6_24_aug_2.csv,289.11,149.44,20.09
1,20130320T005450.672540.Cam6_24_aug_2.csv,277.17,117.5,16.48
2,20130320T005450.672540.Cam6_24_aug_2.csv,202.72,161.94,22.31
3,20130320T005450.672540.Cam6_24_aug_2.csv,119.11000000000001,144.17,21.75
4,20130320T005450.672540.Cam6_24_aug_2.csv,133.83,105.0,21.75
5,20130320T005450.672540.Cam6_24_aug_2.csv,89.38999999999999,103.89,24.53
6,20130320T005450.672540.Cam6_24_aug_2.csv,3.5600000000000023,150.56,15.64
