,name,c-x,c-y,radius
0,20130320T004606.280730.Cam6_51_aug_2.csv,183.9157943725586,58.57393264770508,14.88
1,20130320T004606.280730.Cam6_51_aug_2.csv,210.45579528808594,60.50393295288086,14.88
2,20130320T004606.280730.Cam6_51_aug_2.csv,163.14578247070312,38.96393585205078,14.11
