,name,c-x,c-y,radius
0,20130320T005920.773362.Cam6_42_aug_3.csv,237.56301879882812,101.6667709350586,25.64
