,name,c-x,c-y,radius
0,20130320T012946.143980_44_aug_3.csv,52.206695556640625,139.42237854003906,24.25
1,20130320T012946.143980_44_aug_3.csv,67.4866943359375,74.14237213134766,23.42
2,20130320T012946.143980_44_aug_3.csv,85.54669189453125,56.36237716674805,24.53
3,20130320T012946.143980_44_aug_3.csv,158.04669189453125,132.75238037109375,21.75
