,name,c-x,c-y,radius
0,20130320T005409.909839.Cam6_53_aug_2.csv,77.83674621582031,42.458229064941406,19.67
