,name,c-x,c-y,radius
0,20130320T004413.135503.Cam6_63_aug_3.csv,103.43317413330078,91.32218933105469,14.39
1,20130320T004413.135503.Cam6_63_aug_3.csv,71.56317138671875,88.5121841430664,13.14
