,name,c-x,c-y,radius
0,20130320T013444.245327_21_aug_7.csv,277.78,111.67,21.75
1,20130320T013444.245327_21_aug_7.csv,283.06,66.67,21.75
2,20130320T013444.245327_21_aug_7.csv,36.67,20.56,21.75
3,20130320T013444.245327_21_aug_7.csv,61.11,45.56,19.53
4,20130320T013444.245327_21_aug_7.csv,110.83,21.94,19.53
5,20130320T013444.245327_21_aug_7.csv,132.22,6.94,18.7
