,name,c-x,c-y,radius
0,20130320T005734.485442.Cam6_42_aug_7.csv,153.61,155.28,23.42
1,20130320T005734.485442.Cam6_42_aug_7.csv,182.5,178.33,18.14
2,20130320T005734.485442.Cam6_42_aug_7.csv,305.56,126.67,18.7
