,name,c-x,c-y,radius
0,20130320T013232.433153_31_aug_0.csv,82.37799835205078,71.46476745605469,13.7
1,20130320T013232.433153_31_aug_0.csv,106.81800079345703,70.91476440429688,13.7
2,20130320T013232.433153_31_aug_0.csv,85.14800262451172,88.41476440429688,13.7
3,20130320T013232.433153_31_aug_0.csv,251.2679901123047,144.8047637939453,12.59
4,20130320T013232.433153_31_aug_0.csv,232.09799194335938,167.85476684570312,12.59
5,20130320T013232.433153_31_aug_0.csv,173.4879913330078,131.19476318359375,12.59
6,20130320T013232.433153_31_aug_0.csv,182.92799377441406,138.134765625,12.59
7,20130320T013232.433153_31_aug_0.csv,116.81800079345703,95.08476257324219,12.87
