,name,c-x,c-y,radius
0,20130320T005737.533128.Cam6_22_aug_2.csv,124.46741485595703,77.53728485107422,24.53
1,20130320T005737.533128.Cam6_22_aug_2.csv,158.6374053955078,95.03728485107422,23.14
