,name,c-x,c-y,radius
0,20130320T013453.007388_32_aug_6.csv,246.61,88.06,18.7
1,20130320T013453.007388_32_aug_6.csv,129.67,69.72,19.53
2,20130320T013453.007388_32_aug_6.csv,119.11000000000001,166.94,18.7
3,20130320T013453.007388_32_aug_6.csv,81.61000000000001,161.11,18.14
4,20130320T013453.007388_32_aug_6.csv,28.829999999999984,96.94,17.59
