,name,c-x,c-y,radius
0,20130320T012823.285182_62_aug_2.csv,251.4203643798828,99.77766418457031,17.87
1,20130320T012823.285182_62_aug_2.csv,130.03036499023438,116.99766540527344,22.31
2,20130320T012823.285182_62_aug_2.csv,208.64036560058594,45.327667236328125,22.31
