,name,c-x,c-y,radius
0,20130320T004618.280974.Cam6_61_aug_5.csv,92.71322631835938,98.32624053955078,10.64
1,20130320T004618.280974.Cam6_61_aug_5.csv,97.1932373046875,113.84624481201172,10.64
2,20130320T004618.280974.Cam6_61_aug_5.csv,74.78323364257812,111.08624267578125,10.64
3,20130320T004618.280974.Cam6_61_aug_5.csv,73.40322875976562,135.2262420654297,10.64
