,name,c-x,c-y,radius
0,20130320T004942.094704.Cam6_52_aug_1.csv,178.0,105.81,14.84
1,20130320T004942.094704.Cam6_52_aug_1.csv,307.03,63.87,14.84
2,20130320T004942.094704.Cam6_52_aug_1.csv,292.84,150.65,14.84
