,name,c-x,c-y,radius
0,20130320T004429.326331.Cam6_73_aug_2.csv,120.86763000488281,48.74087905883789,15.95
1,20130320T004429.326331.Cam6_73_aug_2.csv,200.86762237548828,93.11087799072266,13.45
