,name,c-x,c-y,radius
0,20130320T004758.092540.Cam6_31_aug_1.csv,267.23,96.54,26.42
1,20130320T004758.092540.Cam6_31_aug_1.csv,246.85,105.38,22.57
2,20130320T004758.092540.Cam6_31_aug_1.csv,236.45999999999998,158.85,15.65
3,20130320T004758.092540.Cam6_31_aug_1.csv,137.62,67.69,17.19
4,20130320T004758.092540.Cam6_31_aug_1.csv,108.77000000000001,48.85,18.34
5,20130320T004758.092540.Cam6_31_aug_1.csv,47.23000000000002,61.92,16.42
6,20130320T004758.092540.Cam6_31_aug_1.csv,28.0,38.46,18.34
7,20130320T004758.092540.Cam6_31_aug_1.csv,150.31,177.69,18.34
8,20130320T004758.092540.Cam6_31_aug_1.csv,196.85,196.54,19.11
