,name,c-x,c-y,radius
0,20130320T005428.005335.Cam6_21_aug_0.csv,96.99388885498047,49.766971588134766,18.42
1,20130320T005428.005335.Cam6_21_aug_0.csv,67.82389068603516,60.87696838378906,17.59
