,name,c-x,c-y,radius
0,20130320T013221.766310_11_aug_7.csv,136.39,156.67,18.7
1,20130320T013221.766310_11_aug_7.csv,173.89,168.33,18.7
2,20130320T013221.766310_11_aug_7.csv,161.94,131.11,22.03
3,20130320T013221.766310_11_aug_7.csv,246.39,71.11,19.81
