,name,c-x,c-y,radius
0,20130320T012854.142929_43_aug_2.csv,126.72451782226562,79.69962310791016,15.09
1,20130320T012854.142929_43_aug_2.csv,210.05451202392578,86.91962432861328,17.31
2,20130320T012854.142929_43_aug_2.csv,201.16451263427734,63.85962677001953,13.7
3,20130320T012854.142929_43_aug_2.csv,240.88451385498047,61.91962432861328,14.81
4,20130320T012854.142929_43_aug_2.csv,250.88451385498047,69.1396255493164,14.81
5,20130320T012854.142929_43_aug_2.csv,284.2245101928711,138.30963134765625,17.31
