,name,c-x,c-y,radius
0,20130320T004531.613372.Cam6_24_aug_0.csv,227.58051300048828,129.52685546875,19.61
1,20130320T004531.613372.Cam6_24_aug_0.csv,220.8205108642578,98.71686553955078,18.53
2,20130320T004531.613372.Cam6_24_aug_0.csv,218.39051055908203,83.3068618774414,18.53
3,20130320T004531.613372.Cam6_24_aug_0.csv,253.80051040649414,68.44686126708984,20.15
4,20130320T004531.613372.Cam6_24_aug_0.csv,279.2005138397217,89.2568588256836,18.8
5,20130320T004531.613372.Cam6_24_aug_0.csv,262.71051025390625,113.84686279296875,18.8
