,name,c-x,c-y,radius
0,20130320T004404.373443.Cam6_32_aug_5.csv,101.19857788085938,113.93683624267578,24.39
