,name,c-x,c-y,radius
0,20130320T012853.190533_22_aug_6.csv,19.939999999999998,147.78,15.09
1,20130320T012853.190533_22_aug_6.csv,47.170000000000016,139.17,14.25
2,20130320T012853.190533_22_aug_6.csv,68.28,48.61,14.25
3,20130320T012853.190533_22_aug_6.csv,7.720000000000027,47.5,17.87
