,name,c-x,c-y,radius
0,20130320T013610.532832_42_aug_2.csv,55.452972412109375,149.47503662109375,19.81
1,20130320T013610.532832_42_aug_2.csv,104.06297302246094,155.31503295898438,19.81
2,20130320T013610.532832_42_aug_2.csv,150.45297241210938,123.36504364013672,19.25
3,20130320T013610.532832_42_aug_2.csv,230.45296478271484,72.53504180908203,25.37
