,name,c-x,c-y,radius
0,20130320T004552.756699.Cam6_21_aug_5.csv,66.09957885742188,126.03594970703125,15.27
