,name,c-x,c-y,radius
0,20130320T004530.851480.Cam6_51_aug_0.csv,119.71507263183594,66.65338897705078,18.8
1,20130320T004530.851480.Cam6_51_aug_0.csv,145.38507080078125,83.68338775634766,18.8
2,20130320T004530.851480.Cam6_51_aug_0.csv,188.6250762939453,138.54339599609375,18.8
3,20130320T004530.851480.Cam6_51_aug_0.csv,235.11507415771484,184.49339294433594,16.91
4,20130320T004530.851480.Cam6_51_aug_0.csv,210.52507781982422,129.62339782714844,17.18
