,name,c-x,c-y,radius
0,20130320T013607.104137_43_aug_6.csv,140.95138549804688,132.08770751953125,18.98
1,20130320T013607.104137_43_aug_6.csv,197.3413848876953,93.47769927978516,18.98
2,20130320T013607.104137_43_aug_6.csv,79.56139373779297,60.41770553588867,21.48
