,name,c-x,c-y,radius
0,20130320T013027.668727_21_aug_3.csv,108.45916748046875,144.0376434326172,18.42
1,20130320T013027.668727_21_aug_3.csv,71.23916625976562,155.7076416015625,18.42
2,20130320T013027.668727_21_aug_3.csv,61.5191650390625,129.59764099121094,18.42
3,20130320T013027.668727_21_aug_3.csv,107.06916809082031,111.53765106201172,19.53
4,20130320T013027.668727_21_aug_3.csv,78.45916748046875,90.70764923095703,19.53
5,20130320T013027.668727_21_aug_3.csv,102.90916442871094,70.14765167236328,19.53
