,name,c-x,c-y,radius
0,20130320T004808.188000.Cam6_61_aug_3.csv,162.31939697265625,134.4174346923828,17.42
1,20130320T004808.188000.Cam6_61_aug_3.csv,70.37939453125,65.06742858886719,18.71
2,20130320T004808.188000.Cam6_61_aug_3.csv,101.34939575195312,57.31742477416992,18.71
