,name,c-x,c-y,radius
0,20130320T005326.861190.Cam6_41_aug_2.csv,228.93646240234375,69.30425262451172,24.19
