,name,c-x,c-y,radius
0,20130320T012835.475922_43_aug_4.csv,257.2381896972656,136.9853973388672,13.42
1,20130320T012835.475922_43_aug_4.csv,173.34817504882812,94.7654037475586,14.81
