,name,c-x,c-y,radius
0,20130320T005413.719418.Cam6_21_aug_2.csv,168.22174072265625,51.97014617919922,20.64
