,name,c-x,c-y,radius
0,20130320T005649.151124.Cam6_33_aug_2.csv,119.40059661865234,99.4941635131836,20.37
1,20130320T005649.151124.Cam6_33_aug_2.csv,145.2305908203125,70.88416290283203,23.98
