,name,c-x,c-y,radius
0,20130320T005015.428761.Cam6_31_aug_6.csv,277.68,70.0,17.09
1,20130320T005015.428761.Cam6_31_aug_6.csv,304.45,70.32,14.51
2,20130320T005015.428761.Cam6_31_aug_6.csv,146.71,62.58,13.22
3,20130320T005015.428761.Cam6_31_aug_6.csv,169.29,72.26,14.19
4,20130320T005015.428761.Cam6_31_aug_6.csv,257.03,5.48,14.19
5,20130320T005015.428761.Cam6_31_aug_6.csv,80.58000000000001,160.32,18.71
6,20130320T005015.428761.Cam6_31_aug_6.csv,64.44999999999999,146.77,19.67
7,20130320T005015.428761.Cam6_31_aug_6.csv,41.55000000000001,165.81,18.38
