,name,c-x,c-y,radius
0,20130320T005131.620831.Cam6_64_aug_5.csv,160.97,37.74,21.93
1,20130320T005131.620831.Cam6_64_aug_5.csv,204.52,29.68,21.93
2,20130320T005131.620831.Cam6_64_aug_5.csv,249.68,14.19,20.64
3,20130320T005131.620831.Cam6_64_aug_5.csv,200.32,92.26,20.64
4,20130320T005131.620831.Cam6_64_aug_5.csv,203.87,76.77,20.64
5,20130320T005131.620831.Cam6_64_aug_5.csv,117.74,106.13,15.8
