,name,c-x,c-y,radius
0,20130320T012927.857864_33_aug_1.csv,207.48159790039062,159.6018829345703,15.09
1,20130320T012927.857864_33_aug_1.csv,238.04159545898438,111.26188659667969,15.09
2,20130320T012927.857864_33_aug_1.csv,190.54159545898438,92.931884765625,17.03
3,20130320T012927.857864_33_aug_1.csv,158.04159545898438,106.82188415527344,18.14
4,20130320T012927.857864_33_aug_1.csv,82.21159362792969,69.04188537597656,16.48
5,20130320T012927.857864_33_aug_1.csv,29.981595993041992,78.76188659667969,14.25
6,20130320T012927.857864_33_aug_1.csv,28.041597366333008,61.8218879699707,15.37
