,name,c-x,c-y,radius
0,20130320T005440.957969.Cam6_62_aug_6.csv,14.44,119.44,16.48
1,20130320T005440.957969.Cam6_62_aug_6.csv,56.94,122.78,13.98
2,20130320T005440.957969.Cam6_62_aug_6.csv,86.39,136.67,13.14
3,20130320T005440.957969.Cam6_62_aug_6.csv,163.61,174.72,13.14
4,20130320T005440.957969.Cam6_62_aug_6.csv,249.72,158.89,16.75
