,name,c-x,c-y,radius
0,20130320T012945.382090_14_aug_0.csv,118.53227233886719,181.3772430419922,19.25
1,20130320T012945.382090_14_aug_0.csv,149.64227294921875,146.3772430419922,19.25
2,20130320T012945.382090_14_aug_0.csv,121.31227111816406,142.4972381591797,19.25
3,20130320T012945.382090_14_aug_0.csv,114.36227416992188,133.32723999023438,19.25
4,20130320T012945.382090_14_aug_0.csv,131.86227416992188,106.37725067138672,21.48
5,20130320T012945.382090_14_aug_0.csv,154.64227294921875,72.21724700927734,19.81
6,20130320T012945.382090_14_aug_0.csv,166.582275390625,44.157249450683594,20.92
