,name,c-x,c-y,radius
0,20130320T005418.100380.Cam6_51_aug_5.csv,117.88406372070312,155.43568420410156,16.13
1,20130320T005418.100380.Cam6_51_aug_5.csv,148.20407104492188,148.97569274902344,18.71
2,20130320T005418.100380.Cam6_51_aug_5.csv,57.23406982421875,143.4956817626953,15.16
