,name,c-x,c-y,radius
0,20130320T012826.523370_43_aug_5.csv,296.61,143.06,19.53
1,20130320T012826.523370_43_aug_5.csv,288.56,157.22,19.53
2,20130320T012826.523370_43_aug_5.csv,248.0,95.56,17.03
3,20130320T012826.523370_43_aug_5.csv,218.0,106.67,15.92
4,20130320T012826.523370_43_aug_5.csv,198.0,87.22,21.2
5,20130320T012826.523370_43_aug_5.csv,136.33,126.39,16.2
6,20130320T012826.523370_43_aug_5.csv,69.38999999999999,98.33,18.98
7,20130320T012826.523370_43_aug_5.csv,22.439999999999998,65.0,18.98
