,name,c-x,c-y,radius
0,20130320T005913.535087.Cam6_62_aug_3.csv,217.1064453125,131.8921356201172,18.98
1,20130320T005913.535087.Cam6_62_aug_3.csv,188.49644470214844,132.7321319580078,19.81
2,20130320T005913.535087.Cam6_62_aug_3.csv,182.9364471435547,85.50213623046875,20.37
3,20130320T005913.535087.Cam6_62_aug_3.csv,94.32644653320312,112.45213317871094,21.75
