,name,c-x,c-y,radius
0,20130320T010006.488549.Cam6_23_aug_3.csv,88.83000000000001,171.94,21.48
1,20130320T010006.488549.Cam6_23_aug_3.csv,31.610000000000014,163.06,25.64
2,20130320T010006.488549.Cam6_23_aug_3.csv,43.56,34.72,22.31
3,20130320T010006.488549.Cam6_23_aug_3.csv,253.0,54.72,23.14
4,20130320T010006.488549.Cam6_23_aug_3.csv,214.67000000000002,22.78,23.14
