,name,c-x,c-y,radius
0,20130320T005544.959297.Cam6_62_aug_5.csv,219.36859130859375,155.7867889404297,18.7
1,20130320T005544.959297.Cam6_62_aug_5.csv,186.86859130859375,139.67678833007812,17.87
2,20130320T005544.959297.Cam6_62_aug_5.csv,171.03858947753906,114.9468002319336,15.92
3,20130320T005544.959297.Cam6_62_aug_5.csv,118.80859375,110.78679656982422,18.7
4,20130320T005544.959297.Cam6_62_aug_5.csv,102.41859436035156,51.33679962158203,24.53
5,20130320T005544.959297.Cam6_62_aug_5.csv,92.97859191894531,128.8367919921875,14.81
