,name,c-x,c-y,radius
0,20130320T005810.676682.Cam6_54_aug_4.csv,176.92613220214844,23.914756774902344,19.81
1,20130320T005810.676682.Cam6_54_aug_4.csv,250.2561492919922,146.4147491455078,16.75
2,20130320T005810.676682.Cam6_54_aug_4.csv,148.30613708496094,140.02474975585938,15.37
3,20130320T005810.676682.Cam6_54_aug_4.csv,216.64613342285156,23.354759216308594,15.37
