,name,c-x,c-y,radius
0,20130320T005418.100380.Cam6_51_aug_4.csv,106.60411071777344,157.4108123779297,16.13
1,20130320T005418.100380.Cam6_51_aug_4.csv,136.9241180419922,150.95082092285156,18.71
2,20130320T005418.100380.Cam6_51_aug_4.csv,45.954132080078125,145.47080993652344,15.16
