,name,c-x,c-y,radius
0,20130320T004433.135911.Cam6_52_aug_2.csv,201.44,7.5,18.14
1,20130320T004433.135911.Cam6_52_aug_2.csv,174.56,29.37,19.08
2,20130320T004433.135911.Cam6_52_aug_2.csv,152.69,17.81,19.08
3,20130320T004433.135911.Cam6_52_aug_2.csv,185.5,33.75,19.08
4,20130320T004433.135911.Cam6_52_aug_2.csv,157.38,89.37,12.51
5,20130320T004433.135911.Cam6_52_aug_2.csv,172.38,123.44,12.51
