,name,c-x,c-y,radius
0,20130320T013316.815040_22_aug_6.csv,262.5,126.94,16.75
1,20130320T013316.815040_22_aug_6.csv,118.06,196.67,14.53
2,20130320T013316.815040_22_aug_6.csv,25.56,123.89,14.53
