,name,c-x,c-y,radius
0,20130320T013306.529089_42_aug_2.csv,65.0,110.56,15.92
1,20130320T013306.529089_42_aug_2.csv,71.67,119.72,17.31
2,20130320T013306.529089_42_aug_2.csv,135.0,45.0,16.48
3,20130320T013306.529089_42_aug_2.csv,156.39,118.06,15.92
4,20130320T013306.529089_42_aug_2.csv,154.44,140.28,17.31
5,20130320T013306.529089_42_aug_2.csv,185.56,146.94,16.75
6,20130320T013306.529089_42_aug_2.csv,268.89,135.0,16.75
7,20130320T013306.529089_42_aug_2.csv,301.94,133.06,16.75
8,20130320T013306.529089_42_aug_2.csv,288.89,160.83,16.75
