,name,c-x,c-y,radius
0,20130320T005936.964076.Cam6_63_aug_4.csv,102.16999999999999,17.78,19.25
