,name,c-x,c-y,radius
0,20130320T005250.479567.Cam6_54_aug_7.csv,54.84,117.1,17.42
1,20130320T005250.479567.Cam6_54_aug_7.csv,78.06,111.94,17.42
2,20130320T005250.479567.Cam6_54_aug_7.csv,140.65,104.19,14.19
3,20130320T005250.479567.Cam6_54_aug_7.csv,174.84,65.48,15.16
4,20130320T005250.479567.Cam6_54_aug_7.csv,19.03,160.65,15.16
5,20130320T005250.479567.Cam6_54_aug_7.csv,26.13,107.1,14.51
6,20130320T005250.479567.Cam6_54_aug_7.csv,295.48,115.48,14.84
