,name,c-x,c-y,radius
0,20130320T013321.005503_32_aug_3.csv,17.720000000000027,150.28,17.31
1,20130320T013321.005503_32_aug_3.csv,22.439999999999998,126.39,19.25
2,20130320T013321.005503_32_aug_3.csv,79.94,87.5,18.42
3,20130320T013321.005503_32_aug_3.csv,134.94,89.44,20.92
4,20130320T013321.005503_32_aug_3.csv,240.5,49.72,18.98
