,name,c-x,c-y,radius
0,20130320T005040.000648.Cam6_23_aug_4.csv,92.8765869140625,151.3296661376953,18.06
1,20130320T005040.000648.Cam6_23_aug_4.csv,78.35658264160156,124.22966766357422,18.06
2,20130320T005040.000648.Cam6_23_aug_4.csv,63.526580810546875,154.54966735839844,18.06
3,20130320T005040.000648.Cam6_23_aug_4.csv,67.39659118652344,84.54966735839844,19.67
4,20130320T005040.000648.Cam6_23_aug_4.csv,97.06658935546875,65.84967041015625,19.67
5,20130320T005040.000648.Cam6_23_aug_4.csv,53.19657897949219,115.84967041015625,15.8
