,name,c-x,c-y,radius
0,20130320T005103.048751.Cam6_62_aug_3.csv,170.1915283203125,164.98995971679688,14.84
1,20130320T005103.048751.Cam6_62_aug_3.csv,284.39152336120605,124.01995849609375,14.84
2,20130320T005103.048751.Cam6_62_aug_3.csv,180.8415298461914,89.50996398925781,14.84
3,20130320T005103.048751.Cam6_62_aug_3.csv,163.42152404785156,77.56996154785156,14.84
