,name,c-x,c-y,radius
0,20130320T013505.769640_52_aug_2.csv,130.49574279785156,101.61965942382812,15.92
1,20130320T013505.769640_52_aug_2.csv,132.15574645996094,91.06965637207031,15.92
