,name,c-x,c-y,radius
0,20130320T005132.573224.Cam6_22_aug_7.csv,54.52,143.55,23.87
1,20130320T005132.573224.Cam6_22_aug_7.csv,15.48,130.0,23.87
2,20130320T005132.573224.Cam6_22_aug_7.csv,27.42,164.52,23.55
