,name,c-x,c-y,radius
0,20130320T004359.801846.Cam6_21_aug_0.csv,108.09611511230469,105.12860107421875,24.39
1,20130320T004359.801846.Cam6_21_aug_0.csv,126.21611022949219,99.1885986328125,24.39
2,20130320T004359.801846.Cam6_21_aug_0.csv,115.90611267089844,72.318603515625,23.14
