,name,c-x,c-y,radius
0,20130320T004615.614293.Cam6_51_aug_2.csv,214.2677230834961,42.37934112548828,12.19
1,20130320T004615.614293.Cam6_51_aug_2.csv,214.2677230834961,50.4593391418457,11.42
2,20130320T004615.614293.Cam6_51_aug_2.csv,194.2677230834961,50.069339752197266,11.42
3,20130320T004615.614293.Cam6_51_aug_2.csv,195.0377197265625,39.299339294433594,12.19
