,name,c-x,c-y,radius
0,20130320T005254.670153.Cam6_21_aug_7.csv,8.06,12.9,17.42
1,20130320T005254.670153.Cam6_21_aug_7.csv,44.84,19.68,17.42
2,20130320T005254.670153.Cam6_21_aug_7.csv,20.32,44.19,17.42
3,20130320T005254.670153.Cam6_21_aug_7.csv,62.26,85.81,19.35
