,name,c-x,c-y,radius
0,20130320T005548.959378.Cam6_62_aug_0.csv,211.0688934326172,141.2755584716797,16.48
