,name,c-x,c-y,radius
0,20130320T004713.329736.Cam6_62_aug_7.csv,36.15,8.46,17.57
1,20130320T004713.329736.Cam6_62_aug_7.csv,71.54,17.69,18.34
2,20130320T004713.329736.Cam6_62_aug_7.csv,122.69,15.38,16.8
3,20130320T004713.329736.Cam6_62_aug_7.csv,128.08,44.62,16.8
4,20130320T004713.329736.Cam6_62_aug_7.csv,91.54,98.85,17.96
5,20130320T004713.329736.Cam6_62_aug_7.csv,10.0,31.15,18.73
6,20130320T004713.329736.Cam6_62_aug_7.csv,135.0,103.46,19.11
7,20130320T004713.329736.Cam6_62_aug_7.csv,170.38,95.77,17.19
