,name,c-x,c-y,radius
0,20130320T004413.135503.Cam6_63_aug_2.csv,190.21984100341797,100.00634765625,14.39
1,20130320T004413.135503.Cam6_63_aug_2.csv,222.08984375,97.19634246826172,13.14
