,name,c-x,c-y,radius
0,20130320T004614.090386.Cam6_21_aug_5.csv,174.15,160.77,14.5
1,20130320T004614.090386.Cam6_21_aug_5.csv,183.76999999999998,70.38,12.19
2,20130320T004614.090386.Cam6_21_aug_5.csv,176.85,77.31,12.19
3,20130320T004614.090386.Cam6_21_aug_5.csv,183.76999999999998,13.46,14.5
4,20130320T004614.090386.Cam6_21_aug_5.csv,207.62,45.77,12.57
5,20130320T004614.090386.Cam6_21_aug_5.csv,208.76999999999998,0.77,12.57
6,20130320T004614.090386.Cam6_21_aug_5.csv,196.85,30.0,12.57
