,name,c-x,c-y,radius
0,20130320T013612.247116_31_aug_1.csv,236.61,188.89,17.59
1,20130320T013612.247116_31_aug_1.csv,161.06,67.22,18.98
2,20130320T013612.247116_31_aug_1.csv,27.720000000000027,91.11,18.98
3,20130320T013612.247116_31_aug_1.csv,10.5,77.22,17.87
4,20130320T013612.247116_31_aug_1.csv,136.33,68.89,17.87
