,name,c-x,c-y,radius
0,20130320T013030.335405_21_aug_0.csv,189.44,172.78,18.42
1,20130320T013030.335405_21_aug_0.csv,230.83,128.33,19.25
2,20130320T013030.335405_21_aug_0.csv,257.5,118.33,20.09
3,20130320T013030.335405_21_aug_0.csv,228.89,95.28,17.87
