,name,c-x,c-y,radius
0,20130320T004420.373780.Cam6_43_aug_6.csv,169.3332977294922,108.46501922607422,12.51
1,20130320T004420.373780.Cam6_43_aug_6.csv,154.64329528808594,107.84501647949219,12.51
2,20130320T004420.373780.Cam6_43_aug_6.csv,167.77330017089844,129.7150115966797,12.51
3,20130320T004420.373780.Cam6_43_aug_6.csv,191.8332977294922,135.3450164794922,12.51
