,name,c-x,c-y,radius
0,20130320T012826.523370_43_aug_1.csv,11.39,143.06,19.53
1,20130320T012826.523370_43_aug_1.csv,19.44,157.22,19.53
2,20130320T012826.523370_43_aug_1.csv,60.0,95.56,17.03
3,20130320T012826.523370_43_aug_1.csv,90.0,106.67,15.92
4,20130320T012826.523370_43_aug_1.csv,110.0,87.22,21.2
5,20130320T012826.523370_43_aug_1.csv,171.67,126.39,16.2
6,20130320T012826.523370_43_aug_1.csv,238.61,98.33,18.98
7,20130320T012826.523370_43_aug_1.csv,285.56,65.0,18.98
