,name,c-x,c-y,radius
0,20130320T005813.914748.Cam6_54_aug_3.csv,289.67,156.94,20.37
1,20130320T005813.914748.Cam6_54_aug_3.csv,104.38999999999999,141.11,16.48
2,20130320T005813.914748.Cam6_54_aug_3.csv,8.0,147.78,16.48
3,20130320T005813.914748.Cam6_54_aug_3.csv,78.83000000000001,28.06,18.7
4,20130320T005813.914748.Cam6_54_aug_3.csv,41.889999999999986,28.33,15.92
