,name,c-x,c-y,radius
0,20130320T005800.581226.Cam6_54_aug_3.csv,219.57178497314453,125.32044982910156,21.48
1,20130320T005800.581226.Cam6_54_aug_3.csv,114.02178955078125,155.87045288085938,18.7
2,20130320T005800.581226.Cam6_54_aug_3.csv,277.6317844390869,20.590452194213867,15.64
3,20130320T005800.581226.Cam6_54_aug_3.csv,257.9117851257324,35.590450286865234,18.14
4,20130320T005800.581226.Cam6_54_aug_3.csv,179.02178955078125,40.870452880859375,18.7
5,20130320T005800.581226.Cam6_54_aug_3.csv,145.4117889404297,50.870452880859375,19.25
6,20130320T005800.581226.Cam6_54_aug_3.csv,120.13179016113281,56.71044921875,19.25
7,20130320T005800.581226.Cam6_54_aug_3.csv,216.8017807006836,105.04045104980469,15.37
