,name,c-x,c-y,radius
0,20130320T005951.250115.Cam6_42_aug_4.csv,222.44,188.33,20.92
1,20130320T005951.250115.Cam6_42_aug_4.csv,293.0,115.0,19.81
2,20130320T005951.250115.Cam6_42_aug_4.csv,289.39,24.44,22.31
3,20130320T005951.250115.Cam6_42_aug_4.csv,249.39,124.72,18.42
