,name,c-x,c-y,radius
0,20130320T013232.433153_31_aug_2.csv,115.67284393310547,69.5103988647461,13.7
1,20130320T013232.433153_31_aug_2.csv,140.11285400390625,68.96039581298828,13.7
2,20130320T013232.433153_31_aug_2.csv,118.4428482055664,86.46039581298828,13.7
3,20130320T013232.433153_31_aug_2.csv,284.5628356933594,142.85040283203125,12.59
4,20130320T013232.433153_31_aug_2.csv,265.3928527832031,165.90040588378906,12.59
5,20130320T013232.433153_31_aug_2.csv,206.78285217285156,129.2404022216797,12.59
6,20130320T013232.433153_31_aug_2.csv,216.2228546142578,136.18040466308594,12.59
7,20130320T013232.433153_31_aug_2.csv,150.11285400390625,93.1303939819336,12.87
