,name,c-x,c-y,radius
0,20130320T012844.047476_22_aug_5.csv,10.83,173.89,14.53
1,20130320T012844.047476_22_aug_5.csv,1.94,126.39,13.7
2,20130320T012844.047476_22_aug_5.csv,14.17,59.44,15.92
3,20130320T012844.047476_22_aug_5.csv,33.06,35.28,15.92
4,20130320T012844.047476_22_aug_5.csv,20.0,17.78,15.92
5,20130320T012844.047476_22_aug_5.csv,95.83,116.11,14.25
6,20130320T012844.047476_22_aug_5.csv,126.11,125.28,14.25
7,20130320T012844.047476_22_aug_5.csv,188.33,103.33,14.25
