,name,c-x,c-y,radius
0,20130320T005241.907895.Cam6_64_aug_6.csv,291.7786273956299,112.64836883544922,15.48
1,20130320T005241.907895.Cam6_64_aug_6.csv,127.26863098144531,94.89836883544922,16.77
