,name,c-x,c-y,radius
0,20130320T005824.200708.Cam6_52_aug_1.csv,241.4390411376953,84.30433654785156,17.87
1,20130320T005824.200708.Cam6_52_aug_1.csv,232.27903747558594,87.35433959960938,17.87
2,20130320T005824.200708.Cam6_52_aug_1.csv,197.82904052734375,74.5743408203125,24.81
3,20130320T005824.200708.Cam6_52_aug_1.csv,171.16903686523438,98.1943359375,23.7
4,20130320T005824.200708.Cam6_52_aug_1.csv,140.32904052734375,106.24433898925781,20.37
5,20130320T005824.200708.Cam6_52_aug_1.csv,53.669036865234375,91.24433898925781,22.03
