,name,c-x,c-y,radius
0,20130320T004354.277980.Cam6_41_aug_0.csv,161.75,42.81,17.51
1,20130320T004354.277980.Cam6_41_aug_0.csv,136.44,25.31,15.33
