,name,c-x,c-y,radius
0,20130320T005905.534927.Cam6_61_aug_7.csv,105.0,119.17,20.92
1,20130320T005905.534927.Cam6_61_aug_7.csv,131.39,125.28,19.53
2,20130320T005905.534927.Cam6_61_aug_7.csv,108.61,71.94,18.98
3,20130320T005905.534927.Cam6_61_aug_7.csv,302.22,63.33,17.03
