,name,c-x,c-y,radius
0,20130320T013319.291217_42_aug_4.csv,43.56,123.06,18.14
1,20130320T013319.291217_42_aug_4.csv,123.83000000000001,101.11,16.48
2,20130320T013319.291217_42_aug_4.csv,155.78,106.39,18.7
3,20130320T013319.291217_42_aug_4.csv,191.89,109.72,18.14
4,20130320T013319.291217_42_aug_4.csv,226.89,110.83,18.7
5,20130320T013319.291217_42_aug_4.csv,276.06,100.56,18.42
6,20130320T013319.291217_42_aug_4.csv,253.28,55.56,16.48
