,name,c-x,c-y,radius
0,20130320T005132.192216.Cam6_23_aug_2.csv,216.39,54.52,25.8
1,20130320T005132.192216.Cam6_23_aug_2.csv,256.39,55.48,25.8
2,20130320T005132.192216.Cam6_23_aug_2.csv,127.03,191.94,25.8
3,20130320T005132.192216.Cam6_23_aug_2.csv,12.839999999999975,121.29,25.16
4,20130320T005132.192216.Cam6_23_aug_2.csv,114.13,38.06,22.9
