,name,c-x,c-y,radius
0,20130320T005119.430084.Cam6_11_aug_5.csv,187.94444274902344,134.30224609375,12.58
