,name,c-x,c-y,radius
0,20130320T005948.202429.Cam6_43_aug_2.csv,141.8788299560547,107.60552215576172,28.98
1,20130320T005948.202429.Cam6_43_aug_2.csv,86.87882995605469,133.99551391601562,29.53
2,20130320T005948.202429.Cam6_43_aug_2.csv,34.108829498291016,156.49551391601562,26.2
