,name,c-x,c-y,radius
0,20130320T005218.288405.Cam6_12_aug_1.csv,19.939999999999998,16.13,20.32
1,20130320T005218.288405.Cam6_12_aug_1.csv,209.29000000000002,20.97,20.0
2,20130320T005218.288405.Cam6_12_aug_1.csv,224.45,31.94,20.0
3,20130320T005218.288405.Cam6_12_aug_1.csv,221.87,69.35,20.0
4,20130320T005218.288405.Cam6_12_aug_1.csv,182.51999999999998,62.58,20.0
5,20130320T005218.288405.Cam6_12_aug_1.csv,190.57999999999998,148.71,17.74
