,name,c-x,c-y,radius
0,20130320T004616.376184.Cam6_52_aug_6.csv,164.50732421875,64.61839294433594,12.19
1,20130320T004616.376184.Cam6_52_aug_6.csv,140.27732849121094,63.848392486572266,12.19
2,20130320T004616.376184.Cam6_52_aug_6.csv,172.9673309326172,69.61839294433594,13.34
