,name,c-x,c-y,radius
0,20130320T004802.092623.Cam6_21_aug_0.csv,203.16,47.42,21.29
1,20130320T004802.092623.Cam6_21_aug_0.csv,168.0,72.26,21.29
2,20130320T004802.092623.Cam6_21_aug_0.csv,193.81,90.32,21.29
3,20130320T004802.092623.Cam6_21_aug_0.csv,221.87,65.48,18.71
4,20130320T004802.092623.Cam6_21_aug_0.csv,223.81,131.61,19.67
5,20130320T004802.092623.Cam6_21_aug_0.csv,238.32,166.13,20.32
6,20130320T004802.092623.Cam6_21_aug_0.csv,194.13,149.35,20.32
7,20130320T004802.092623.Cam6_21_aug_0.csv,166.71,135.48,20.32
8,20130320T004802.092623.Cam6_21_aug_0.csv,201.23000000000002,11.94,21.93
