,name,c-x,c-y,radius
0,20130320T004854.855723.Cam6_51_aug_4.csv,33.81,42.58,17.09
1,20130320T004854.855723.Cam6_51_aug_4.csv,9.29000000000002,32.9,17.09
2,20130320T004854.855723.Cam6_51_aug_4.csv,142.52,161.29,15.16
3,20130320T004854.855723.Cam6_51_aug_4.csv,67.35,136.45,14.84
4,20130320T004854.855723.Cam6_51_aug_4.csv,295.42,198.71,14.84
5,20130320T004854.855723.Cam6_51_aug_4.csv,157.35,101.61,14.84
6,20130320T004854.855723.Cam6_51_aug_4.csv,243.16,155.48,14.84
7,20130320T004854.855723.Cam6_51_aug_4.csv,173.81,120.97,14.84
