,name,c-x,c-y,radius
0,20130320T005043.048337.Cam6_32_aug_7.csv,200.0,195.81,16.13
1,20130320T005043.048337.Cam6_32_aug_7.csv,215.48,133.55,20.0
2,20130320T005043.048337.Cam6_32_aug_7.csv,253.55,126.45,20.0
3,20130320T005043.048337.Cam6_32_aug_7.csv,283.55,139.68,19.03
4,20130320T005043.048337.Cam6_32_aug_7.csv,239.03,80.65,19.03
5,20130320T005043.048337.Cam6_32_aug_7.csv,202.58,94.19,19.03
6,20130320T005043.048337.Cam6_32_aug_7.csv,214.52,55.16,19.03
7,20130320T005043.048337.Cam6_32_aug_7.csv,195.81,65.48,19.03
