,name,c-x,c-y,radius
0,20130320T005757.152532.Cam6_11_aug_3.csv,81.83660888671875,153.8549346923828,19.53
1,20130320T005757.152532.Cam6_11_aug_3.csv,43.78662109375,126.35493469238281,20.09
2,20130320T005757.152532.Cam6_11_aug_3.csv,40.726593017578125,45.52492904663086,21.48
3,20130320T005757.152532.Cam6_11_aug_3.csv,31.28662109375,67.46493530273438,19.53
