,name,c-x,c-y,radius
0,20130320T005219.240799.Cam6_12_aug_6.csv,211.87,175.81,25.8
1,20130320T005219.240799.Cam6_12_aug_6.csv,167.03,194.84,29.35
2,20130320T005219.240799.Cam6_12_aug_6.csv,165.42,164.52,29.35
3,20130320T005219.240799.Cam6_12_aug_6.csv,52.52000000000001,199.68,28.06
4,20130320T005219.240799.Cam6_12_aug_6.csv,38.97000000000003,169.03,28.06
5,20130320T005219.240799.Cam6_12_aug_6.csv,87.03,165.81,24.51
