,name,c-x,c-y,radius
0,20130320T005737.533128.Cam6_22_aug_3.csv,153.29931640625,78.30609130859375,24.53
1,20130320T005737.533128.Cam6_22_aug_3.csv,119.12931823730469,95.80609130859375,23.14
