,name,c-x,c-y,radius
0,20130320T013507.102917_42_aug_5.csv,43.0,190.56,18.14
1,20130320T013507.102917_42_aug_5.csv,111.61000000000001,122.22,18.14
2,20130320T013507.102917_42_aug_5.csv,99.66999999999999,138.06,17.59
3,20130320T013507.102917_42_aug_5.csv,69.66999999999999,136.39,17.59
4,20130320T013507.102917_42_aug_5.csv,55.22,139.44,17.59
5,20130320T013507.102917_42_aug_5.csv,62.72,94.17,21.48
6,20130320T013507.102917_42_aug_5.csv,72.72,51.67,20.64
7,20130320T013507.102917_42_aug_5.csv,238.0,168.06,19.81
