,name,c-x,c-y,radius
0,20130320T005614.102778.Cam6_73_aug_3.csv,107.16259002685547,170.6562957763672,14.53
