,name,c-x,c-y,radius
0,20130320T004359.801846.Cam6_21_aug_5.csv,119.62106323242188,137.3459930419922,24.39
1,20130320T004359.801846.Cam6_21_aug_5.csv,137.74105834960938,131.40599060058594,24.39
2,20130320T004359.801846.Cam6_21_aug_5.csv,127.43106079101562,104.53599548339844,23.14
