,name,c-x,c-y,radius
0,20130320T005434.672219.Cam6_61_aug_5.csv,69.52401733398438,76.0464859008789,12.87
1,20130320T005434.672219.Cam6_61_aug_5.csv,48.69401931762695,43.82648468017578,12.87
