,name,c-x,c-y,radius
0,20130320T005119.430084.Cam6_11_aug_2.csv,185.4332733154297,105.75102996826172,12.58
