,name,c-x,c-y,radius
0,20130320T013324.243694_43_aug_0.csv,137.31849670410156,77.7005615234375,17.31
