,name,c-x,c-y,radius
0,20130320T012854.142929_43_aug_5.csv,109.92135620117188,78.88093566894531,15.09
1,20130320T012854.142929_43_aug_5.csv,193.2513656616211,86.10093688964844,17.31
2,20130320T012854.142929_43_aug_5.csv,184.36136627197266,63.04093933105469,13.7
3,20130320T012854.142929_43_aug_5.csv,224.08136749267578,61.10093688964844,14.81
4,20130320T012854.142929_43_aug_5.csv,234.08136749267578,68.32093811035156,14.81
5,20130320T012854.142929_43_aug_5.csv,267.42136001586914,137.49093627929688,17.31
