,name,c-x,c-y,radius
0,20130320T004613.518999.Cam6_62_aug_4.csv,128.26708984375,53.62141418457031,12.19
1,20130320T004613.518999.Cam6_62_aug_4.csv,101.72708892822266,44.77141571044922,11.8
2,20130320T004613.518999.Cam6_62_aug_4.csv,136.7270965576172,18.231412887573242,10.65
3,20130320T004613.518999.Cam6_62_aug_4.csv,218.26708984375,28.621416091918945,11.8
4,20130320T004613.518999.Cam6_62_aug_4.csv,224.80709838867188,21.691415786743164,11.8
