,name,c-x,c-y,radius
0,20130320T004352.754200.Cam6_23_aug_4.csv,158.78443908691406,83.57850646972656,29.39
1,20130320T004352.754200.Cam6_23_aug_4.csv,110.65443420410156,55.45850372314453,28.45
2,20130320T004352.754200.Cam6_23_aug_4.csv,162.8444366455078,123.88851165771484,25.33
3,20130320T004352.754200.Cam6_23_aug_4.csv,111.28443908691406,110.13851165771484,26.58
4,20130320T004352.754200.Cam6_23_aug_4.csv,115.03443908691406,134.82850646972656,22.2
5,20130320T004352.754200.Cam6_23_aug_4.csv,80.65443420410156,131.07850646972656,20.95
