,name,c-x,c-y,radius
0,20130320T004419.802268.Cam6_53_aug_6.csv,80.8644790649414,136.0415496826172,17.51
