,name,c-x,c-y,radius
0,20130320T013641.009580_32_aug_4.csv,103.28,198.06,15.92
1,20130320T013641.009580_32_aug_4.csv,180.78,132.78,15.09
2,20130320T013641.009580_32_aug_4.csv,176.89,109.44,15.09
3,20130320T013641.009580_32_aug_4.csv,150.78,110.56,16.48
4,20130320T013641.009580_32_aug_4.csv,246.06,105.28,13.7
