,name,c-x,c-y,radius
0,20130320T012904.809896_22_aug_6.csv,23.61,42.5,14.81
1,20130320T012904.809896_22_aug_6.csv,53.89,60.0,16.2
2,20130320T012904.809896_22_aug_6.csv,132.5,103.33,16.2
3,20130320T012904.809896_22_aug_6.csv,156.67,118.06,16.2
4,20130320T012904.809896_22_aug_6.csv,175.28,99.72,18.7
