,name,c-x,c-y,radius
0,20130320T004428.754944.Cam6_11_aug_0.csv,113.04398345947266,112.26173400878906,19.39
