,name,c-x,c-y,radius
0,20130320T013611.866233_34_aug_5.csv,226.06,38.33,18.42
1,20130320T013611.866233_34_aug_5.csv,75.78,25.83,18.42
