,name,c-x,c-y,radius
0,20130320T005656.389401.Cam6_33_aug_5.csv,233.06,86.94,22.31
1,20130320T005656.389401.Cam6_33_aug_5.csv,245.0,115.28,20.92
2,20130320T005656.389401.Cam6_33_aug_5.csv,289.44,139.72,22.59
3,20130320T005656.389401.Cam6_33_aug_5.csv,187.5,18.06,18.98
4,20130320T005656.389401.Cam6_33_aug_5.csv,226.67,17.5,18.14
