,name,c-x,c-y,radius
0,20130320T005745.342789.Cam6_11_aug_7.csv,66.67,47.5,17.87
1,20130320T005745.342789.Cam6_11_aug_7.csv,51.67,50.0,17.87
2,20130320T005745.342789.Cam6_11_aug_7.csv,226.67,142.78,19.81
3,20130320T005745.342789.Cam6_11_aug_7.csv,246.94,111.11,22.03
4,20130320T005745.342789.Cam6_11_aug_7.csv,219.44,82.5,22.03
5,20130320T005745.342789.Cam6_11_aug_7.csv,237.78,50.0,21.48
6,20130320T005745.342789.Cam6_11_aug_7.csv,150.0,194.72,20.37
