,name,c-x,c-y,radius
0,20130320T004548.375606.Cam6_41_aug_2.csv,194.92000000000002,170.38,16.42
1,20130320T004548.375606.Cam6_41_aug_2.csv,202.23000000000002,161.15,16.42
2,20130320T004548.375606.Cam6_41_aug_2.csv,180.31,185.77,14.11
