,name,c-x,c-y,radius
0,20130320T004527.041772.Cam6_52_aug_7.csv,136.25,43.12,9.08
1,20130320T004527.041772.Cam6_52_aug_7.csv,145.0,13.75,9.08
2,20130320T004527.041772.Cam6_52_aug_7.csv,130.62,17.81,9.08
3,20130320T004527.041772.Cam6_52_aug_7.csv,233.75,130.94,12.51
