,name,c-x,c-y,radius
0,20130320T005428.005335.Cam6_21_aug_4.csv,89.0281753540039,36.79282760620117,18.42
1,20130320T005428.005335.Cam6_21_aug_4.csv,59.858177185058594,47.90282440185547,17.59
