,name,c-x,c-y,radius
0,20130320T005457.148800.Cam6_14_aug_5.csv,220.25881958007812,91.4936294555664,27.03
1,20130320T005457.148800.Cam6_14_aug_5.csv,269.97882080078125,79.54363250732422,27.03
