,name,c-x,c-y,radius
0,20130320T013057.002567_22_aug_2.csv,83.33,173.33,20.09
1,20130320T013057.002567_22_aug_2.csv,104.44,150.83,22.03
2,20130320T013057.002567_22_aug_2.csv,283.89,121.94,21.2
3,20130320T013057.002567_22_aug_2.csv,301.11,140.0,18.42
