,name,c-x,c-y,radius
0,20130320T005752.961946.Cam6_22_aug_5.csv,87.72,132.5,17.31
1,20130320T005752.961946.Cam6_22_aug_5.csv,60.78,134.72,18.42
2,20130320T005752.961946.Cam6_22_aug_5.csv,28.279999999999973,113.61,20.09
3,20130320T005752.961946.Cam6_22_aug_5.csv,43.56,81.94,20.09
4,20130320T005752.961946.Cam6_22_aug_5.csv,83.28,75.28,20.92
5,20130320T005752.961946.Cam6_22_aug_5.csv,90.22,100.28,20.37
6,20130320T005752.961946.Cam6_22_aug_5.csv,51.889999999999986,47.5,20.37
