,name,c-x,c-y,radius
0,20130320T004921.522905.Cam6_42_aug_1.csv,262.84000000000003,122.9,18.06
1,20130320T004921.522905.Cam6_42_aug_1.csv,284.45,124.84,18.06
2,20130320T004921.522905.Cam6_42_aug_1.csv,291.23,102.58,18.06
3,20130320T004921.522905.Cam6_42_aug_1.csv,287.03,32.9,17.09
4,20130320T004921.522905.Cam6_42_aug_1.csv,289.29,26.45,17.09
5,20130320T004921.522905.Cam6_42_aug_1.csv,259.61,14.84,19.03
