,name,c-x,c-y,radius
0,20130320T004555.804388.Cam6_33_aug_6.csv,268.25067138671875,135.5084228515625,13.73
