,name,c-x,c-y,radius
0,20130320T005738.485523.Cam6_21_aug_4.csv,118.33,64.44,17.59
1,20130320T005738.485523.Cam6_21_aug_4.csv,206.39,178.89,21.75
2,20130320T005738.485523.Cam6_21_aug_4.csv,276.67,192.78,22.59
3,20130320T005738.485523.Cam6_21_aug_4.csv,241.39,201.11,17.87
