,name,c-x,c-y,radius
0,20130320T005229.526758.Cam6_63_aug_2.csv,111.60220336914062,91.7889175415039,21.93
