,name,c-x,c-y,radius
0,20130320T004405.325839.Cam6_34_aug_6.csv,74.27113342285156,116.829833984375,20.64
