,name,c-x,c-y,radius
0,20130320T004420.945168.Cam6_44_aug_4.csv,172.7247314453125,152.3548583984375,10.95
1,20130320T004420.945168.Cam6_44_aug_4.csv,190.2247314453125,149.8548583984375,10.95
2,20130320T004420.945168.Cam6_44_aug_4.csv,181.16473388671875,170.16485595703125,10.95
