,name,c-x,c-y,radius
0,20130320T012823.094678_33_aug_4.csv,275.78,98.33,21.2
1,20130320T012823.094678_33_aug_4.csv,221.06,83.33,21.2
2,20130320T012823.094678_33_aug_4.csv,294.67,59.44,21.2
3,20130320T012823.094678_33_aug_4.csv,29.670000000000016,1.11,21.2
