,name,c-x,c-y,radius
0,20130320T005445.339056.Cam6_32_aug_6.csv,208.33,138.06,22.31
1,20130320T005445.339056.Cam6_32_aug_6.csv,183.89,94.44,19.81
2,20130320T005445.339056.Cam6_32_aug_6.csv,275.56,70.0,23.7
3,20130320T005445.339056.Cam6_32_aug_6.csv,298.89,51.11,21.48
4,20130320T005445.339056.Cam6_32_aug_6.csv,79.72,176.11,15.37
5,20130320T005445.339056.Cam6_32_aug_6.csv,91.39,154.44,14.53
