,name,c-x,c-y,radius
0,20130320T005550.102277.Cam6_21_aug_5.csv,16.223148345947266,151.20236206054688,19.81
1,20130320T005550.102277.Cam6_21_aug_5.csv,45.38315200805664,148.70236206054688,16.48
2,20130320T005550.102277.Cam6_21_aug_5.csv,8.443148612976074,136.48236083984375,19.53
