,name,c-x,c-y,radius
0,20130320T013021.192340_43_aug_6.csv,173.4983673095703,57.928932189941406,17.03
1,20130320T013021.192340_43_aug_6.csv,84.88837432861328,60.148929595947266,17.03
2,20130320T013021.192340_43_aug_6.csv,81.54837799072266,111.26892852783203,15.92
