,name,c-x,c-y,radius
0,20130320T005322.099219.Cam6_23_aug_2.csv,117.8139877319336,143.42298889160156,18.71
1,20130320T005322.099219.Cam6_23_aug_2.csv,107.49398803710938,183.1029815673828,21.29
