,name,c-x,c-y,radius
0,20130320T013512.055389_22_aug_2.csv,217.89215087890625,157.86898803710938,19.25
1,20130320T013512.055389_22_aug_2.csv,232.34214782714844,138.14898681640625,22.03
2,20130320T013512.055389_22_aug_2.csv,232.6221466064453,119.52899169921875,20.92
3,20130320T013512.055389_22_aug_2.csv,234.56214904785156,80.36898803710938,20.92
4,20130320T013512.055389_22_aug_2.csv,201.23214721679688,97.30899047851562,20.92
5,20130320T013512.055389_22_aug_2.csv,186.7821502685547,134.80899047851562,20.92
6,20130320T013512.055389_22_aug_2.csv,133.17214965820312,84.80899047851562,20.37
7,20130320T013512.055389_22_aug_2.csv,200.67214965820312,84.25898742675781,20.37
