,name,c-x,c-y,radius
0,20130320T013613.771021_12_aug_0.csv,41.889999999999986,189.72,21.75
1,20130320T013613.771021_12_aug_0.csv,64.94,173.61,20.37
2,20130320T013613.771021_12_aug_0.csv,32.44,153.06,22.03
3,20130320T013613.771021_12_aug_0.csv,29.670000000000016,111.67,22.03
4,20130320T013613.771021_12_aug_0.csv,59.94,120.83,22.59
5,20130320T013613.771021_12_aug_0.csv,95.78,123.33,22.59
6,20130320T013613.771021_12_aug_0.csv,60.78,79.44,22.03
7,20130320T013613.771021_12_aug_0.csv,33.27999999999997,52.22,22.03
