,name,c-x,c-y,radius
0,20130320T013609.580437_31_aug_3.csv,192.8549346923828,121.88970947265625,20.37
1,20130320T013609.580437_31_aug_3.csv,135.3549346923828,110.21971130371094,19.81
2,20130320T013609.580437_31_aug_3.csv,100.9149398803711,116.60971069335938,18.42
3,20130320T013609.580437_31_aug_3.csv,112.85494232177734,83.55970764160156,19.25
4,20130320T013609.580437_31_aug_3.csv,136.19493103027344,79.10971069335938,19.25
