,name,c-x,c-y,radius
0,20130320T013223.861478_33_aug_4.csv,185.3315200805664,164.7284698486328,17.03
1,20130320T013223.861478_33_aug_4.csv,142.551513671875,130.5584716796875,19.25
