,name,c-x,c-y,radius
0,20130320T005822.486424.Cam6_43_aug_0.csv,223.21417236328125,110.69485473632812,26.2
1,20130320T005822.486424.Cam6_43_aug_0.csv,193.21417236328125,81.25485229492188,32.59
