,name,c-x,c-y,radius
0,20130320T005048.000814.Cam6_23_aug_2.csv,52.52000000000001,182.9,22.9
1,20130320T005048.000814.Cam6_23_aug_2.csv,184.76999999999998,3.87,19.03
