,name,c-x,c-y,radius
0,20130320T005040.000648.Cam6_23_aug_0.csv,87.57054138183594,172.4452667236328,18.06
1,20130320T005040.000648.Cam6_23_aug_0.csv,73.050537109375,145.3452606201172,18.06
2,20130320T005040.000648.Cam6_23_aug_0.csv,58.22053527832031,175.66526794433594,18.06
3,20130320T005040.000648.Cam6_23_aug_0.csv,62.090545654296875,105.66526794433594,19.67
4,20130320T005040.000648.Cam6_23_aug_0.csv,91.76054382324219,86.96527099609375,19.67
5,20130320T005040.000648.Cam6_23_aug_0.csv,47.890533447265625,136.96527099609375,15.8
