,name,c-x,c-y,radius
0,20130320T013331.481970_22_aug_2.csv,260.22,31.11,24.53
1,20130320T013331.481970_22_aug_2.csv,284.67,29.44,22.31
