,name,c-x,c-y,radius
0,20130320T010000.583678.Cam6_23_aug_5.csv,108.61,136.39,18.7
1,20130320T010000.583678.Cam6_23_aug_5.csv,105.0,118.89,22.31
2,20130320T010000.583678.Cam6_23_aug_5.csv,119.17,96.67,20.92
3,20130320T010000.583678.Cam6_23_aug_5.csv,78.61,69.17,18.7
4,20130320T010000.583678.Cam6_23_aug_5.csv,42.5,40.83,20.64
5,20130320T010000.583678.Cam6_23_aug_5.csv,110.0,26.94,18.7
6,20130320T010000.583678.Cam6_23_aug_5.csv,93.06,4.44,16.48
