,name,c-x,c-y,radius
0,20130320T005413.719418.Cam6_21_aug_1.csv,206.77513122558594,29.85536766052246,20.64
