,name,c-x,c-y,radius
0,20130320T005649.151124.Cam6_33_aug_5.csv,124.17180633544922,110.47113037109375,20.37
1,20130320T005649.151124.Cam6_33_aug_5.csv,150.00181579589844,81.86112976074219,23.98
