,name,c-x,c-y,radius
0,20130320T004430.659734.Cam6_42_aug_0.csv,222.66766357421875,89.22740173339844,19.08
1,20130320T004430.659734.Cam6_42_aug_0.csv,262.04766845703125,102.66740417480469,16.89
2,20130320T004430.659734.Cam6_42_aug_0.csv,245.16766357421875,73.28739929199219,17.2
3,20130320T004430.659734.Cam6_42_aug_0.csv,148.607666015625,142.34739685058594,10.01
