,name,c-x,c-y,radius
0,20130320T004618.280974.Cam6_61_aug_0.csv,229.94212341308594,110.31494903564453,10.64
1,20130320T004618.280974.Cam6_61_aug_0.csv,225.4621124267578,125.83495330810547,10.64
2,20130320T004618.280974.Cam6_61_aug_0.csv,247.8721160888672,123.074951171875,10.64
3,20130320T004618.280974.Cam6_61_aug_0.csv,249.2521209716797,147.21495056152344,10.64
