,name,c-x,c-y,radius
0,20130320T013020.239945_32_aug_1.csv,58.56,88.61,17.59
1,20130320T013020.239945_32_aug_1.csv,79.94,50.56,17.59
2,20130320T013020.239945_32_aug_1.csv,106.88999999999999,6.94,17.59
