,name,c-x,c-y,radius
0,20130320T005228.764869.Cam6_73_aug_3.csv,133.4438018798828,28.89390754699707,14.19
