,name,c-x,c-y,radius
0,20130320T013627.866430_31_aug_6.csv,173.20626831054688,146.77767944335938,16.48
1,20130320T013627.866430_31_aug_6.csv,225.43626403808594,142.33767700195312,13.42
2,20130320T013627.866430_31_aug_6.csv,234.8762664794922,72.3376693725586,15.92
3,20130320T013627.866430_31_aug_6.csv,245.15626525878906,46.2276725769043,17.03
4,20130320T013627.866430_31_aug_6.csv,264.0462646484375,60.94767379760742,17.03
