,name,c-x,c-y,radius
0,20130320T005757.152532.Cam6_11_aug_1.csv,106.58207702636719,174.89291381835938,19.53
1,20130320T005757.152532.Cam6_11_aug_1.csv,68.53208923339844,147.39291381835938,20.09
2,20130320T005757.152532.Cam6_11_aug_1.csv,65.47206115722656,66.56290435791016,21.48
3,20130320T005757.152532.Cam6_11_aug_1.csv,56.03208923339844,88.5029067993164,19.53
