,name,c-x,c-y,radius
0,20130320T004715.425029.Cam6_73_aug_6.csv,207.7690200805664,97.17813110351562,12.57
1,20130320T004715.425029.Cam6_73_aug_6.csv,154.30902099609375,79.10813903808594,11.8
