,name,c-x,c-y,radius
0,20130320T004531.613372.Cam6_24_aug_3.csv,245.8495635986328,108.49431610107422,19.61
1,20130320T004531.613372.Cam6_24_aug_3.csv,239.08956146240234,77.68431854248047,18.53
2,20130320T004531.613372.Cam6_24_aug_3.csv,236.65956115722656,62.274314880371094,18.53
3,20130320T004531.613372.Cam6_24_aug_3.csv,272.06956481933594,47.41431427001953,20.15
4,20130320T004531.613372.Cam6_24_aug_3.csv,297.46956634521484,68.22431182861328,18.8
5,20130320T004531.613372.Cam6_24_aug_3.csv,280.97956466674805,92.81431579589844,18.8
