,name,c-x,c-y,radius
0,20130320T005824.200708.Cam6_52_aug_2.csv,244.3592529296875,99.03950500488281,17.87
1,20130320T005824.200708.Cam6_52_aug_2.csv,235.19924926757812,102.08950805664062,17.87
2,20130320T005824.200708.Cam6_52_aug_2.csv,200.74925231933594,89.30950927734375,24.81
3,20130320T005824.200708.Cam6_52_aug_2.csv,174.08924865722656,112.92950439453125,23.7
4,20130320T005824.200708.Cam6_52_aug_2.csv,143.24925231933594,120.97950744628906,20.37
5,20130320T005824.200708.Cam6_52_aug_2.csv,56.5892448425293,105.97950744628906,22.03
