,name,c-x,c-y,radius
0,20130320T013045.002332_12_aug_7.csv,67.5,146.39,19.53
1,20130320T013045.002332_12_aug_7.csv,51.11,115.28,19.53
2,20130320T013045.002332_12_aug_7.csv,28.89,144.44,18.7
3,20130320T013045.002332_12_aug_7.csv,39.72,175.56,17.87
