,name,c-x,c-y,radius
0,20130320T005735.247332.Cam6_43_aug_1.csv,122.57994842529297,89.52371215820312,25.09
