,name,c-x,c-y,radius
0,20130320T013030.335405_21_aug_6.csv,118.56,172.78,18.42
1,20130320T013030.335405_21_aug_6.csv,77.16999999999999,128.33,19.25
2,20130320T013030.335405_21_aug_6.csv,50.5,118.33,20.09
3,20130320T013030.335405_21_aug_6.csv,79.11000000000001,95.28,17.87
