,name,c-x,c-y,radius
0,20130320T010001.916956.Cam6_44_aug_4.csv,160.61727905273438,98.69831085205078,18.42
1,20130320T010001.916956.Cam6_44_aug_4.csv,136.457275390625,121.47830963134766,22.87
2,20130320T010001.916956.Cam6_44_aug_4.csv,100.61727905273438,103.97830963134766,21.75
3,20130320T010001.916956.Cam6_44_aug_4.csv,62.56727600097656,91.19831085205078,19.53
