,name,c-x,c-y,radius
0,20130320T005407.814545.Cam6_43_aug_4.csv,184.45,170.32,14.51
1,20130320T005407.814545.Cam6_43_aug_4.csv,168.65,185.16,14.51
2,20130320T005407.814545.Cam6_43_aug_4.csv,138.65,148.06,14.51
3,20130320T005407.814545.Cam6_43_aug_4.csv,246.71,200.0,14.51
4,20130320T005407.814545.Cam6_43_aug_4.csv,270.26,42.9,14.51
5,20130320T005407.814545.Cam6_43_aug_4.csv,247.68,35.48,14.51
