,name,c-x,c-y,radius
0,20130320T004359.801846.Cam6_21_aug_2.csv,132.4761505126953,129.5277099609375,24.39
1,20130320T004359.801846.Cam6_21_aug_2.csv,150.5961456298828,123.58770751953125,24.39
2,20130320T004359.801846.Cam6_21_aug_2.csv,140.28614807128906,96.71771240234375,23.14
