,name,c-x,c-y,radius
0,20130320T005944.964239.Cam6_42_aug_4.csv,270.8157958984375,120.69363403320312,24.25
1,20130320T005944.964239.Cam6_42_aug_4.csv,224.42581176757812,123.4736328125,23.14
2,20130320T005944.964239.Cam6_42_aug_4.csv,151.3758087158203,85.9736328125,22.03
