,name,c-x,c-y,radius
0,20130320T005757.152532.Cam6_11_aug_7.csv,222.78,167.5,19.53
1,20130320T005757.152532.Cam6_11_aug_7.csv,260.83,140.0,20.09
2,20130320T005757.152532.Cam6_11_aug_7.csv,263.89,59.17,21.48
3,20130320T005757.152532.Cam6_11_aug_7.csv,273.33,81.11,19.53
