,name,c-x,c-y,radius
0,20130320T005952.964398.Cam6_21_aug_3.csv,59.94,121.94,25.37
1,20130320T005952.964398.Cam6_21_aug_3.csv,21.889999999999986,146.94,20.37
2,20130320T005952.964398.Cam6_21_aug_3.csv,55.78,155.56,20.37
3,20130320T005952.964398.Cam6_21_aug_3.csv,15.220000000000027,117.5,20.37
4,20130320T005952.964398.Cam6_21_aug_3.csv,36.06,83.33,19.53
5,20130320T005952.964398.Cam6_21_aug_3.csv,58.0,19.17,19.53
6,20130320T005952.964398.Cam6_21_aug_3.csv,49.110000000000014,21.94,22.87
7,20130320T005952.964398.Cam6_21_aug_3.csv,13.829999999999984,21.11,19.53
