,name,c-x,c-y,radius
0,20130320T005619.626768.Cam6_12_aug_0.csv,204.0543975830078,113.4078140258789,26.2
