,name,c-x,c-y,radius
0,20130320T013606.913636_31_aug_5.csv,274.39,201.39,15.92
1,20130320T013606.913636_31_aug_5.csv,79.66999999999999,178.33,17.87
2,20130320T013606.913636_31_aug_5.csv,34.389999999999986,160.0,18.7
