,name,c-x,c-y,radius
0,20130320T013431.102178_34_aug_5.csv,260.4590263366699,71.78142547607422,21.75
1,20130320T013431.102178_34_aug_5.csv,271.2890281677246,95.39142608642578,23.14
2,20130320T013431.102178_34_aug_5.csv,215.4590301513672,59.00141906738281,22.59
