,name,c-x,c-y,radius
0,20130320T005108.382236.Cam6_11_aug_1.csv,191.87,161.61,16.45
1,20130320T005108.382236.Cam6_11_aug_1.csv,208.65,150.97,16.45
2,20130320T005108.382236.Cam6_11_aug_1.csv,133.81,168.39,16.45
3,20130320T005108.382236.Cam6_11_aug_1.csv,193.81,191.61,16.45
4,20130320T005108.382236.Cam6_11_aug_1.csv,171.87,184.84,16.45
