,name,c-x,c-y,radius
0,20130320T012820.428000_21_aug_3.csv,195.03748321533203,118.76934051513672,17.87
1,20130320T012820.428000_21_aug_3.csv,100.58749389648438,157.93934631347656,17.87
2,20130320T012820.428000_21_aug_3.csv,96.97749328613281,126.26934051513672,18.98
3,20130320T012820.428000_21_aug_3.csv,64.47749328613281,141.26934814453125,19.81
