,name,c-x,c-y,radius
0,20130320T004851.998412.Cam6_23_aug_7.csv,33.87,11.29,24.19
1,20130320T004851.998412.Cam6_23_aug_7.csv,149.35,191.29,26.13
2,20130320T004851.998412.Cam6_23_aug_7.csv,147.1,120.32,27.09
3,20130320T004851.998412.Cam6_23_aug_7.csv,202.58,106.45,28.06
4,20130320T004851.998412.Cam6_23_aug_7.csv,155.48,74.19,29.35
5,20130320T004851.998412.Cam6_23_aug_7.csv,197.42,55.81,28.38
6,20130320T004851.998412.Cam6_23_aug_7.csv,122.9,69.35,25.8
7,20130320T004851.998412.Cam6_23_aug_7.csv,85.16,75.81,26.45
8,20130320T004851.998412.Cam6_23_aug_7.csv,114.52,36.77,25.16
