,name,c-x,c-y,radius
0,20130320T013312.052947_23_aug_3.csv,53.623321533203125,143.7418670654297,14.53
1,20130320T013312.052947_23_aug_3.csv,80.29331970214844,105.1318588256836,14.53
2,20130320T013312.052947_23_aug_3.csv,46.95330810546875,99.85186004638672,14.53
3,20130320T013312.052947_23_aug_3.csv,69.73332214355469,81.24185943603516,15.09
4,20130320T013312.052947_23_aug_3.csv,51.123321533203125,64.3018569946289,14.81
5,20130320T013312.052947_23_aug_3.csv,48.9033203125,35.691864013671875,15.92
6,20130320T013312.052947_23_aug_3.csv,80.29331970214844,26.521862030029297,15.92
