,name,c-x,c-y,radius
0,20130320T005036.000567.Cam6_64_aug_6.csv,243.49537658691406,93.46601867675781,12.58
1,20130320T005036.000567.Cam6_64_aug_6.csv,236.7253875732422,105.72602081298828,12.58
2,20130320T005036.000567.Cam6_64_aug_6.csv,217.36538696289062,97.01602172851562,12.58
3,20130320T005036.000567.Cam6_64_aug_6.csv,203.17538452148438,77.65602111816406,12.58
