,name,c-x,c-y,radius
0,20130320T012946.143980_44_aug_4.csv,245.7772216796875,166.1619873046875,24.25
1,20130320T012946.143980_44_aug_4.csv,230.49722290039062,100.88199615478516,23.42
2,20130320T012946.143980_44_aug_4.csv,212.43722534179688,83.10199737548828,24.53
3,20130320T012946.143980_44_aug_4.csv,139.93722534179688,159.4919891357422,21.75
