,name,c-x,c-y,radius
0,20130320T004924.189585.Cam6_22_aug_4.csv,188.97,72.58,18.38
1,20130320T004924.189585.Cam6_22_aug_4.csv,132.52,38.39,22.26
2,20130320T004924.189585.Cam6_22_aug_4.csv,198.65,27.1,20.96
3,20130320T004924.189585.Cam6_22_aug_4.csv,256.06,14.52,17.74
4,20130320T004924.189585.Cam6_22_aug_4.csv,221.55,161.94,20.0
5,20130320T004924.189585.Cam6_22_aug_4.csv,181.55,164.84,18.38
