,name,c-x,c-y,radius
0,20130320T004850.855639.Cam6_23_aug_0.csv,24.6761474609375,95.37380981445312,23.22
