,name,c-x,c-y,radius
0,20130320T005044.000731.Cam6_24_aug_5.csv,227.17465209960938,105.3602066040039,19.35
1,20130320T005044.000731.Cam6_24_aug_5.csv,258.14465713500977,87.62020111083984,18.38
2,20130320T005044.000731.Cam6_24_aug_5.csv,137.49465942382812,118.91020965576172,16.77
3,20130320T005044.000731.Cam6_24_aug_5.csv,111.37464904785156,142.7801971435547,18.38
