,name,c-x,c-y,radius
0,20130320T004757.902037.Cam6_42_aug_0.csv,184.56044006347656,113.37763977050781,20.65
1,20130320T004757.902037.Cam6_42_aug_0.csv,211.48043823242188,111.84764099121094,18.73
2,20130320T004757.902037.Cam6_42_aug_0.csv,251.10044860839844,59.147640228271484,19.11
3,20130320T004757.902037.Cam6_42_aug_0.csv,289.5604553222656,53.767642974853516,18.34
4,20130320T004757.902037.Cam6_42_aug_0.csv,129.18045043945312,67.99763488769531,18.34
