,name,c-x,c-y,radius
0,20130320T005606.102612.Cam6_42_aug_7.csv,62.22,147.22,19.81
1,20130320T005606.102612.Cam6_42_aug_7.csv,175.28,157.22,23.42
2,20130320T005606.102612.Cam6_42_aug_7.csv,213.89,157.5,20.92
3,20130320T005606.102612.Cam6_42_aug_7.csv,232.5,133.06,17.03
4,20130320T005606.102612.Cam6_42_aug_7.csv,32.5,173.89,19.53
