,name,c-x,c-y,radius
0,20130320T004948.571086.Cam6_43_aug_5.csv,288.0,133.87,23.55
1,20130320T004948.571086.Cam6_43_aug_5.csv,274.45,123.55,23.55
2,20130320T004948.571086.Cam6_43_aug_5.csv,250.9,173.87,23.87
3,20130320T004948.571086.Cam6_43_aug_5.csv,200.9,146.77,24.84
4,20130320T004948.571086.Cam6_43_aug_5.csv,42.19,116.13,24.84
5,20130320T004948.571086.Cam6_43_aug_5.csv,1.8700000000000045,130.0,24.84
6,20130320T004948.571086.Cam6_43_aug_5.csv,81.22999999999999,196.77,23.87
