,name,c-x,c-y,radius
0,20130320T004413.135503.Cam6_63_aug_0.csv,182.0418930053711,80.82170104980469,14.39
1,20130320T004413.135503.Cam6_63_aug_0.csv,213.91189575195312,78.0116958618164,13.14
