,name,c-x,c-y,radius
0,20130320T005812.771975.Cam6_41_aug_4.csv,239.1352996826172,116.46794128417969,21.2
1,20130320T005812.771975.Cam6_41_aug_4.csv,205.24530029296875,110.90794372558594,21.2
