,name,c-x,c-y,radius
0,20130320T005428.005335.Cam6_21_aug_2.csv,138.96878051757812,24.705535888671875,18.42
1,20130320T005428.005335.Cam6_21_aug_2.csv,109.79878234863281,35.81553268432617,17.59
