,name,c-x,c-y,radius
0,20130320T005732.580652.Cam6_52_aug_5.csv,263.56,175.28,16.75
1,20130320T005732.580652.Cam6_52_aug_5.csv,282.17,49.17,17.87
2,20130320T005732.580652.Cam6_52_aug_5.csv,227.72,145.56,22.03
3,20130320T005732.580652.Cam6_52_aug_5.csv,194.11,148.61,17.87
4,20130320T005732.580652.Cam6_52_aug_5.csv,136.89,147.5,17.03
