,name,c-x,c-y,radius
0,20130320T005823.629322.Cam6_43_aug_3.csv,263.83,2.78,24.53
1,20130320T005823.629322.Cam6_43_aug_3.csv,223.82999999999998,5.56,22.87
2,20130320T005823.629322.Cam6_43_aug_3.csv,181.89,18.89,21.48
3,20130320T005823.629322.Cam6_43_aug_3.csv,153.0,17.78,21.48
4,20130320T005823.629322.Cam6_43_aug_3.csv,109.66999999999999,5.56,24.53
5,20130320T005823.629322.Cam6_43_aug_3.csv,272.44,90.28,22.59
6,20130320T005823.629322.Cam6_43_aug_3.csv,16.610000000000014,76.39,22.59
7,20130320T005823.629322.Cam6_43_aug_3.csv,164.94,117.22,21.2
8,20130320T005823.629322.Cam6_43_aug_3.csv,156.61,95.56,24.25
