,name,c-x,c-y,radius
0,20130320T004403.421053.Cam6_32_aug_1.csv,156.07894897460938,173.43386840820312,24.39
