,name,c-x,c-y,radius
0,20130320T004530.851480.Cam6_51_aug_3.csv,126.21234130859375,34.519718170166016,18.8
1,20130320T004530.851480.Cam6_51_aug_3.csv,151.88233947753906,51.54971694946289,18.8
2,20130320T004530.851480.Cam6_51_aug_3.csv,195.12232971191406,106.40972137451172,18.8
3,20130320T004530.851480.Cam6_51_aug_3.csv,241.6123275756836,152.35971069335938,16.91
4,20130320T004530.851480.Cam6_51_aug_3.csv,217.02233123779297,97.4897232055664,17.18
