,name,c-x,c-y,radius
0,20130320T005036.000567.Cam6_64_aug_7.csv,66.13,110.0,12.58
1,20130320T005036.000567.Cam6_64_aug_7.csv,72.9,122.26,12.58
2,20130320T005036.000567.Cam6_64_aug_7.csv,92.26,113.55,12.58
3,20130320T005036.000567.Cam6_64_aug_7.csv,106.45,94.19,12.58
