,name,c-x,c-y,radius
0,20130320T005055.048585.Cam6_63_aug_7.csv,73.55,118.06,13.55
1,20130320T005055.048585.Cam6_63_aug_7.csv,55.16,82.26,15.8
2,20130320T005055.048585.Cam6_63_aug_7.csv,123.87,86.13,14.51
3,20130320T005055.048585.Cam6_63_aug_7.csv,145.81,89.35,14.84
