,name,c-x,c-y,radius
0,20130320T005420.576678.Cam6_43_aug_2.csv,129.66702270507812,178.42221069335938,19.35
1,20130320T005420.576678.Cam6_43_aug_2.csv,129.34701538085938,138.42221069335938,17.42
2,20130320T005420.576678.Cam6_43_aug_2.csv,222.88701629638672,135.8422088623047,20.64
