,name,c-x,c-y,radius
0,20130320T005655.817889.Cam6_12_aug_4.csv,119.26629638671875,125.36640167236328,21.48
1,20130320T005655.817889.Cam6_12_aug_4.csv,149.26629638671875,108.97640228271484,19.53
2,20130320T005655.817889.Cam6_12_aug_4.csv,107.03630065917969,104.52640533447266,19.53
3,20130320T005655.817889.Cam6_12_aug_4.csv,127.31629943847656,62.02640914916992,21.48
4,20130320T005655.817889.Cam6_12_aug_4.csv,110.37629699707031,55.636409759521484,20.09
5,20130320T005655.817889.Cam6_12_aug_4.csv,145.6562957763672,28.41640853881836,19.25
