,name,c-x,c-y,radius
0,20130320T004408.944916.Cam6_54_aug_4.csv,249.35536193847656,152.49078369140625,15.95
1,20130320T004408.944916.Cam6_54_aug_4.csv,239.35536193847656,167.810791015625,14.7
