,name,c-x,c-y,radius
0,20130320T012947.667888_32_aug_5.csv,108.43592834472656,68.52140808105469,21.75
1,20130320T012947.667888_32_aug_5.csv,174.825927734375,102.40141296386719,21.75
2,20130320T012947.667888_32_aug_5.csv,196.21592712402344,70.74140930175781,21.75
