,name,c-x,c-y,radius
0,20130320T005929.916304.Cam6_22_aug_0.csv,100.55271911621094,48.78044128417969,22.59
1,20130320T005929.916304.Cam6_22_aug_0.csv,57.49272155761719,143.22044372558594,22.59
2,20130320T005929.916304.Cam6_22_aug_0.csv,78.60272216796875,179.89044189453125,21.75
