,name,c-x,c-y,radius
0,20130320T004404.563948.Cam6_51_aug_1.csv,9.06,68.44,22.83
1,20130320T004404.563948.Cam6_51_aug_1.csv,5.62,50.62,22.83
2,20130320T004404.563948.Cam6_51_aug_1.csv,30.94,80.94,18.76
3,20130320T004404.563948.Cam6_51_aug_1.csv,49.06,68.75,15.01
4,20130320T004404.563948.Cam6_51_aug_1.csv,155.0,67.81,15.01
5,20130320T004404.563948.Cam6_51_aug_1.csv,197.81,100.62,15.01
6,20130320T004404.563948.Cam6_51_aug_1.csv,286.87,124.69,17.2
