,name,c-x,c-y,radius
0,20130320T013336.243945_43_aug_1.csv,210.5430450439453,100.89220428466797,25.64
1,20130320T013336.243945_43_aug_1.csv,160.5430450439453,122.55220794677734,29.53
