,name,c-x,c-y,radius
0,20130320T004555.804388.Cam6_33_aug_0.csv,20.355661392211914,132.9969024658203,13.73
