,name,c-x,c-y,radius
0,20130320T004610.471314.Cam6_34_aug_5.csv,236.89015197753906,35.677738189697266,13.73
