,name,c-x,c-y,radius
0,20130320T004927.999164.Cam6_31_aug_6.csv,41.299835205078125,94.60189819335938,22.58
1,20130320T004927.999164.Cam6_31_aug_6.csv,81.94984436035156,105.5718994140625,20.64
2,20130320T004927.999164.Cam6_31_aug_6.csv,70.65983581542969,15.891895294189453,19.67
