,name,c-x,c-y,radius
0,20130320T005759.819336.Cam6_51_aug_4.csv,98.28,115.0,20.37
1,20130320T005759.819336.Cam6_51_aug_4.csv,39.110000000000014,44.44,22.87
2,20130320T005759.819336.Cam6_51_aug_4.csv,83.56,37.5,22.03
3,20130320T005759.819336.Cam6_51_aug_4.csv,133.28,24.17,18.14
