,name,c-x,c-y,radius
0,20130320T004418.278486.Cam6_51_aug_6.csv,176.8739776611328,108.89702606201172,14.7
1,20130320T004418.278486.Cam6_51_aug_6.csv,197.80397033691406,88.26702117919922,14.7
