,name,c-x,c-y,radius
0,20130320T013227.099668_32_aug_2.csv,192.0008087158203,54.966373443603516,16.2
1,20130320T013227.099668_32_aug_2.csv,158.39080810546875,67.74637603759766,17.87
2,20130320T013227.099668_32_aug_2.csv,200.6208038330078,140.80638122558594,16.75
