,name,c-x,c-y,radius
0,20130320T005731.818637.Cam6_62_aug_0.csv,305.78,16.39,18.98
1,20130320T005731.818637.Cam6_62_aug_0.csv,103.83000000000001,147.78,23.42
2,20130320T005731.818637.Cam6_62_aug_0.csv,121.06,98.33,23.42
