,name,c-x,c-y,radius
0,20130320T004850.855639.Cam6_23_aug_2.csv,46.708221435546875,74.0923843383789,23.22
