,name,c-x,c-y,radius
0,20130320T004408.944916.Cam6_54_aug_3.csv,101.04515838623047,150.86224365234375,15.95
1,20130320T004408.944916.Cam6_54_aug_3.csv,111.04515838623047,166.1822509765625,14.7
