,name,c-x,c-y,radius
0,20130320T005657.151294.Cam6_31_aug_1.csv,127.16999999999999,120.56,18.98
1,20130320T005657.151294.Cam6_31_aug_1.csv,43.829999999999984,85.28,18.98
2,20130320T005657.151294.Cam6_31_aug_1.csv,25.779999999999973,78.61,21.2
3,20130320T005657.151294.Cam6_31_aug_1.csv,284.94,161.39,16.75
4,20130320T005657.151294.Cam6_31_aug_1.csv,232.72,73.06,17.59
5,20130320T005657.151294.Cam6_31_aug_1.csv,209.39,84.44,17.03
6,20130320T005657.151294.Cam6_31_aug_1.csv,201.06,40.83,28.14
7,20130320T005657.151294.Cam6_31_aug_1.csv,161.06,34.17,24.81
8,20130320T005657.151294.Cam6_31_aug_1.csv,152.44,56.11,21.75
