,name,c-x,c-y,radius
0,20130320T004530.851480.Cam6_51_aug_2.csv,176.33489990234375,40.42746353149414,18.8
1,20130320T004530.851480.Cam6_51_aug_2.csv,150.66490173339844,57.457462310791016,18.8
2,20130320T004530.851480.Cam6_51_aug_2.csv,107.42491149902344,112.31746673583984,18.8
3,20130320T004530.851480.Cam6_51_aug_2.csv,60.934913635253906,158.2674560546875,16.91
4,20130320T004530.851480.Cam6_51_aug_2.csv,85.52490997314453,103.39746856689453,17.18
