,name,c-x,c-y,radius
0,20130320T004846.855554.Cam6_74_aug_3.csv,185.42000000000002,20.0,15.48
1,20130320T004846.855554.Cam6_74_aug_3.csv,84.77000000000001,49.35,15.48
2,20130320T004846.855554.Cam6_74_aug_3.csv,129.29,12.58,14.19
