,name,c-x,c-y,radius
0,20130320T005738.485523.Cam6_21_aug_5.csv,189.67000000000002,64.44,17.59
1,20130320T005738.485523.Cam6_21_aug_5.csv,101.61000000000001,178.89,21.75
2,20130320T005738.485523.Cam6_21_aug_5.csv,31.329999999999984,192.78,22.59
3,20130320T005738.485523.Cam6_21_aug_5.csv,66.61000000000001,201.11,17.87
