,name,c-x,c-y,radius
0,20130320T013609.580437_31_aug_6.csv,122.8782958984375,110.7114486694336,20.37
1,20130320T013609.580437_31_aug_6.csv,180.3782958984375,99.04145050048828,19.81
2,20130320T013609.580437_31_aug_6.csv,214.81829833984375,105.43144989013672,18.42
3,20130320T013609.580437_31_aug_6.csv,202.8782958984375,72.3814468383789,19.25
4,20130320T013609.580437_31_aug_6.csv,179.53829956054688,67.93144989013672,19.25
