,name,c-x,c-y,radius
0,20130320T004751.806786.Cam6_13_aug_4.csv,47.620000000000005,43.46,15.27
1,20130320T004751.806786.Cam6_13_aug_4.csv,26.850000000000023,18.08,15.27
2,20130320T004751.806786.Cam6_13_aug_4.csv,46.85000000000002,168.08,13.34
