,name,c-x,c-y,radius
0,20130320T005825.153103.Cam6_13_aug_4.csv,272.29625701904297,50.75128936767578,25.64
1,20130320T005825.153103.Cam6_13_aug_4.csv,269.2362594604492,159.91128540039062,25.64
2,20130320T005825.153103.Cam6_13_aug_4.csv,247.29625701904297,143.25128173828125,23.14
3,20130320T005825.153103.Cam6_13_aug_4.csv,160.90626525878906,135.1912841796875,18.42
4,20130320T005825.153103.Cam6_13_aug_4.csv,142.2962646484375,170.1912841796875,26.48
