,name,c-x,c-y,radius
0,20130320T004848.760347.Cam6_62_aug_2.csv,242.51999999999998,63.55,25.16
1,20130320T004848.760347.Cam6_62_aug_2.csv,248.65,78.39,22.9
2,20130320T004848.760347.Cam6_62_aug_2.csv,212.84,80.97,22.9
3,20130320T004848.760347.Cam6_62_aug_2.csv,174.77,167.42,20.32
4,20130320T004848.760347.Cam6_62_aug_2.csv,141.87,142.58,20.32
5,20130320T004848.760347.Cam6_62_aug_2.csv,106.71000000000001,120.32,20.32
6,20130320T004848.760347.Cam6_62_aug_2.csv,37.02999999999997,32.58,22.9
7,20130320T004848.760347.Cam6_62_aug_2.csv,306.06,176.77,22.9
