,name,c-x,c-y,radius
0,20130320T013021.192340_43_aug_3.csv,198.8028564453125,44.826316833496094,17.03
1,20130320T013021.192340_43_aug_3.csv,110.19285583496094,47.04631423950195,17.03
2,20130320T013021.192340_43_aug_3.csv,106.85285949707031,98.16631317138672,15.92
