,name,c-x,c-y,radius
0,20130320T004451.993418.Cam6_41_aug_1.csv,169.2697296142578,116.54737854003906,21.26
1,20130320T004451.993418.Cam6_41_aug_1.csv,127.07972717285156,129.36737060546875,21.26
2,20130320T004451.993418.Cam6_41_aug_1.csv,97.07972717285156,114.04737854003906,21.26
