,name,c-x,c-y,radius
0,20130320T004926.475382.Cam6_31_aug_6.csv,264.45,154.19,18.38
1,20130320T004926.475382.Cam6_31_aug_6.csv,226.06,79.68,20.0
2,20130320T004926.475382.Cam6_31_aug_6.csv,186.39,80.97,21.93
3,20130320T004926.475382.Cam6_31_aug_6.csv,179.29,44.19,20.96
4,20130320T004926.475382.Cam6_31_aug_6.csv,159.29,9.68,20.96
5,20130320T004926.475382.Cam6_31_aug_6.csv,8.319999999999993,192.9,20.0
