,name,c-x,c-y,radius
0,20130320T013131.860539_22_aug_5.csv,285.22,128.33,15.37
1,20130320T013131.860539_22_aug_5.csv,256.06,135.83,15.37
2,20130320T013131.860539_22_aug_5.csv,227.44,172.78,15.37
3,20130320T013131.860539_22_aug_5.csv,212.72,168.06,15.92
4,20130320T013131.860539_22_aug_5.csv,182.44,150.56,16.75
5,20130320T013131.860539_22_aug_5.csv,150.22,143.61,14.53
6,20130320T013131.860539_22_aug_5.csv,63.28,165.56,15.37
