,name,c-x,c-y,radius
0,20130320T005643.055747.Cam6_31_aug_6.csv,108.8382339477539,46.837890625,22.31
1,20130320T005643.055747.Cam6_31_aug_6.csv,139.95822143554688,154.337890625,19.53
