,name,c-x,c-y,radius
0,20130320T004556.947162.Cam6_34_aug_3.csv,227.61829376220703,122.80120849609375,14.11
