,name,c-x,c-y,radius
0,20130320T013717.200819_33_aug_4.csv,229.48589324951172,139.9640350341797,18.42
1,20130320T013717.200819_33_aug_4.csv,208.37589263916016,109.68403625488281,18.98
2,20130320T013717.200819_33_aug_4.csv,266.985897064209,109.41403198242188,18.98
