,name,c-x,c-y,radius
0,20130320T004410.659327.Cam6_21_aug_0.csv,272.40667724609375,161.54136657714844,20.01
