,name,c-x,c-y,radius
0,20130320T004403.421053.Cam6_32_aug_0.csv,144.9644317626953,146.98800659179688,24.39
