,name,c-x,c-y,radius
0,20130320T013607.485145_32_aug_2.csv,204.87240600585938,142.58692932128906,21.48
