,name,c-x,c-y,radius
0,20130320T005451.624934.Cam6_21_aug_3.csv,272.72,29.17,18.7
1,20130320T005451.624934.Cam6_21_aug_3.csv,267.44,62.22,17.31
2,20130320T005451.624934.Cam6_21_aug_3.csv,99.66999999999999,134.17,25.64
3,20130320T005451.624934.Cam6_21_aug_3.csv,58.28,130.83,25.09
4,20130320T005451.624934.Cam6_21_aug_3.csv,60.5,167.22,23.98
