,name,c-x,c-y,radius
0,20130320T013701.772015_23_aug_5.csv,83.10700988769531,78.53260040283203,19.25
1,20130320T013701.772015_23_aug_5.csv,51.1670036315918,40.48259353637695,17.31
