,name,c-x,c-y,radius
0,20130320T005812.771975.Cam6_41_aug_1.csv,197.3060073852539,122.11732482910156,21.2
1,20130320T005812.771975.Cam6_41_aug_1.csv,163.41600036621094,116.55732727050781,21.2
