,name,c-x,c-y,radius
0,20130320T012858.905027_21_aug_1.csv,59.00950241088867,86.68341827392578,14.81
1,20130320T012858.905027_21_aug_1.csv,135.67950439453125,94.46341705322266,14.81
2,20130320T012858.905027_21_aug_1.csv,161.50950622558594,96.68341827392578,14.81
3,20130320T012858.905027_21_aug_1.csv,126.5094985961914,123.3534164428711,14.81
4,20130320T012858.905027_21_aug_1.csv,161.50950622558594,126.96341705322266,14.81
