,name,c-x,c-y,radius
0,20130320T005805.533702.Cam6_13_aug_0.csv,239.95358276367188,74.2986831665039,19.53
1,20130320T005805.533702.Cam6_13_aug_0.csv,236.3435821533203,109.57868194580078,23.7
2,20130320T005805.533702.Cam6_13_aug_0.csv,206.3435821533203,76.23868560791016,26.48
3,20130320T005805.533702.Cam6_13_aug_0.csv,179.39358520507812,115.68868255615234,25.09
4,20130320T005805.533702.Cam6_13_aug_0.csv,45.22358322143555,117.90868377685547,25.09
5,20130320T005805.533702.Cam6_13_aug_0.csv,54.393585205078125,72.35868072509766,23.98
