,name,c-x,c-y,radius
0,20130320T004425.516756.Cam6_43_aug_1.csv,78.25643920898438,136.19357299804688,11.89
1,20130320T004425.516756.Cam6_43_aug_1.csv,97.31643676757812,137.76358032226562,11.26
