,name,c-x,c-y,radius
0,20130320T013100.050255_43_aug_2.csv,175.5,164.17,16.2
1,20130320T013100.050255_43_aug_2.csv,169.39,169.72,16.2
2,20130320T013100.050255_43_aug_2.csv,149.67,155.83,16.75
3,20130320T013100.050255_43_aug_2.csv,114.38999999999999,174.17,17.03
4,20130320T013100.050255_43_aug_2.csv,250.5,173.61,17.03
5,20130320T013100.050255_43_aug_2.csv,89.38999999999999,152.22,22.59
6,20130320T013100.050255_43_aug_2.csv,71.33000000000001,101.11,17.87
7,20130320T013100.050255_43_aug_2.csv,49.670000000000016,110.83,17.87
8,20130320T013100.050255_43_aug_2.csv,105.5,52.78,18.98
