,name,c-x,c-y,radius
0,20130320T005908.011100.Cam6_23_aug_5.csv,172.72,154.44,20.64
1,20130320T005908.011100.Cam6_23_aug_5.csv,229.94,125.83,23.7
2,20130320T005908.011100.Cam6_23_aug_5.csv,236.06,64.17,22.31
3,20130320T005908.011100.Cam6_23_aug_5.csv,214.94,33.06,20.09
4,20130320T005908.011100.Cam6_23_aug_5.csv,174.11,26.39,22.03
5,20130320T005908.011100.Cam6_23_aug_5.csv,33.829999999999984,30.83,21.48
