,name,c-x,c-y,radius
0,20130320T005044.000731.Cam6_24_aug_7.csv,90.97,115.16,19.35
1,20130320T005044.000731.Cam6_24_aug_7.csv,60.0,97.42,18.38
2,20130320T005044.000731.Cam6_24_aug_7.csv,180.65,128.71,16.77
3,20130320T005044.000731.Cam6_24_aug_7.csv,206.77,152.58,18.38
