,name,c-x,c-y,radius
0,20130320T004442.278975.Cam6_52_aug_7.csv,131.87,41.56,18.76
1,20130320T004442.278975.Cam6_52_aug_7.csv,166.25,41.25,18.76
2,20130320T004442.278975.Cam6_52_aug_7.csv,164.37,8.12,15.95
3,20130320T004442.278975.Cam6_52_aug_7.csv,128.12,20.94,18.14
