,name,c-x,c-y,radius
0,20130320T013312.052947_23_aug_5.csv,76.9132080078125,176.29483032226562,14.53
1,20130320T013312.052947_23_aug_5.csv,103.58320617675781,137.68482971191406,14.53
2,20130320T013312.052947_23_aug_5.csv,70.24320983886719,132.4048309326172,14.53
3,20130320T013312.052947_23_aug_5.csv,93.02320861816406,113.79483795166016,15.09
4,20130320T013312.052947_23_aug_5.csv,74.4132080078125,96.8548355102539,14.81
5,20130320T013312.052947_23_aug_5.csv,72.19322204589844,68.24483489990234,15.92
6,20130320T013312.052947_23_aug_5.csv,103.58320617675781,59.07483673095703,15.92
