,name,c-x,c-y,radius
0,20130320T004553.518590.Cam6_51_aug_3.csv,14.274496078491211,85.1893310546875,14.11
