,name,c-x,c-y,radius
0,20130320T013106.526640_33_aug_7.csv,239.17,12.22,20.64
1,20130320T013106.526640_33_aug_7.csv,161.67,30.28,16.48
2,20130320T013106.526640_33_aug_7.csv,263.33,165.28,23.7
3,20130320T013106.526640_33_aug_7.csv,306.94,161.94,23.7
4,20130320T013106.526640_33_aug_7.csv,282.22,127.5,21.75
