,name,c-x,c-y,radius
0,20130320T005658.865578.Cam6_42_aug_0.csv,214.72,196.39,14.53
1,20130320T005658.865578.Cam6_42_aug_0.csv,238.61,183.89,14.53
2,20130320T005658.865578.Cam6_42_aug_0.csv,277.22,130.0,18.7
3,20130320T005658.865578.Cam6_42_aug_0.csv,210.0,83.06,17.31
4,20130320T005658.865578.Cam6_42_aug_0.csv,227.5,94.72,15.92
5,20130320T005658.865578.Cam6_42_aug_0.csv,57.5,54.17,15.92
