,name,c-x,c-y,radius
0,20130320T005319.813548.Cam6_22_aug_7.csv,255.48,156.77,22.58
1,20130320T005319.813548.Cam6_22_aug_7.csv,264.52,119.03,22.58
2,20130320T005319.813548.Cam6_22_aug_7.csv,299.68,149.03,25.48
3,20130320T005319.813548.Cam6_22_aug_7.csv,299.68,112.9,25.48
