,name,c-x,c-y,radius
0,20130320T005915.249372.Cam6_32_aug_3.csv,64.17,176.39,25.09
1,20130320T005915.249372.Cam6_32_aug_3.csv,114.72,109.17,28.42
2,20130320T005915.249372.Cam6_32_aug_3.csv,206.67,26.94,24.53
3,20130320T005915.249372.Cam6_32_aug_3.csv,143.33,201.11,23.14
