,name,c-x,c-y,radius
0,20130320T005420.576678.Cam6_43_aug_1.csv,114.81919860839844,147.2637176513672,19.35
1,20130320T005420.576678.Cam6_43_aug_1.csv,114.49919128417969,107.26372528076172,17.42
2,20130320T005420.576678.Cam6_43_aug_1.csv,208.03919219970703,104.68372344970703,20.64
