,name,c-x,c-y,radius
0,20130320T004451.993418.Cam6_41_aug_2.csv,175.69093322753906,120.86006164550781,21.26
1,20130320T004451.993418.Cam6_41_aug_2.csv,133.5009307861328,133.68006896972656,21.26
2,20130320T004451.993418.Cam6_41_aug_2.csv,103.50092315673828,118.36006164550781,21.26
