,name,c-x,c-y,radius
0,20130320T005233.907851.Cam6_12_aug_2.csv,78.8753890991211,141.5100860595703,19.35
1,20130320T005233.907851.Cam6_12_aug_2.csv,126.6253890991211,142.81007385253906,15.8
2,20130320T005233.907851.Cam6_12_aug_2.csv,110.81538391113281,131.5100860595703,12.58
3,20130320T005233.907851.Cam6_12_aug_2.csv,214.36538696289062,95.0600814819336,18.71
4,20130320T005233.907851.Cam6_12_aug_2.csv,264.0453796386719,117.64008331298828,19.35
5,20130320T005233.907851.Cam6_12_aug_2.csv,253.3953857421875,74.74008178710938,15.8
6,20130320T005233.907851.Cam6_12_aug_2.csv,141.45538330078125,131.19007873535156,12.26
