,name,c-x,c-y,radius
0,20130320T012914.905227_42_aug_5.csv,31.976318359375,65.74007415771484,16.48
1,20130320T012914.905227_42_aug_5.csv,37.246307373046875,43.79007339477539,16.48
2,20130320T012914.905227_42_aug_5.csv,159.47630310058594,54.35007095336914,15.64
3,20130320T012914.905227_42_aug_5.csv,188.0863037109375,57.40007400512695,15.64
4,20130320T012914.905227_42_aug_5.csv,145.02630615234375,92.12007904052734,13.7
