,name,c-x,c-y,radius
0,20130320T005648.008226.Cam6_14_aug_7.csv,62.5,182.5,20.37
1,20130320T005648.008226.Cam6_14_aug_7.csv,164.44,147.22,23.42
2,20130320T005648.008226.Cam6_14_aug_7.csv,126.39,135.56,21.75
3,20130320T005648.008226.Cam6_14_aug_7.csv,73.61,4.72,16.48
4,20130320T005648.008226.Cam6_14_aug_7.csv,258.61,100.0,17.59
