,name,c-x,c-y,radius
0,20130320T004848.379337.Cam6_11_aug_6.csv,109.28999999999999,57.1,21.61
1,20130320T004848.379337.Cam6_11_aug_6.csv,78.0,56.45,24.19
2,20130320T004848.379337.Cam6_11_aug_6.csv,13.480000000000018,26.13,24.51
