,name,c-x,c-y,radius
0,20130320T005802.105007.Cam6_32_aug_5.csv,29.939999999999998,49.72,25.37
1,20130320T005802.105007.Cam6_32_aug_5.csv,161.33,100.83,17.31
2,20130320T005802.105007.Cam6_32_aug_5.csv,165.5,48.61,17.31
3,20130320T005802.105007.Cam6_32_aug_5.csv,138.28,57.78,17.31
4,20130320T005802.105007.Cam6_32_aug_5.csv,123.28,20.28,17.31
