,name,c-x,c-y,radius
0,20130320T004526.089376.Cam6_33_aug_3.csv,185.5769805908203,74.42140197753906,17.2
