,name,c-x,c-y,radius
0,20130320T005230.669657.Cam6_34_aug_1.csv,166.13,149.03,17.09
1,20130320T005230.669657.Cam6_34_aug_1.csv,141.61,175.81,17.09
2,20130320T005230.669657.Cam6_34_aug_1.csv,158.39,177.74,17.09
3,20130320T005230.669657.Cam6_34_aug_1.csv,128.06,173.23,16.13
4,20130320T005230.669657.Cam6_34_aug_1.csv,115.16,158.71,16.13
5,20130320T005230.669657.Cam6_34_aug_1.csv,207.42,24.84,16.13
