,name,c-x,c-y,radius
0,20130320T005452.005817.Cam6_63_aug_2.csv,55.369781494140625,115.85228729248047,17.87
