,name,c-x,c-y,radius
0,20130320T005548.197486.Cam6_34_aug_0.csv,195.10537719726562,141.60523986816406,25.92
1,20130320T005548.197486.Cam6_34_aug_0.csv,208.99537658691406,74.93524169921875,21.48
2,20130320T005548.197486.Cam6_34_aug_0.csv,205.66537475585938,46.8852424621582,19.81
3,20130320T005548.197486.Cam6_34_aug_0.csv,238.4353790283203,71.32524108886719,18.7
