,name,c-x,c-y,radius
0,20130320T005228.764869.Cam6_73_aug_4.csv,185.40542602539062,61.79618453979492,14.19
