,name,c-x,c-y,radius
0,20130320T004620.376266.Cam6_41_aug_3.csv,140.41,114.83,12.02
1,20130320T004620.376266.Cam6_41_aug_3.csv,230.41,174.48,12.02
2,20130320T004620.376266.Cam6_41_aug_3.csv,184.55,176.21,11.33
3,20130320T004620.376266.Cam6_41_aug_3.csv,42.48000000000002,170.34,10.64
4,20130320T004620.376266.Cam6_41_aug_3.csv,19.720000000000027,184.14,10.64
5,20130320T004620.376266.Cam6_41_aug_3.csv,55.93000000000001,172.41,10.64
6,20130320T004620.376266.Cam6_41_aug_3.csv,3.170000000000016,162.76,10.64
7,20130320T004620.376266.Cam6_41_aug_3.csv,48.339999999999975,142.76,9.61
8,20130320T004620.376266.Cam6_41_aug_3.csv,248.0,102.41,13.06
