,name,c-x,c-y,radius
0,20130320T013124.431761_23_aug_6.csv,187.44,79.17,18.98
1,20130320T013124.431761_23_aug_6.csv,151.33,20.56,16.48
2,20130320T013124.431761_23_aug_6.csv,72.44,88.89,15.64
