,name,c-x,c-y,radius
0,20130320T005420.576678.Cam6_43_aug_7.csv,196.45,159.68,19.35
1,20130320T005420.576678.Cam6_43_aug_7.csv,196.77,119.68,17.42
2,20130320T005420.576678.Cam6_43_aug_7.csv,103.23,117.1,20.64
