,name,c-x,c-y,radius
0,20130320T005419.243277.Cam6_54_aug_3.csv,214.76999999999998,168.06,19.03
1,20130320T005419.243277.Cam6_54_aug_3.csv,237.68,166.77,19.03
2,20130320T005419.243277.Cam6_54_aug_3.csv,198.0,169.68,19.03
3,20130320T005419.243277.Cam6_54_aug_3.csv,154.13,186.13,15.16
4,20130320T005419.243277.Cam6_54_aug_3.csv,123.16,181.61,17.09
5,20130320T005419.243277.Cam6_54_aug_3.csv,16.060000000000002,66.77,15.16
6,20130320T005419.243277.Cam6_54_aug_3.csv,16.389999999999986,41.61,14.19
7,20130320T005419.243277.Cam6_54_aug_3.csv,39.29000000000002,27.74,15.16
