,name,c-x,c-y,radius
0,20130320T005457.720187.Cam6_41_aug_7.csv,22.5,138.89,22.31
1,20130320T005457.720187.Cam6_41_aug_7.csv,72.5,89.17,19.25
2,20130320T005457.720187.Cam6_41_aug_7.csv,160.83,134.72,18.14
3,20130320T005457.720187.Cam6_41_aug_7.csv,175.83,93.06,17.03
4,20130320T005457.720187.Cam6_41_aug_7.csv,249.44,94.17,17.03
5,20130320T005457.720187.Cam6_41_aug_7.csv,261.67,115.28,15.37
6,20130320T005457.720187.Cam6_41_aug_7.csv,65.0,27.78,15.37
7,20130320T005457.720187.Cam6_41_aug_7.csv,85.28,4.72,15.92
8,20130320T005457.720187.Cam6_41_aug_7.csv,102.22,44.72,15.92
