,name,c-x,c-y,radius
0,20130320T005612.578997.Cam6_61_aug_0.csv,55.97198486328125,136.295654296875,21.48
1,20130320T005612.578997.Cam6_61_aug_0.csv,38.47198486328125,126.5656509399414,20.37
2,20130320T005612.578997.Cam6_61_aug_0.csv,48.751983642578125,52.68564987182617,17.87
3,20130320T005612.578997.Cam6_61_aug_0.csv,76.25198364257812,47.68565368652344,17.87
4,20130320T005612.578997.Cam6_61_aug_0.csv,117.92198181152344,51.295650482177734,17.03
