,name,c-x,c-y,radius
0,20130320T005327.813709.Cam6_11_aug_2.csv,187.68,146.77,17.42
1,20130320T005327.813709.Cam6_11_aug_2.csv,55.099999999999994,199.03,17.42
