,name,c-x,c-y,radius
0,20130320T005218.288405.Cam6_12_aug_5.csv,288.06,16.13,20.32
1,20130320T005218.288405.Cam6_12_aug_5.csv,98.71,20.97,20.0
2,20130320T005218.288405.Cam6_12_aug_5.csv,83.55,31.94,20.0
3,20130320T005218.288405.Cam6_12_aug_5.csv,86.13,69.35,20.0
4,20130320T005218.288405.Cam6_12_aug_5.csv,125.48,62.58,20.0
5,20130320T005218.288405.Cam6_12_aug_5.csv,117.42,148.71,17.74
