,name,c-x,c-y,radius
0,20130320T005818.486343.Cam6_53_aug_2.csv,107.31417846679688,131.4920196533203,28.42
1,20130320T005818.486343.Cam6_53_aug_2.csv,66.20417785644531,106.76202392578125,24.53
2,20130320T005818.486343.Cam6_53_aug_2.csv,78.98417663574219,159.822021484375,24.53
