,name,c-x,c-y,radius
0,20130320T004800.568841.Cam6_33_aug_6.csv,172.23,23.85,19.88
1,20130320T004800.568841.Cam6_33_aug_6.csv,161.46,56.15,17.57
2,20130320T004800.568841.Cam6_33_aug_6.csv,203.0,166.92,19.5
3,20130320T004800.568841.Cam6_33_aug_6.csv,122.62,163.46,19.5
4,20130320T004800.568841.Cam6_33_aug_6.csv,120.31,173.85,19.5
