,name,c-x,c-y,radius
0,20130320T004618.661981.Cam6_62_aug_5.csv,124.18028259277344,96.125732421875,10.64
1,20130320T004618.661981.Cam6_62_aug_5.csv,112.11028289794922,111.29573059082031,10.64
2,20130320T004618.661981.Cam6_62_aug_5.csv,145.56027221679688,110.95573425292969,10.64
3,20130320T004618.661981.Cam6_62_aug_5.csv,135.56027221679688,108.19573211669922,10.64
4,20130320T004618.661981.Cam6_62_aug_5.csv,137.63027954101562,138.88572692871094,10.64
5,20130320T004618.661981.Cam6_62_aug_5.csv,142.80027770996094,136.47573852539062,10.64
