,name,c-x,c-y,radius
0,20130320T004613.518999.Cam6_62_aug_1.csv,166.7888946533203,54.99871063232422,12.19
1,20130320T004613.518999.Cam6_62_aug_1.csv,140.2489013671875,46.148712158203125,11.8
2,20130320T004613.518999.Cam6_62_aug_1.csv,175.2489013671875,19.60870933532715,10.65
3,20130320T004613.518999.Cam6_62_aug_1.csv,256.7889099121094,29.99871253967285,11.8
4,20130320T004613.518999.Cam6_62_aug_1.csv,263.32891845703125,23.06871223449707,11.8
