,name,c-x,c-y,radius
0,20130320T004449.326741.Cam6_34_aug_0.csv,133.12,128.12,21.58
1,20130320T004449.326741.Cam6_34_aug_0.csv,111.56,180.62,18.76
2,20130320T004449.326741.Cam6_34_aug_0.csv,177.81,66.25,22.2
3,20130320T004449.326741.Cam6_34_aug_0.csv,199.06,80.94,22.2
4,20130320T004449.326741.Cam6_34_aug_0.csv,222.19,80.31,22.2
5,20130320T004449.326741.Cam6_34_aug_0.csv,235.31,92.19,22.2
6,20130320T004449.326741.Cam6_34_aug_0.csv,241.56,80.94,22.2
