,name,c-x,c-y,radius
0,20130320T005913.535087.Cam6_62_aug_1.csv,226.180908203125,100.24268341064453,18.98
1,20130320T005913.535087.Cam6_62_aug_1.csv,197.57090759277344,101.08267974853516,19.81
2,20130320T005913.535087.Cam6_62_aug_1.csv,192.0109100341797,53.85268783569336,20.37
3,20130320T005913.535087.Cam6_62_aug_1.csv,103.40090942382812,80.80268096923828,21.75
