,name,c-x,c-y,radius
0,20130320T004359.801846.Cam6_21_aug_4.csv,127.99641418457031,116.2152099609375,24.39
1,20130320T004359.801846.Cam6_21_aug_4.csv,146.1164093017578,110.27520751953125,24.39
2,20130320T004359.801846.Cam6_21_aug_4.csv,135.80641174316406,83.40521240234375,23.14
