,name,c-x,c-y,radius
0,20130320T013130.336632_52_aug_4.csv,293.56,16.94,15.64
1,20130320T013130.336632_52_aug_4.csv,256.89,90.56,15.37
2,20130320T013130.336632_52_aug_4.csv,118.56,164.44,11.48
3,20130320T013130.336632_52_aug_4.csv,30.779999999999973,81.11,15.92
4,20130320T013130.336632_52_aug_4.csv,32.170000000000016,90.83,15.92
