,name,c-x,c-y,radius
0,20130320T004530.851480.Cam6_51_aug_1.csv,164.22593688964844,30.835433959960938,18.8
1,20130320T004530.851480.Cam6_51_aug_1.csv,138.55593872070312,47.86543273925781,18.8
2,20130320T004530.851480.Cam6_51_aug_1.csv,95.3159408569336,102.72543334960938,18.8
3,20130320T004530.851480.Cam6_51_aug_1.csv,48.8259391784668,148.67543029785156,16.91
4,20130320T004530.851480.Cam6_51_aug_1.csv,73.41593933105469,93.80543518066406,17.18
