,name,c-x,c-y,radius
0,20130320T012823.285182_62_aug_6.csv,63.78269958496094,103.37151336669922,17.87
1,20130320T012823.285182_62_aug_6.csv,185.17269897460938,120.59151458740234,22.31
2,20130320T012823.285182_62_aug_6.csv,106.56269836425781,48.92151641845703,22.31
