,name,c-x,c-y,radius
0,20130320T004534.280053.Cam6_73_aug_1.csv,95.15919494628906,140.5069580078125,16.64
