,name,c-x,c-y,radius
0,20130320T013431.102178_34_aug_0.csv,236.51207733154297,86.53145599365234,21.75
1,20130320T013431.102178_34_aug_0.csv,247.34207916259766,110.1414566040039,23.14
2,20130320T013431.102178_34_aug_0.csv,191.51207733154297,73.75144958496094,22.59
