,name,c-x,c-y,radius
0,20130320T013350.339486_32_aug_6.csv,299.3781843185425,124.583984375,21.2
