,name,c-x,c-y,radius
0,20130320T005305.337000.Cam6_41_aug_7.csv,201.29,159.35,20.96
1,20130320T005305.337000.Cam6_41_aug_7.csv,180.32,99.35,19.67
2,20130320T005305.337000.Cam6_41_aug_7.csv,178.71,49.35,17.42
3,20130320T005305.337000.Cam6_41_aug_7.csv,306.13,83.23,17.42
4,20130320T005305.337000.Cam6_41_aug_7.csv,43.87,27.74,19.03
