,name,c-x,c-y,radius
0,20130320T005103.048751.Cam6_62_aug_6.csv,161.2598876953125,148.39828491210938,14.84
1,20130320T005103.048751.Cam6_62_aug_6.csv,47.05988311767578,107.42827606201172,14.84
2,20130320T005103.048751.Cam6_62_aug_6.csv,150.60987854003906,72.91828155517578,14.84
3,20130320T005103.048751.Cam6_62_aug_6.csv,168.02989196777344,60.97827911376953,14.84
