,name,c-x,c-y,radius
0,20130320T013150.146539_34_aug_5.csv,284.11,140.28,18.14
1,20130320T013150.146539_34_aug_5.csv,218.56,103.61,17.03
2,20130320T013150.146539_34_aug_5.csv,214.67000000000002,48.06,17.87
3,20130320T013150.146539_34_aug_5.csv,187.17000000000002,31.39,17.31
4,20130320T013150.146539_34_aug_5.csv,221.06,0.83,17.31
5,20130320T013150.146539_34_aug_5.csv,42.44,146.11,16.48
6,20130320T013150.146539_34_aug_5.csv,31.329999999999984,177.78,16.75
