,name,c-x,c-y,radius
0,20130320T013507.864807_33_aug_7.csv,93.06,79.72,17.03
1,20130320T013507.864807_33_aug_7.csv,126.39,85.0,17.03
2,20130320T013507.864807_33_aug_7.csv,162.78,74.17,17.03
3,20130320T013507.864807_33_aug_7.csv,184.44,70.28,17.03
4,20130320T013507.864807_33_aug_7.csv,256.39,20.0,18.14
