,name,c-x,c-y,radius
0,20130320T005655.817889.Cam6_12_aug_3.csv,141.3363037109375,137.32257080078125,21.48
1,20130320T005655.817889.Cam6_12_aug_3.csv,171.3363037109375,120.93256378173828,19.53
2,20130320T005655.817889.Cam6_12_aug_3.csv,129.10630798339844,116.4825668334961,19.53
3,20130320T005655.817889.Cam6_12_aug_3.csv,149.3863067626953,73.9825668334961,21.48
4,20130320T005655.817889.Cam6_12_aug_3.csv,132.44630432128906,67.59256744384766,20.09
5,20130320T005655.817889.Cam6_12_aug_3.csv,167.72630310058594,40.37256622314453,19.25
