,name,c-x,c-y,radius
0,20130320T005041.905438.Cam6_24_aug_6.csv,281.7447204589844,131.58828735351562,16.13
1,20130320T005041.905438.Cam6_24_aug_6.csv,262.38470458984375,94.16828918457031,16.13
