,name,c-x,c-y,radius
0,20130320T005103.048751.Cam6_62_aug_5.csv,139.2374267578125,128.5367431640625,14.84
1,20130320T005103.048751.Cam6_62_aug_5.csv,253.43743515014648,87.56673431396484,14.84
2,20130320T005103.048751.Cam6_62_aug_5.csv,149.88743591308594,53.056739807128906,14.84
3,20130320T005103.048751.Cam6_62_aug_5.csv,132.46742248535156,41.116737365722656,14.84
