,name,c-x,c-y,radius
0,20130320T013025.763937_42_aug_3.csv,229.39,174.44,21.48
1,20130320T013025.763937_42_aug_3.csv,175.5,186.67,23.14
