,name,c-x,c-y,radius
0,20130320T010000.964560.Cam6_42_aug_4.csv,262.2672119140625,69.70323181152344,20.64
1,20130320T010000.964560.Cam6_42_aug_4.csv,216.42721557617188,124.14323425292969,22.31
2,20130320T010000.964560.Cam6_42_aug_4.csv,175.03721618652344,111.64323425292969,22.31
3,20130320T010000.964560.Cam6_42_aug_4.csv,93.92721557617188,135.2632293701172,20.09
4,20130320T010000.964560.Cam6_42_aug_4.csv,63.09721374511719,122.48323059082031,23.98
