,name,c-x,c-y,radius
0,20130320T004756.568760.Cam6_41_aug_0.csv,87.22999999999999,98.08,19.5
1,20130320T004756.568760.Cam6_41_aug_0.csv,130.31,104.23,19.5
2,20130320T004756.568760.Cam6_41_aug_0.csv,145.31,130.77,19.5
3,20130320T004756.568760.Cam6_41_aug_0.csv,106.46000000000001,160.77,17.19
4,20130320T004756.568760.Cam6_41_aug_0.csv,90.69,68.46,17.19
5,20130320T004756.568760.Cam6_41_aug_0.csv,65.31,31.15,19.5
6,20130320T004756.568760.Cam6_41_aug_0.csv,93.77000000000001,17.69,17.19
