,name,c-x,c-y,radius
0,20130320T012821.951781_12_aug_4.csv,223.56,159.17,16.75
1,20130320T012821.951781_12_aug_4.csv,223.56,164.17,16.75
2,20130320T012821.951781_12_aug_4.csv,153.28,167.22,16.75
3,20130320T012821.951781_12_aug_4.csv,110.5,176.11,18.7
4,20130320T012821.951781_12_aug_4.csv,19.939999999999998,92.78,21.48
5,20130320T012821.951781_12_aug_4.csv,44.94,40.28,22.87
6,20130320T012821.951781_12_aug_4.csv,32.44,5.83,22.87
