,name,c-x,c-y,radius
0,20130320T012850.333350_52_aug_2.csv,289.39,23.89,18.7
1,20130320T012850.333350_52_aug_2.csv,176.33,84.44,17.87
2,20130320T012850.333350_52_aug_2.csv,145.22,83.33,17.03
3,20130320T012850.333350_52_aug_2.csv,31.889999999999986,43.33,17.03
4,20130320T012850.333350_52_aug_2.csv,253.28,173.61,13.7
5,20130320T012850.333350_52_aug_2.csv,109.94,98.06,12.59
6,20130320T012850.333350_52_aug_2.csv,55.78,108.61,12.59
