,name,c-x,c-y,radius
0,20130320T005913.915969.Cam6_31_aug_3.csv,288.83,160.0,22.87
1,20130320T005913.915969.Cam6_31_aug_3.csv,267.44,169.44,22.87
2,20130320T005913.915969.Cam6_31_aug_3.csv,149.39,128.89,22.87
3,20130320T005913.915969.Cam6_31_aug_3.csv,197.72,19.17,23.7
4,20130320T005913.915969.Cam6_31_aug_3.csv,57.72,45.56,18.7
5,20130320T005913.915969.Cam6_31_aug_3.csv,277.44,118.89,18.42
