,name,c-x,c-y,radius
0,20130320T004607.995015.Cam6_24_aug_2.csv,256.2854309082031,133.96836853027344,18.73
1,20130320T004607.995015.Cam6_24_aug_2.csv,181.28541564941406,108.19837951660156,17.57
