,name,c-x,c-y,radius
0,20130320T013333.386760_33_aug_3.csv,90.56616973876953,90.93513488769531,22.31
1,20130320T013333.386760_33_aug_3.csv,71.95616912841797,132.04513549804688,25.64
2,20130320T013333.386760_33_aug_3.csv,25.28616714477539,55.65513229370117,25.64
