,name,c-x,c-y,radius
0,20130320T013031.478304_62_aug_2.csv,269.0364990234375,102.60120391845703,21.75
1,20130320T013031.478304_62_aug_2.csv,233.75653076171875,86.2112045288086,20.09
2,20130320T013031.478304_62_aug_2.csv,193.75653076171875,112.60120391845703,20.09
