,name,c-x,c-y,radius
0,20130320T004440.374187.Cam6_62_aug_6.csv,107.91932678222656,147.01705932617188,20.33
