,name,c-x,c-y,radius
0,20130320T004803.616531.Cam6_24_aug_4.csv,294.77,59.68,18.06
1,20130320T004803.616531.Cam6_24_aug_4.csv,68.32,161.29,18.06
2,20130320T004803.616531.Cam6_24_aug_4.csv,31.870000000000005,162.9,17.42
3,20130320T004803.616531.Cam6_24_aug_4.csv,35.74000000000001,187.42,17.42
