,name,c-x,c-y,radius
0,20130320T005808.771893.Cam6_23_aug_1.csv,73.0,33.06,24.25
1,20130320T005808.771893.Cam6_23_aug_1.csv,53.0,65.83,20.64
2,20130320T005808.771893.Cam6_23_aug_1.csv,32.44,47.78,20.64
3,20130320T005808.771893.Cam6_23_aug_1.csv,12.720000000000027,76.94,20.64
4,20130320T005808.771893.Cam6_23_aug_1.csv,10.5,21.94,21.48
5,20130320T005808.771893.Cam6_23_aug_1.csv,41.610000000000014,8.61,21.48
6,20130320T005808.771893.Cam6_23_aug_1.csv,227.44,4.44,21.48
