,name,c-x,c-y,radius
0,20130320T005418.100380.Cam6_51_aug_6.csv,127.52908325195312,156.53158569335938,16.13
1,20130320T005418.100380.Cam6_51_aug_6.csv,157.84909057617188,150.07159423828125,18.71
2,20130320T005418.100380.Cam6_51_aug_6.csv,66.87908935546875,144.59158325195312,15.16
