,name,c-x,c-y,radius
0,20130320T004613.518999.Cam6_62_aug_2.csv,130.4156951904297,62.57715606689453,12.19
1,20130320T004613.518999.Cam6_62_aug_2.csv,103.87570190429688,53.72715759277344,11.8
2,20130320T004613.518999.Cam6_62_aug_2.csv,138.87570190429688,27.187158584594727,10.65
3,20130320T004613.518999.Cam6_62_aug_2.csv,220.4156951904297,37.5771598815918,11.8
4,20130320T004613.518999.Cam6_62_aug_2.csv,226.95570373535156,30.64716148376465,11.8
