,name,c-x,c-y,radius
0,20130320T004401.325755.Cam6_61_aug_3.csv,224.48873138427734,38.033565521240234,14.08
1,20130320T004401.325755.Cam6_61_aug_3.csv,229.17872619628906,48.66356658935547,14.08
2,20130320T004401.325755.Cam6_61_aug_3.csv,223.85872650146484,63.0335693359375,14.08
3,20130320T004401.325755.Cam6_61_aug_3.csv,178.2387237548828,74.2835693359375,14.08
4,20130320T004401.325755.Cam6_61_aug_3.csv,121.35871887207031,120.53356170654297,14.08
5,20130320T004401.325755.Cam6_61_aug_3.csv,153.8587188720703,140.2235565185547,14.08
6,20130320T004401.325755.Cam6_61_aug_3.csv,165.42872619628906,124.28356170654297,11.26
