,name,c-x,c-y,radius
0,20130320T005657.151294.Cam6_31_aug_5.csv,180.83,120.56,18.98
1,20130320T005657.151294.Cam6_31_aug_5.csv,264.17,85.28,18.98
2,20130320T005657.151294.Cam6_31_aug_5.csv,282.22,78.61,21.2
3,20130320T005657.151294.Cam6_31_aug_5.csv,23.06,161.39,16.75
4,20130320T005657.151294.Cam6_31_aug_5.csv,75.28,73.06,17.59
5,20130320T005657.151294.Cam6_31_aug_5.csv,98.61,84.44,17.03
6,20130320T005657.151294.Cam6_31_aug_5.csv,106.94,40.83,28.14
7,20130320T005657.151294.Cam6_31_aug_5.csv,146.94,34.17,24.81
8,20130320T005657.151294.Cam6_31_aug_5.csv,155.56,56.11,21.75
