,name,c-x,c-y,radius
0,20130320T004612.947488.Cam6_22_aug_4.csv,45.200286865234375,106.82154846191406,14.5
1,20130320T004612.947488.Cam6_22_aug_4.csv,17.50030517578125,106.05155181884766,16.03
