,name,c-x,c-y,radius
0,20130320T005223.812267.Cam6_61_aug_3.csv,275.74,37.74,16.77
1,20130320T005223.812267.Cam6_61_aug_3.csv,62.19,16.77,14.84
2,20130320T005223.812267.Cam6_61_aug_3.csv,59.28999999999999,36.13,14.84
3,20130320T005223.812267.Cam6_61_aug_3.csv,51.23000000000002,148.39,12.26
4,20130320T005223.812267.Cam6_61_aug_3.csv,66.06,155.81,12.26
