,name,c-x,c-y,radius
0,20130320T012947.667888_32_aug_1.csv,246.31375122070312,75.70169067382812,21.75
1,20130320T012947.667888_32_aug_1.csv,179.9237518310547,109.58169555664062,21.75
2,20130320T012947.667888_32_aug_1.csv,158.53375244140625,77.92169189453125,21.75
