,name,c-x,c-y,radius
0,20130320T004552.756699.Cam6_21_aug_1.csv,91.36215209960938,119.25602722167969,15.27
