,name,c-x,c-y,radius
0,20130320T012853.190533_22_aug_3.csv,288.06,147.78,15.09
1,20130320T012853.190533_22_aug_3.csv,260.83,139.17,14.25
2,20130320T012853.190533_22_aug_3.csv,239.72,48.61,14.25
3,20130320T012853.190533_22_aug_3.csv,300.28,47.5,17.87
