,name,c-x,c-y,radius
0,20130320T004719.806124.Cam6_32_aug_2.csv,268.51759338378906,108.22866821289062,17.96
1,20130320T004719.806124.Cam6_32_aug_2.csv,280.44759368896484,67.83866882324219,17.96
2,20130320T004719.806124.Cam6_32_aug_2.csv,295.44759464263916,149.378662109375,14.88
