,name,c-x,c-y,radius
0,20130320T005955.821705.Cam6_52_aug_6.csv,174.39,15.0,20.92
1,20130320T005955.821705.Cam6_52_aug_6.csv,115.78,42.78,21.2
