,name,c-x,c-y,radius
0,20130320T005754.866735.Cam6_22_aug_2.csv,238.7366485595703,70.82930755615234,20.92
1,20130320T005754.866735.Cam6_22_aug_2.csv,283.1866455078125,41.10930633544922,20.92
2,20130320T005754.866735.Cam6_22_aug_2.csv,290.6866455078125,79.15930938720703,20.92
