,name,c-x,c-y,radius
0,20130320T013028.430617_32_aug_5.csv,14.17,143.06,16.2
1,20130320T013028.430617_32_aug_5.csv,43.89,141.39,16.2
2,20130320T013028.430617_32_aug_5.csv,30.56,171.11,16.2
3,20130320T013028.430617_32_aug_5.csv,208.61,63.06,19.53
4,20130320T013028.430617_32_aug_5.csv,230.28,83.33,19.53
