,name,c-x,c-y,radius
0,20130320T004531.613372.Cam6_24_aug_5.csv,234.9862060546875,125.35738372802734,19.61
1,20130320T004531.613372.Cam6_24_aug_5.csv,228.22620391845703,94.5473861694336,18.53
2,20130320T004531.613372.Cam6_24_aug_5.csv,225.79620361328125,79.13738250732422,18.53
3,20130320T004531.613372.Cam6_24_aug_5.csv,261.2062072753906,64.27738189697266,20.15
4,20130320T004531.613372.Cam6_24_aug_5.csv,286.6062068939209,85.0873794555664,18.8
5,20130320T004531.613372.Cam6_24_aug_5.csv,270.11620712280273,109.67738342285156,18.8
