,name,c-x,c-y,radius
0,20130320T005434.672219.Cam6_61_aug_2.csv,47.69725799560547,81.27726745605469,12.87
1,20130320T005434.672219.Cam6_61_aug_2.csv,26.867259979248047,49.0572624206543,12.87
