,name,c-x,c-y,radius
0,20130320T012949.572679_32_aug_7.csv,76.67,110.83,22.87
1,20130320T012949.572679_32_aug_7.csv,122.5,109.17,23.7
2,20130320T012949.572679_32_aug_7.csv,101.67,79.17,21.75
3,20130320T012949.572679_32_aug_7.csv,126.39,55.28,20.92
4,20130320T012949.572679_32_aug_7.csv,83.61,199.72,20.92
5,20130320T012949.572679_32_aug_7.csv,121.11,173.06,18.98
