,name,c-x,c-y,radius
0,20130320T005039.429263.Cam6_64_aug_5.csv,266.53448486328125,69.4772720336914,11.93
1,20130320T005039.429263.Cam6_64_aug_5.csv,250.7244873046875,75.9272689819336,11.93
