,name,c-x,c-y,radius
0,20130320T013222.718705_32_aug_7.csv,6.94,171.67,21.2
1,20130320T013222.718705_32_aug_7.csv,45.0,117.78,23.14
