,name,c-x,c-y,radius
0,20130320T005944.964239.Cam6_42_aug_3.csv,248.6285400390625,93.7025375366211,24.25
1,20130320T005944.964239.Cam6_42_aug_3.csv,202.23855590820312,96.48253631591797,23.14
2,20130320T005944.964239.Cam6_42_aug_3.csv,129.1885528564453,58.982540130615234,22.03
