,name,c-x,c-y,radius
0,20130320T013315.862646_41_aug_6.csv,90.5,173.06,16.2
1,20130320T013315.862646_41_aug_6.csv,118.28,165.28,15.64
2,20130320T013315.862646_41_aug_6.csv,179.94,166.11,15.37
3,20130320T013315.862646_41_aug_6.csv,177.72,125.28,14.53
4,20130320T013315.862646_41_aug_6.csv,277.72,110.28,13.7
5,20130320T013315.862646_41_aug_6.csv,288.83,118.33,13.7
