,name,c-x,c-y,radius
0,20130320T004555.804388.Cam6_33_aug_3.csv,55.91545104980469,150.0148162841797,13.73
