,name,c-x,c-y,radius
0,20130320T013350.339486_32_aug_4.csv,292.6061477661133,127.51631164550781,21.2
