,name,c-x,c-y,radius
0,20130320T005739.247414.Cam6_23_aug_4.csv,248.0,48.61,24.25
1,20130320T005739.247414.Cam6_23_aug_4.csv,201.61,50.0,24.25
2,20130320T005739.247414.Cam6_23_aug_4.csv,1.0600000000000023,72.78,19.53
