,name,c-x,c-y,radius
0,20130320T005428.005335.Cam6_21_aug_5.csv,102.9829330444336,44.353248596191406,18.42
1,20130320T005428.005335.Cam6_21_aug_5.csv,73.81293487548828,55.4632453918457,17.59
