,name,c-x,c-y,radius
0,20130320T005604.007318.Cam6_12_aug_5.csv,101.85494232177734,73.64201354980469,17.87
