,name,c-x,c-y,radius
0,20130320T004420.945168.Cam6_44_aug_7.csv,121.25,146.25,10.95
1,20130320T004420.945168.Cam6_44_aug_7.csv,103.75,143.75,10.95
2,20130320T004420.945168.Cam6_44_aug_7.csv,112.81,164.06,10.95
