,name,c-x,c-y,radius
0,20130320T004528.565680.Cam6_54_aug_1.csv,257.8354187011719,98.58147430419922,8.8
1,20130320T004528.565680.Cam6_54_aug_1.csv,266.75543212890625,84.79147338867188,8.8
2,20130320T004528.565680.Cam6_54_aug_1.csv,277.0254211425781,64.25147247314453,8.8
3,20130320T004528.565680.Cam6_54_aug_1.csv,252.69541931152344,142.6314697265625,10.69
