,name,c-x,c-y,radius
0,20130320T005834.296166.Cam6_62_aug_4.csv,180.78018188476562,88.01299285888672,30.92
