,name,c-x,c-y,radius
0,20130320T005651.246417.Cam6_23_aug_2.csv,294.8957214355469,94.24501037597656,19.53
