,name,c-x,c-y,radius
0,20130320T005645.912932.Cam6_63_aug_5.csv,113.28,179.17,16.2
1,20130320T005645.912932.Cam6_63_aug_5.csv,60.5,144.17,18.42
2,20130320T005645.912932.Cam6_63_aug_5.csv,47.44,159.44,17.03
