,name,c-x,c-y,radius
0,20130320T005916.773278.Cam6_31_aug_5.csv,226.32999999999998,85.28,21.48
1,20130320T005916.773278.Cam6_31_aug_5.csv,219.67000000000002,53.89,25.37
2,20130320T005916.773278.Cam6_31_aug_5.csv,135.22,135.83,26.75
3,20130320T005916.773278.Cam6_31_aug_5.csv,107.72,178.89,23.42
4,20130320T005916.773278.Cam6_31_aug_5.csv,64.11000000000001,193.89,23.42
5,20130320T005916.773278.Cam6_31_aug_5.csv,44.670000000000016,170.0,20.92
6,20130320T005916.773278.Cam6_31_aug_5.csv,81.88999999999999,163.06,20.92
