,name,c-x,c-y,radius
0,20130320T005039.429263.Cam6_64_aug_1.csv,34.44059371948242,74.29042053222656,11.93
1,20130320T005039.429263.Cam6_64_aug_1.csv,50.25059127807617,80.74041748046875,11.93
