,name,c-x,c-y,radius
0,20130320T005039.429263.Cam6_64_aug_2.csv,237.0194091796875,64.63897705078125,11.93
1,20130320T005039.429263.Cam6_64_aug_2.csv,221.20941162109375,71.08897399902344,11.93
