,name,c-x,c-y,radius
0,20130320T005306.479898.Cam6_64_aug_3.csv,305.42,46.77,15.16
1,20130320T005306.479898.Cam6_64_aug_3.csv,154.77,96.45,12.9
