,name,c-x,c-y,radius
0,20130320T005231.622053.Cam6_11_aug_2.csv,56.10338592529297,125.69469451904297,18.71
1,20130320T005231.622053.Cam6_11_aug_2.csv,72.23339080810547,147.6346893310547,16.45
