,name,c-x,c-y,radius
0,20130320T013320.243612_41_aug_0.csv,204.18252563476562,154.0592803955078,17.59
1,20130320T013320.243612_41_aug_0.csv,197.24252319335938,121.83928680419922,17.59
2,20130320T013320.243612_41_aug_0.csv,67.79252624511719,116.83928680419922,19.25
3,20130320T013320.243612_41_aug_0.csv,94.18252563476562,103.22928619384766,17.59
