,name,c-x,c-y,radius
0,20130320T010002.678971.Cam6_22_aug_6.csv,249.67000000000002,188.89,19.53
1,20130320T010002.678971.Cam6_22_aug_6.csv,163.83,193.89,20.09
2,20130320T010002.678971.Cam6_22_aug_6.csv,141.33,46.67,22.31
