,name,c-x,c-y,radius
0,20130320T013350.339486_32_aug_2.csv,254.46024703979492,112.0664291381836,21.2
