,name,c-x,c-y,radius
0,20130320T013324.243694_43_aug_2.csv,126.85757446289062,76.51466369628906,17.31
