,name,c-x,c-y,radius
0,20130320T005737.533128.Cam6_22_aug_5.csv,119.87279510498047,106.69386291503906,24.53
1,20130320T005737.533128.Cam6_22_aug_5.csv,154.0428009033203,124.19386291503906,23.14
