,name,c-x,c-y,radius
0,20130320T013247.671582_31_aug_0.csv,69.66999999999999,133.89,15.92
1,20130320T013247.671582_31_aug_0.csv,38.27999999999997,135.56,16.75
2,20130320T013247.671582_31_aug_0.csv,12.720000000000027,125.0,15.37
