,name,c-x,c-y,radius
0,20130320T012854.142929_43_aug_1.csv,196.9832763671875,87.04979705810547,15.09
1,20130320T012854.142929_43_aug_1.csv,113.65328216552734,94.2697982788086,17.31
2,20130320T012854.142929_43_aug_1.csv,122.54328155517578,71.20980072021484,13.7
3,20130320T012854.142929_43_aug_1.csv,82.82328033447266,69.2697982788086,14.81
4,20130320T012854.142929_43_aug_1.csv,72.82328033447266,76.48979949951172,14.81
5,20130320T012854.142929_43_aug_1.csv,39.483280181884766,145.65980529785156,17.31
