,name,c-x,c-y,radius
0,20130320T013101.574161_42_aug_0.csv,145.39077758789062,97.67584991455078,17.03
1,20130320T013101.574161_42_aug_0.csv,36.22077560424805,90.17584991455078,17.03
