,name,c-x,c-y,radius
0,20130320T012835.475922_43_aug_0.csv,36.866783142089844,140.27713012695312,13.42
1,20130320T012835.475922_43_aug_0.csv,120.75679016113281,98.05713653564453,14.81
