,name,c-x,c-y,radius
0,20130320T005805.533702.Cam6_13_aug_2.csv,265.7853088378906,54.44686508178711,19.53
1,20130320T005805.533702.Cam6_13_aug_2.csv,262.17529296875,89.72686767578125,23.7
2,20130320T005805.533702.Cam6_13_aug_2.csv,232.17529296875,56.38686752319336,26.48
3,20130320T005805.533702.Cam6_13_aug_2.csv,205.2252960205078,95.83686828613281,25.09
4,20130320T005805.533702.Cam6_13_aug_2.csv,71.0552978515625,98.05686950683594,25.09
5,20130320T005805.533702.Cam6_13_aug_2.csv,80.22530364990234,52.50686264038086,23.98
