,name,c-x,c-y,radius
0,20130320T004743.616122.Cam6_34_aug_3.csv,242.21653747558594,76.671630859375,17.96
1,20130320T004743.616122.Cam6_34_aug_3.csv,163.7565460205078,77.44163513183594,17.96
2,20130320T004743.616122.Cam6_34_aug_3.csv,180.67654418945312,74.75163269042969,17.96
3,20130320T004743.616122.Cam6_34_aug_3.csv,83.75654602050781,128.2116241455078,17.96
4,20130320T004743.616122.Cam6_34_aug_3.csv,92.9865493774414,146.28163146972656,17.96
