,name,c-x,c-y,radius
0,20130320T013227.099668_32_aug_5.csv,191.76412963867188,37.60368347167969,16.2
1,20130320T013227.099668_32_aug_5.csv,158.1541290283203,50.38368606567383,17.87
2,20130320T013227.099668_32_aug_5.csv,200.38412475585938,123.44368743896484,16.75
