,name,c-x,c-y,radius
0,20130320T004614.471395.Cam6_54_aug_4.csv,54.53999999999999,43.85,12.57
1,20130320T004614.471395.Cam6_54_aug_4.csv,294.54,120.77,12.57
2,20130320T004614.471395.Cam6_54_aug_4.csv,283.38,124.62,12.57
3,20130320T004614.471395.Cam6_54_aug_4.csv,275.31,110.38,12.57
