,name,c-x,c-y,radius
0,20130320T005752.390559.Cam6_23_aug_3.csv,31.67,70.28,21.48
1,20130320T005752.390559.Cam6_23_aug_3.csv,20.28,173.89,18.42
2,20130320T005752.390559.Cam6_23_aug_3.csv,27.78,150.0,17.31
