,name,c-x,c-y,radius
0,20130320T004558.852076.Cam6_63_aug_2.csv,132.23,158.08,14.11
1,20130320T004558.852076.Cam6_63_aug_2.csv,243.76999999999998,139.62,11.42
2,20130320T004558.852076.Cam6_63_aug_2.csv,262.62,135.0,12.19
3,20130320T004558.852076.Cam6_63_aug_2.csv,168.0,177.69,11.8
4,20130320T004558.852076.Cam6_63_aug_2.csv,184.92000000000002,118.85,12.96
5,20130320T004558.852076.Cam6_63_aug_2.csv,57.620000000000005,125.0,11.42
6,20130320T004558.852076.Cam6_63_aug_2.csv,34.920000000000016,121.92,11.42
7,20130320T004558.852076.Cam6_63_aug_2.csv,1.4599999999999795,122.31,12.57
8,20130320T004558.852076.Cam6_63_aug_2.csv,284.92,103.08,12.57
