,name,c-x,c-y,radius
0,20130320T010000.583678.Cam6_23_aug_0.csv,199.39,136.39,18.7
1,20130320T010000.583678.Cam6_23_aug_0.csv,203.0,118.89,22.31
2,20130320T010000.583678.Cam6_23_aug_0.csv,188.82999999999998,96.67,20.92
3,20130320T010000.583678.Cam6_23_aug_0.csv,229.39,69.17,18.7
4,20130320T010000.583678.Cam6_23_aug_0.csv,265.5,40.83,20.64
5,20130320T010000.583678.Cam6_23_aug_0.csv,198.0,26.94,18.7
6,20130320T010000.583678.Cam6_23_aug_0.csv,214.94,4.44,16.48
