,name,c-x,c-y,radius
0,20130320T013131.860539_22_aug_7.csv,22.78,128.33,15.37
1,20130320T013131.860539_22_aug_7.csv,51.94,135.83,15.37
2,20130320T013131.860539_22_aug_7.csv,80.56,172.78,15.37
3,20130320T013131.860539_22_aug_7.csv,95.28,168.06,15.92
4,20130320T013131.860539_22_aug_7.csv,125.56,150.56,16.75
5,20130320T013131.860539_22_aug_7.csv,157.78,143.61,14.53
6,20130320T013131.860539_22_aug_7.csv,244.72,165.56,15.37
