,name,c-x,c-y,radius
0,20130320T005231.622053.Cam6_11_aug_1.csv,230.1554183959961,117.41509246826172,18.71
1,20130320T005231.622053.Cam6_11_aug_1.csv,214.0254135131836,139.35508728027344,16.45
