,name,c-x,c-y,radius
0,20130320T005754.866735.Cam6_22_aug_6.csv,114.57025146484375,56.92738342285156,20.92
1,20130320T005754.866735.Cam6_22_aug_6.csv,70.12025451660156,27.207382202148438,20.92
2,20130320T005754.866735.Cam6_22_aug_6.csv,62.62025833129883,65.25738525390625,20.92
