,name,c-x,c-y,radius
0,20130320T005948.202429.Cam6_43_aug_1.csv,129.56675720214844,79.69595336914062,28.98
1,20130320T005948.202429.Cam6_43_aug_1.csv,74.56675720214844,106.08595275878906,29.53
2,20130320T005948.202429.Cam6_43_aug_1.csv,21.7967529296875,128.58595275878906,26.2
