,name,c-x,c-y,radius
0,20130320T005227.621969.Cam6_61_aug_1.csv,59.344390869140625,137.61831665039062,15.48
