,name,c-x,c-y,radius
0,20130320T005420.576678.Cam6_43_aug_4.csv,166.27012634277344,165.68226623535156,19.35
1,20130320T005420.576678.Cam6_43_aug_4.csv,166.5901336669922,125.6822738647461,17.42
2,20130320T005420.576678.Cam6_43_aug_4.csv,73.05012512207031,123.1022720336914,20.64
