,name,c-x,c-y,radius
0,20130320T012907.095566_43_aug_4.csv,240.5298843383789,70.60857391357422,21.2
1,20130320T012907.095566_43_aug_4.csv,282.7498836517334,81.71857452392578,21.75
