,name,c-x,c-y,radius
0,20130320T004606.280730.Cam6_51_aug_6.csv,194.85594177246094,76.9302749633789,14.88
1,20130320T004606.280730.Cam6_51_aug_6.csv,221.39594268798828,78.86027526855469,14.88
2,20130320T004606.280730.Cam6_51_aug_6.csv,174.0859375,57.320281982421875,14.11
