,name,c-x,c-y,radius
0,20130320T012901.381203_22_aug_3.csv,163.56,180.56,17.03
1,20130320T012901.381203_22_aug_3.csv,201.89,159.44,15.92
2,20130320T012901.381203_22_aug_3.csv,171.61,126.11,15.92
3,20130320T012901.381203_22_aug_3.csv,148.28,130.56,15.92
4,20130320T012901.381203_22_aug_3.csv,150.22,105.0,17.03
5,20130320T012901.381203_22_aug_3.csv,177.44,100.28,17.03
6,20130320T012901.381203_22_aug_3.csv,163.0,76.67,17.03
7,20130320T012901.381203_22_aug_3.csv,154.39,9.72,15.37
8,20130320T012901.381203_22_aug_3.csv,178.56,0.83,15.37
