,name,c-x,c-y,radius
0,20130320T005818.486343.Cam6_53_aug_5.csv,145.61138916015625,139.074462890625,28.42
1,20130320T005818.486343.Cam6_53_aug_5.csv,104.50138854980469,114.34447479248047,24.53
2,20130320T005818.486343.Cam6_53_aug_5.csv,117.28138732910156,167.4044647216797,24.53
