,name,c-x,c-y,radius
0,20130320T004858.855806.Cam6_33_aug_2.csv,238.60284423828125,74.51016235351562,22.9
1,20130320T004858.855806.Cam6_33_aug_2.csv,233.4428482055664,114.83016204833984,17.74
