,name,c-x,c-y,radius
0,20130320T005948.202429.Cam6_43_aug_0.csv,133.0379638671875,110.51060485839844,28.98
1,20130320T005948.202429.Cam6_43_aug_0.csv,78.03795623779297,136.90060424804688,29.53
2,20130320T005948.202429.Cam6_43_aug_0.csv,25.267959594726562,159.40060424804688,26.2
