,name,c-x,c-y,radius
0,20130320T004903.808285.Cam6_43_aug_2.csv,3.23,50.97,19.03
1,20130320T004903.808285.Cam6_43_aug_2.csv,60.65,124.52,22.9
2,20130320T004903.808285.Cam6_43_aug_2.csv,92.9,95.81,24.84
3,20130320T004903.808285.Cam6_43_aug_2.csv,131.29,96.45,22.9
4,20130320T004903.808285.Cam6_43_aug_2.csv,166.77,78.39,24.19
5,20130320T004903.808285.Cam6_43_aug_2.csv,146.13,55.48,22.58
