,name,c-x,c-y,radius
0,20130320T005457.148800.Cam6_14_aug_0.csv,218.530517578125,96.31558227539062,27.03
1,20130320T005457.148800.Cam6_14_aug_0.csv,268.2505187988281,84.36558532714844,27.03
