,name,c-x,c-y,radius
0,20130320T005453.529724.Cam6_64_aug_5.csv,253.49134826660156,62.42999267578125,21.75
