,name,c-x,c-y,radius
0,20130320T005825.153103.Cam6_13_aug_3.csv,255.6174774169922,21.52477264404297,25.64
1,20130320T005825.153103.Cam6_13_aug_3.csv,252.55747985839844,130.68478393554688,25.64
2,20130320T005825.153103.Cam6_13_aug_3.csv,230.6174774169922,114.02477264404297,23.14
3,20130320T005825.153103.Cam6_13_aug_3.csv,144.22747802734375,105.96477508544922,18.42
4,20130320T005825.153103.Cam6_13_aug_3.csv,125.61747741699219,140.96478271484375,26.48
