,name,c-x,c-y,radius
0,20130320T004358.849450.Cam6_43_aug_1.csv,68.43473052978516,56.761260986328125,26.89
