,name,c-x,c-y,radius
0,20130320T005230.098145.Cam6_12_aug_2.csv,240.25720977783203,136.23471069335938,15.8
1,20130320T005230.098145.Cam6_12_aug_2.csv,208.64720916748047,129.7847137451172,15.8
2,20130320T005230.098145.Cam6_12_aug_2.csv,197.9972152709961,100.75469970703125,15.8
3,20130320T005230.098145.Cam6_12_aug_2.csv,226.06720733642578,109.4646987915039,16.45
4,20130320T005230.098145.Cam6_12_aug_2.csv,261.2272148132324,113.65470123291016,15.8
