,name,c-x,c-y,radius
0,20130320T004805.521319.Cam6_34_aug_3.csv,225.74,128.06,17.74
1,20130320T004805.521319.Cam6_34_aug_3.csv,240.26,158.39,14.84
2,20130320T004805.521319.Cam6_34_aug_3.csv,189.94,165.81,14.84
3,20130320T004805.521319.Cam6_34_aug_3.csv,146.39,164.52,15.8
4,20130320T004805.521319.Cam6_34_aug_3.csv,121.22999999999999,141.94,18.06
5,20130320T004805.521319.Cam6_34_aug_3.csv,104.13,169.03,15.48
6,20130320T004805.521319.Cam6_34_aug_3.csv,88.65,196.13,15.16
7,20130320T004805.521319.Cam6_34_aug_3.csv,298.32,99.03,13.55
