,name,c-x,c-y,radius
0,20130320T005409.338327.Cam6_42_aug_3.csv,75.12847900390625,144.7139892578125,21.61
