,name,c-x,c-y,radius
0,20130320T005548.959378.Cam6_62_aug_4.csv,161.7714080810547,117.45136260986328,16.48
