,name,c-x,c-y,radius
0,20130320T004713.329736.Cam6_62_aug_3.csv,271.85,8.46,17.57
1,20130320T004713.329736.Cam6_62_aug_3.csv,236.45999999999998,17.69,18.34
2,20130320T004713.329736.Cam6_62_aug_3.csv,185.31,15.38,16.8
3,20130320T004713.329736.Cam6_62_aug_3.csv,179.92,44.62,16.8
4,20130320T004713.329736.Cam6_62_aug_3.csv,216.45999999999998,98.85,17.96
5,20130320T004713.329736.Cam6_62_aug_3.csv,298.0,31.15,18.73
6,20130320T004713.329736.Cam6_62_aug_3.csv,173.0,103.46,19.11
7,20130320T004713.329736.Cam6_62_aug_3.csv,137.62,95.77,17.19
