,name,c-x,c-y,radius
0,20130320T005948.773940.Cam6_51_aug_5.csv,281.06,90.0,22.59
1,20130320T005948.773940.Cam6_51_aug_5.csv,259.39,51.94,22.59
2,20130320T005948.773940.Cam6_51_aug_5.csv,234.39,19.17,20.64
3,20130320T005948.773940.Cam6_51_aug_5.csv,154.39,166.11,20.64
4,20130320T005948.773940.Cam6_51_aug_5.csv,115.5,176.67,20.64
5,20130320T005948.773940.Cam6_51_aug_5.csv,121.06,128.06,26.2
6,20130320T005948.773940.Cam6_51_aug_5.csv,101.06,73.61,26.2
7,20130320T005948.773940.Cam6_51_aug_5.csv,65.5,55.0,23.14
8,20130320T005948.773940.Cam6_51_aug_5.csv,1.0600000000000023,124.17,22.31
