,name,c-x,c-y,radius
0,20130320T004616.757192.Cam6_41_aug_5.csv,116.11402893066406,162.99195861816406,13.73
1,20130320T004616.757192.Cam6_41_aug_5.csv,128.4240264892578,138.76194763183594,13.73
