,name,c-x,c-y,radius
0,20130320T013227.099668_32_aug_6.csv,144.477294921875,64.70030975341797,16.2
1,20130320T013227.099668_32_aug_6.csv,110.86729431152344,77.48030853271484,17.87
2,20130320T013227.099668_32_aug_6.csv,153.0972900390625,150.54031372070312,16.75
