,name,c-x,c-y,radius
0,20130320T005643.055747.Cam6_31_aug_0.csv,164.3181915283203,45.795345306396484,22.31
1,20130320T005643.055747.Cam6_31_aug_0.csv,133.1981964111328,153.29534912109375,19.53
