,name,c-x,c-y,radius
0,20130320T004615.614293.Cam6_51_aug_0.csv,110.51736450195312,33.23305892944336,12.19
1,20130320T004615.614293.Cam6_51_aug_0.csv,110.51736450195312,41.31305694580078,11.42
2,20130320T004615.614293.Cam6_51_aug_0.csv,130.51736450195312,40.923057556152344,11.42
3,20130320T004615.614293.Cam6_51_aug_0.csv,129.7473602294922,30.153057098388672,12.19
