,name,c-x,c-y,radius
0,20130320T005641.341463.Cam6_63_aug_2.csv,204.39,41.67,17.59
1,20130320T005641.341463.Cam6_63_aug_2.csv,200.5,13.06,16.2
2,20130320T005641.341463.Cam6_63_aug_2.csv,121.88999999999999,58.89,15.64
3,20130320T005641.341463.Cam6_63_aug_2.csv,87.16999999999999,53.61,17.03
4,20130320T005641.341463.Cam6_63_aug_2.csv,48.56,57.78,16.48
