,name,c-x,c-y,radius
0,20130320T005615.817189.Cam6_32_aug_7.csv,69.44,63.33,21.2
1,20130320T005615.817189.Cam6_32_aug_7.csv,154.72,49.72,23.42
2,20130320T005615.817189.Cam6_32_aug_7.csv,191.67,66.94,20.37
