,name,c-x,c-y,radius
0,20130320T013521.007945_21_aug_7.csv,224.72,78.33,18.42
1,20130320T013521.007945_21_aug_7.csv,4.17,133.61,16.2
