,name,c-x,c-y,radius
0,20130320T012847.857177_32_aug_5.csv,165.82009887695312,144.34323120117188,17.31
