,name,c-x,c-y,radius
0,20130320T005017.714559.Cam6_41_aug_6.csv,250.81048583984375,130.51441955566406,20.96
1,20130320T005017.714559.Cam6_41_aug_6.csv,152.75047302246094,38.574424743652344,15.48
