,name,c-x,c-y,radius
0,20130320T012907.095566_43_aug_3.csv,218.5859832763672,85.06292724609375,21.2
1,20130320T012907.095566_43_aug_3.csv,260.8059844970703,96.17292785644531,21.75
