,name,c-x,c-y,radius
0,20130320T005821.914913.Cam6_62_aug_1.csv,165.73153686523438,66.50025939941406,22.87
1,20130320T005821.914913.Cam6_62_aug_1.csv,204.34153747558594,52.61025619506836,28.98
2,20130320T005821.914913.Cam6_62_aug_1.csv,165.46153259277344,27.340253829956055,18.14
