,name,c-x,c-y,radius
0,20130320T013353.387174_33_aug_6.csv,193.82999999999998,51.94,23.7
1,20130320T013353.387174_33_aug_6.csv,189.67000000000002,31.67,23.7
2,20130320T013353.387174_33_aug_6.csv,155.22,70.56,21.48
3,20130320T013353.387174_33_aug_6.csv,119.66999999999999,46.39,21.48
