,name,c-x,c-y,radius
0,20130320T005913.535087.Cam6_62_aug_2.csv,262.067626953125,107.51229095458984,18.98
1,20130320T005913.535087.Cam6_62_aug_2.csv,233.45762634277344,108.35228729248047,19.81
2,20130320T005913.535087.Cam6_62_aug_2.csv,227.8976287841797,61.122291564941406,20.37
3,20130320T005913.535087.Cam6_62_aug_2.csv,139.28762817382812,88.0722885131836,21.75
