,name,c-x,c-y,radius
0,20130320T004405.706847.Cam6_53_aug_0.csv,90.37515258789062,117.80939483642578,16.58
1,20130320T004405.706847.Cam6_53_aug_0.csv,105.69515228271484,129.6793975830078,13.14
2,20130320T004405.706847.Cam6_53_aug_0.csv,113.50515747070312,97.17939758300781,13.14
3,20130320T004405.706847.Cam6_53_aug_0.csv,137.87515258789062,126.24939727783203,13.14
4,20130320T004405.706847.Cam6_53_aug_0.csv,126.94515991210938,133.4293975830078,13.14
5,20130320T004405.706847.Cam6_53_aug_0.csv,136.94515991210938,139.0594024658203,11.26
