,name,c-x,c-y,radius
0,20130320T004547.804094.Cam6_12_aug_2.csv,191.22396087646484,54.724998474121094,26.42
1,20130320T004547.804094.Cam6_12_aug_2.csv,228.91397094726562,68.56499481201172,24.11
2,20130320T004547.804094.Cam6_12_aug_2.csv,220.06396484375,104.33499908447266,21.8
3,20130320T004547.804094.Cam6_12_aug_2.csv,188.53397369384766,80.4949951171875,21.03
4,20130320T004547.804094.Cam6_12_aug_2.csv,165.83395385742188,137.41500854492188,21.03
