,name,c-x,c-y,radius
0,20130320T013431.102178_34_aug_6.csv,249.1291961669922,69.56427764892578,21.75
1,20130320T013431.102178_34_aug_6.csv,259.9591979980469,93.17427825927734,23.14
2,20130320T013431.102178_34_aug_6.csv,204.1291961669922,56.784271240234375,22.59
