,name,c-x,c-y,radius
0,20130320T005818.486343.Cam6_53_aug_3.csv,143.15188598632812,143.35775756835938,28.42
1,20130320T005818.486343.Cam6_53_aug_3.csv,102.04188537597656,118.62776184082031,24.53
2,20130320T005818.486343.Cam6_53_aug_3.csv,114.82188415527344,171.68775939941406,24.53
