,name,c-x,c-y,radius
0,20130320T004526.089376.Cam6_33_aug_0.csv,140.3477783203125,69.96429443359375,17.2
