,name,c-x,c-y,radius
0,20130320T013021.192340_43_aug_2.csv,175.3126983642578,39.4741325378418,17.03
1,20130320T013021.192340_43_aug_2.csv,86.70270538330078,41.694129943847656,17.03
2,20130320T013021.192340_43_aug_2.csv,83.36270904541016,92.81412506103516,15.92
