,name,c-x,c-y,radius
0,20130320T005119.430084.Cam6_11_aug_4.csv,175.26425170898438,123.88661193847656,12.58
