,name,c-x,c-y,radius
0,20130320T004423.611969.Cam6_33_aug_3.csv,47.69,115.62,29.08
1,20130320T004423.611969.Cam6_33_aug_3.csv,14.879999999999995,152.19,25.64
