,name,c-x,c-y,radius
0,20130320T004611.042700.Cam6_31_aug_1.csv,161.74380493164062,131.77108764648438,14.5
1,20130320T004611.042700.Cam6_31_aug_1.csv,135.58380126953125,122.15109252929688,14.5
2,20130320T004611.042700.Cam6_31_aug_1.csv,121.74380493164062,138.3110809326172,14.5
