,name,c-x,c-y,radius
0,20130320T004438.278894.Cam6_42_aug_0.csv,190.8731689453125,55.393436431884766,10.64
1,20130320T004438.278894.Cam6_42_aug_0.csv,211.80316162109375,57.263431549072266,10.64
2,20130320T004438.278894.Cam6_42_aug_0.csv,232.43316650390625,99.14344024658203,10.64
3,20130320T004438.278894.Cam6_42_aug_0.csv,190.2431640625,95.07344055175781,10.01
