,name,c-x,c-y,radius
0,20130320T013146.336961_31_aug_1.csv,27.22,188.89,13.98
1,20130320T013146.336961_31_aug_1.csv,54.72,182.5,16.48
2,20130320T013146.336961_31_aug_1.csv,67.22,172.78,17.31
3,20130320T013146.336961_31_aug_1.csv,89.72,138.89,17.03
4,20130320T013146.336961_31_aug_1.csv,131.94,123.89,15.09
5,20130320T013146.336961_31_aug_1.csv,211.11,170.83,18.14
6,20130320T013146.336961_31_aug_1.csv,162.22,11.67,15.64
7,20130320T013146.336961_31_aug_1.csv,288.06,175.0,15.64
8,20130320T013146.336961_31_aug_1.csv,58.61,148.61,18.14
