,name,c-x,c-y,radius
0,20130320T005746.866695.Cam6_22_aug_4.csv,243.7931365966797,40.1722412109375,18.98
1,20130320T005746.866695.Cam6_22_aug_4.csv,162.12313842773438,72.12223815917969,17.87
2,20130320T005746.866695.Cam6_22_aug_4.csv,134.07313537597656,101.01223754882812,20.37
