,name,c-x,c-y,radius
0,20130320T004851.998412.Cam6_23_aug_6.csv,274.13,11.29,24.19
1,20130320T004851.998412.Cam6_23_aug_6.csv,158.65,191.29,26.13
2,20130320T004851.998412.Cam6_23_aug_6.csv,160.9,120.32,27.09
3,20130320T004851.998412.Cam6_23_aug_6.csv,105.41999999999999,106.45,28.06
4,20130320T004851.998412.Cam6_23_aug_6.csv,152.52,74.19,29.35
5,20130320T004851.998412.Cam6_23_aug_6.csv,110.58000000000001,55.81,28.38
6,20130320T004851.998412.Cam6_23_aug_6.csv,185.1,69.35,25.8
7,20130320T004851.998412.Cam6_23_aug_6.csv,222.84,75.81,26.45
8,20130320T004851.998412.Cam6_23_aug_6.csv,193.48000000000002,36.77,25.16
