,name,c-x,c-y,radius
0,20130320T005454.863128.Cam6_22_aug_4.csv,146.2074737548828,146.57940673828125,21.75
1,20130320T005454.863128.Cam6_22_aug_4.csv,137.31747436523438,92.1294174194336,19.53
2,20130320T005454.863128.Cam6_22_aug_4.csv,102.31746673583984,87.68941497802734,20.64
