,name,c-x,c-y,radius
0,20130320T005824.200708.Cam6_52_aug_5.csv,270.7946472167969,93.58533477783203,17.87
1,20130320T005824.200708.Cam6_52_aug_5.csv,261.6346435546875,96.63533782958984,17.87
2,20130320T005824.200708.Cam6_52_aug_5.csv,227.1846466064453,83.85533905029297,24.81
3,20130320T005824.200708.Cam6_52_aug_5.csv,200.52464294433594,107.47533416748047,23.7
4,20130320T005824.200708.Cam6_52_aug_5.csv,169.6846466064453,115.52533721923828,20.37
5,20130320T005824.200708.Cam6_52_aug_5.csv,83.02464294433594,100.52533721923828,22.03
