,name,c-x,c-y,radius
0,20130320T004404.373443.Cam6_32_aug_6.csv,104.44139099121094,84.94009399414062,24.39
