,name,c-x,c-y,radius
0,20130320T005228.764869.Cam6_73_aug_2.csv,99.18135070800781,38.525390625,14.19
