,name,c-x,c-y,radius
0,20130320T012947.667888_32_aug_2.csv,233.45713806152344,75.06248474121094,21.75
1,20130320T012947.667888_32_aug_2.csv,167.067138671875,108.94248962402344,21.75
2,20130320T012947.667888_32_aug_2.csv,145.67713928222656,77.28248596191406,21.75
