,name,c-x,c-y,radius
0,20130320T004754.854350.Cam6_41_aug_3.csv,234.92000000000002,122.69,17.19
1,20130320T004754.854350.Cam6_41_aug_3.csv,257.62,195.38,14.11
2,20130320T004754.854350.Cam6_41_aug_3.csv,243.0,197.31,14.11
3,20130320T004754.854350.Cam6_41_aug_3.csv,195.69,0.38,14.11
4,20130320T004754.854350.Cam6_41_aug_3.csv,176.85,0.38,13.34
