,name,c-x,c-y,radius
0,20130320T005818.486343.Cam6_53_aug_0.csv,130.80886840820312,118.24105834960938,28.42
1,20130320T005818.486343.Cam6_53_aug_0.csv,89.69886779785156,93.51106262207031,24.53
2,20130320T005818.486343.Cam6_53_aug_0.csv,102.47886657714844,146.57106018066406,24.53
