,name,c-x,c-y,radius
0,20130320T013312.433956_22_aug_0.csv,191.04877471923828,132.4401397705078,15.37
1,20130320T013312.433956_22_aug_0.csv,164.09877014160156,120.7801284790039,15.92
2,20130320T013312.433956_22_aug_0.csv,188.54877471923828,109.1101303100586,15.92
3,20130320T013312.433956_22_aug_0.csv,207.98877716064453,83.83013153076172,16.48
4,20130320T013312.433956_22_aug_0.csv,178.82876586914062,75.7801284790039,16.48
5,20130320T013312.433956_22_aug_0.csv,147.98876953125,65.22013092041016,16.48
6,20130320T013312.433956_22_aug_0.csv,225.7687759399414,44.670127868652344,15.92
