,name,c-x,c-y,radius
0,20130320T012854.142929_43_aug_6.csv,84.82566833496094,100.9277114868164,15.09
1,20130320T012854.142929_43_aug_6.csv,168.15567016601562,108.14771270751953,17.31
2,20130320T012854.142929_43_aug_6.csv,159.2656707763672,85.08771514892578,13.7
3,20130320T012854.142929_43_aug_6.csv,198.98566436767578,83.14771270751953,14.81
4,20130320T012854.142929_43_aug_6.csv,208.98566436767578,90.36771392822266,14.81
5,20130320T012854.142929_43_aug_6.csv,242.3256607055664,159.5377197265625,17.31
