,name,c-x,c-y,radius
0,20130320T004759.616448.Cam6_23_aug_6.csv,130.31,104.23,19.11
1,20130320T004759.616448.Cam6_23_aug_6.csv,160.31,106.54,19.11
2,20130320T004759.616448.Cam6_23_aug_6.csv,118.0,134.23,19.11
3,20130320T004759.616448.Cam6_23_aug_6.csv,166.46,184.62,19.11
4,20130320T004759.616448.Cam6_23_aug_6.csv,129.54,190.0,19.11
