,name,c-x,c-y,radius
0,20130320T004858.855806.Cam6_33_aug_0.csv,117.36547088623047,59.83163070678711,22.9
1,20130320T004858.855806.Cam6_33_aug_0.csv,122.52546691894531,100.1516342163086,17.74
