,name,c-x,c-y,radius
0,20130320T004447.421954.Cam6_12_aug_5.csv,134.25,42.19,23.76
1,20130320T004447.421954.Cam6_12_aug_5.csv,92.38,62.19,20.95
2,20130320T004447.421954.Cam6_12_aug_5.csv,155.5,188.44,22.2
3,20130320T004447.421954.Cam6_12_aug_5.csv,95.5,184.69,19.39
4,20130320T004447.421954.Cam6_12_aug_5.csv,62.69,197.19,19.39
5,20130320T004447.421954.Cam6_12_aug_5.csv,283.63,108.44,19.39
