,name,c-x,c-y,radius
0,20130320T005938.678488.Cam6_11_aug_7.csv,153.06,172.5,22.59
1,20130320T005938.678488.Cam6_11_aug_7.csv,126.94,201.11,19.25
2,20130320T005938.678488.Cam6_11_aug_7.csv,103.89,158.89,19.25
3,20130320T005938.678488.Cam6_11_aug_7.csv,60.83,155.28,19.25
4,20130320T005938.678488.Cam6_11_aug_7.csv,95.56,120.0,19.81
5,20130320T005938.678488.Cam6_11_aug_7.csv,135.28,77.78,17.59
6,20130320T005938.678488.Cam6_11_aug_7.csv,147.5,58.89,18.98
7,20130320T005938.678488.Cam6_11_aug_7.csv,52.78,39.72,23.98
8,20130320T005938.678488.Cam6_11_aug_7.csv,155.0,12.22,23.14
