,name,c-x,c-y,radius
0,20130320T005131.239822.Cam6_11_aug_2.csv,219.72640228271484,110.36908721923828,23.22
1,20130320T005131.239822.Cam6_11_aug_2.csv,271.0164031982422,77.78909301757812,21.93
2,20130320T005131.239822.Cam6_11_aug_2.csv,292.63640117645264,100.36908721923828,22.9
3,20130320T005131.239822.Cam6_11_aug_2.csv,253.59640502929688,64.88909149169922,21.61
