,name,c-x,c-y,radius
0,20130320T012945.382090_14_aug_6.csv,87.69278717041016,161.47882080078125,19.25
1,20130320T012945.382090_14_aug_6.csv,118.80278778076172,126.47881317138672,19.25
2,20130320T012945.382090_14_aug_6.csv,90.47278594970703,122.59880828857422,19.25
3,20130320T012945.382090_14_aug_6.csv,83.52278900146484,113.4288101196289,19.25
4,20130320T012945.382090_14_aug_6.csv,101.02278900146484,86.47881317138672,21.48
5,20130320T012945.382090_14_aug_6.csv,123.80278778076172,52.318809509277344,19.81
6,20130320T012945.382090_14_aug_6.csv,135.7427978515625,24.258813858032227,20.92
