,name,c-x,c-y,radius
0,20130320T005032.000483.Cam6_24_aug_7.csv,110.65,141.94,16.77
1,20130320T005032.000483.Cam6_24_aug_7.csv,156.45,195.81,16.77
