,name,c-x,c-y,radius
0,20130320T012822.713796_41_aug_7.csv,249.17,152.5,26.2
1,20130320T012822.713796_41_aug_7.csv,287.5,121.39,23.42
2,20130320T012822.713796_41_aug_7.csv,267.78,178.06,21.75
3,20130320T012822.713796_41_aug_7.csv,200.56,177.5,21.75
4,20130320T012822.713796_41_aug_7.csv,161.39,143.06,23.14
5,20130320T012822.713796_41_aug_7.csv,198.06,133.33,22.31
6,20130320T012822.713796_41_aug_7.csv,171.67,11.94,20.64
7,20130320T012822.713796_41_aug_7.csv,205.56,2.5,19.53
