,name,c-x,c-y,radius
0,20130320T013444.816839_43_aug_5.csv,106.30012512207031,110.41629028320312,23.42
1,20130320T013444.816839_43_aug_5.csv,169.35012817382812,49.58628845214844,21.48
2,20130320T013444.816839_43_aug_5.csv,130.19012451171875,53.1962890625,21.48
3,20130320T013444.816839_43_aug_5.csv,39.080108642578125,42.636287689208984,17.59
