,name,c-x,c-y,radius
0,20130320T005746.866695.Cam6_22_aug_3.csv,37.313926696777344,56.03847122192383,18.98
1,20130320T005746.866695.Cam6_22_aug_3.csv,118.98392486572266,87.98847198486328,17.87
2,20130320T005746.866695.Cam6_22_aug_3.csv,147.033935546875,116.87847137451172,20.37
