,name,c-x,c-y,radius
0,20130320T004352.373192.Cam6_51_aug_3.csv,110.92349243164062,55.46841812133789,20.33
1,20130320T004352.373192.Cam6_51_aug_3.csv,137.4934844970703,53.58842086791992,20.33
2,20130320T004352.373192.Cam6_51_aug_3.csv,177.80349731445312,112.96841430664062,18.14
3,20130320T004352.373192.Cam6_51_aug_3.csv,211.55349731445312,150.77841186523438,14.7
