,name,c-x,c-y,radius
0,20130320T005319.051533.Cam6_22_aug_7.csv,161.29,110.0,22.26
1,20130320T005319.051533.Cam6_22_aug_7.csv,201.29,91.29,20.32
2,20130320T005319.051533.Cam6_22_aug_7.csv,202.26,103.23,20.32
3,20130320T005319.051533.Cam6_22_aug_7.csv,166.77,64.52,20.64
4,20130320T005319.051533.Cam6_22_aug_7.csv,193.23,34.84,20.64
5,20130320T005319.051533.Cam6_22_aug_7.csv,150.65,26.77,20.64
6,20130320T005319.051533.Cam6_22_aug_7.csv,190.97,0.0,20.64
