,name,c-x,c-y,radius
0,20130320T005411.624125.Cam6_51_aug_5.csv,80.9,62.26,20.64
1,20130320T005411.624125.Cam6_51_aug_5.csv,94.13,198.06,16.77
