,name,c-x,c-y,radius
0,20130320T004410.659327.Cam6_21_aug_4.csv,41.5443115234375,167.21315002441406,20.01
