,name,c-x,c-y,radius
0,20130320T004927.999164.Cam6_13_aug_3.csv,165.42,170.0,20.64
1,20130320T004927.999164.Cam6_13_aug_3.csv,200.57999999999998,190.97,20.0
