,name,c-x,c-y,radius
0,20130320T010001.916956.Cam6_44_aug_0.csv,120.94313049316406,96.8984146118164,18.42
1,20130320T010001.916956.Cam6_44_aug_0.csv,145.10313415527344,119.67841339111328,22.87
2,20130320T010001.916956.Cam6_44_aug_0.csv,180.94313049316406,102.17841339111328,21.75
3,20130320T010001.916956.Cam6_44_aug_0.csv,218.99313354492188,89.3984146118164,19.53
