,name,c-x,c-y,radius
0,20130320T004938.856512.Cam6_22_aug_4.csv,276.39,201.29,20.0
1,20130320T004938.856512.Cam6_22_aug_4.csv,187.68,153.23,24.19
2,20130320T004938.856512.Cam6_22_aug_4.csv,205.74,142.26,21.29
3,20130320T004938.856512.Cam6_22_aug_4.csv,158.32,130.0,23.22
4,20130320T004938.856512.Cam6_22_aug_4.csv,126.06,142.26,21.29
5,20130320T004938.856512.Cam6_22_aug_4.csv,151.55,178.06,21.29
6,20130320T004938.856512.Cam6_22_aug_4.csv,33.48000000000002,176.77,21.29
7,20130320T004938.856512.Cam6_22_aug_4.csv,78.97,173.87,20.32
