,name,c-x,c-y,radius
0,20130320T013223.861478_33_aug_5.csv,180.2792205810547,161.1044158935547,17.03
1,20130320T013223.861478_33_aug_5.csv,137.4992218017578,126.93441772460938,19.25
