,name,c-x,c-y,radius
0,20130320T005055.048585.Cam6_63_aug_2.csv,240.28335571289062,138.25958251953125,13.55
1,20130320T005055.048585.Cam6_63_aug_2.csv,258.6733589172363,102.4595947265625,15.8
2,20130320T005055.048585.Cam6_63_aug_2.csv,189.9633560180664,106.32958984375,14.51
3,20130320T005055.048585.Cam6_63_aug_2.csv,168.0233612060547,109.54959106445312,14.84
