,name,c-x,c-y,radius
0,20130320T005136.573304.Cam6_24_aug_0.csv,204.32048797607422,67.01995849609375,21.93
1,20130320T005136.573304.Cam6_24_aug_0.csv,236.57048797607422,93.46996307373047,20.64
2,20130320T005136.573304.Cam6_24_aug_0.csv,195.61048889160156,109.59996032714844,21.61
3,20130320T005136.573304.Cam6_24_aug_0.csv,44.960479736328125,84.11995697021484,19.03
