,name,c-x,c-y,radius
0,20130320T013145.384567_33_aug_5.csv,228.28,181.67,16.2
1,20130320T013145.384567_33_aug_5.csv,273.0,152.22,17.03
2,20130320T013145.384567_33_aug_5.csv,221.89,127.78,16.48
3,20130320T013145.384567_33_aug_5.csv,84.38999999999999,172.5,13.7
4,20130320T013145.384567_33_aug_5.csv,71.33000000000001,165.83,19.81
5,20130320T013145.384567_33_aug_5.csv,57.72,192.22,18.7
6,20130320T013145.384567_33_aug_5.csv,45.22000000000003,87.22,22.31
7,20130320T013145.384567_33_aug_5.csv,69.94,87.5,19.81
8,20130320T013145.384567_33_aug_5.csv,75.78,26.11,18.14
