,name,c-x,c-y,radius
0,20130320T005230.098145.Cam6_12_aug_6.csv,199.71253204345703,152.34815979003906,15.8
1,20130320T005230.098145.Cam6_12_aug_6.csv,168.1025390625,145.89816284179688,15.8
2,20130320T005230.098145.Cam6_12_aug_6.csv,157.45254516601562,116.86814880371094,15.8
3,20130320T005230.098145.Cam6_12_aug_6.csv,185.52252960205078,125.5781478881836,16.45
4,20130320T005230.098145.Cam6_12_aug_6.csv,220.68253326416016,129.76815795898438,15.8
