,name,c-x,c-y,radius
0,20130320T005241.907895.Cam6_64_aug_5.csv,74.25772857666016,93.45469665527344,15.48
1,20130320T005241.907895.Cam6_64_aug_5.csv,238.76773071289062,75.70469665527344,16.77
