,name,c-x,c-y,radius
0,20130320T005101.715349.Cam6_24_aug_4.csv,265.1,192.9,20.32
1,20130320T005101.715349.Cam6_24_aug_4.csv,268.65,137.74,19.67
2,20130320T005101.715349.Cam6_24_aug_4.csv,303.16,124.52,19.03
3,20130320T005101.715349.Cam6_24_aug_4.csv,269.61,99.35,21.93
4,20130320T005101.715349.Cam6_24_aug_4.csv,253.16,60.32,20.64
5,20130320T005101.715349.Cam6_24_aug_4.csv,226.70999999999998,46.77,20.64
