,name,c-x,c-y,radius
0,20130320T005641.531967.Cam6_13_aug_1.csv,114.42510986328125,144.40682983398438,20.92
