,name,c-x,c-y,radius
0,20130320T005619.626768.Cam6_12_aug_1.csv,126.35331726074219,108.82654571533203,26.2
