,name,c-x,c-y,radius
0,20130320T004743.616122.Cam6_34_aug_6.csv,261.2837829589844,70.44710540771484,17.96
1,20130320T004743.616122.Cam6_34_aug_6.csv,182.82379150390625,71.21710968017578,17.96
2,20130320T004743.616122.Cam6_34_aug_6.csv,199.74378967285156,68.52710723876953,17.96
3,20130320T004743.616122.Cam6_34_aug_6.csv,102.82379150390625,121.98710632324219,17.96
4,20130320T004743.616122.Cam6_34_aug_6.csv,112.05379486083984,140.05711364746094,17.96
