,name,c-x,c-y,radius
0,20130320T004432.755029.Cam6_44_aug_1.csv,71.60939025878906,162.381591796875,8.45
1,20130320T004432.755029.Cam6_44_aug_1.csv,174.10939025878906,180.20159912109375,7.51
2,20130320T004432.755029.Cam6_44_aug_1.csv,164.10939025878906,187.70159912109375,8.45
3,20130320T004432.755029.Cam6_44_aug_1.csv,97.54939270019531,65.5115966796875,10.01
