,name,c-x,c-y,radius
0,20130320T005950.107217.Cam6_44_aug_0.csv,85.83,133.61,22.59
1,20130320T005950.107217.Cam6_44_aug_0.csv,106.11,135.56,21.75
2,20130320T005950.107217.Cam6_44_aug_0.csv,141.39,136.67,20.92
3,20130320T005950.107217.Cam6_44_aug_0.csv,182.5,72.78,31.2
4,20130320T005950.107217.Cam6_44_aug_0.csv,236.67,71.39,25.37
5,20130320T005950.107217.Cam6_44_aug_0.csv,262.22,46.67,22.87
6,20130320T005950.107217.Cam6_44_aug_0.csv,210.56,35.0,21.48
7,20130320T005950.107217.Cam6_44_aug_0.csv,189.17,5.0,21.48
8,20130320T005950.107217.Cam6_44_aug_0.csv,289.17,187.5,18.98
