,name,c-x,c-y,radius
0,20130320T004547.804094.Cam6_12_aug_4.csv,191.77025604248047,68.49565887451172,26.42
1,20130320T004547.804094.Cam6_12_aug_4.csv,229.46026611328125,82.33565521240234,24.11
2,20130320T004547.804094.Cam6_12_aug_4.csv,220.61026000976562,118.10565948486328,21.8
3,20130320T004547.804094.Cam6_12_aug_4.csv,189.08026885986328,94.26565551757812,21.03
4,20130320T004547.804094.Cam6_12_aug_4.csv,166.38026428222656,151.18565368652344,21.03
