,name,c-x,c-y,radius
0,20130320T012945.382090_14_aug_1.csv,241.72860717773438,151.57102966308594,19.25
1,20130320T012945.382090_14_aug_1.csv,210.6186065673828,116.57102966308594,19.25
2,20130320T012945.382090_14_aug_1.csv,238.9486083984375,112.69102478027344,19.25
3,20130320T012945.382090_14_aug_1.csv,245.89860916137695,103.52102661132812,19.25
4,20130320T012945.382090_14_aug_1.csv,228.3986053466797,76.57102966308594,21.48
5,20130320T012945.382090_14_aug_1.csv,205.6186065673828,42.41102981567383,19.81
6,20130320T012945.382090_14_aug_1.csv,193.67860412597656,14.351030349731445,20.92
