,name,c-x,c-y,radius
0,20130320T005812.771975.Cam6_41_aug_2.csv,203.9797821044922,121.79454803466797,21.2
1,20130320T005812.771975.Cam6_41_aug_2.csv,170.08978271484375,116.23455047607422,21.2
