,name,c-x,c-y,radius
0,20130320T013336.243945_43_aug_6.csv,156.19754028320312,115.13111877441406,25.64
1,20130320T013336.243945_43_aug_6.csv,106.19754791259766,136.79112243652344,29.53
