,name,c-x,c-y,radius
0,20130320T012927.857864_33_aug_0.csv,227.42413330078125,152.1399688720703,15.09
1,20130320T012927.857864_33_aug_0.csv,257.984130859375,103.79996490478516,15.09
2,20130320T012927.857864_33_aug_0.csv,210.484130859375,85.46996307373047,17.03
3,20130320T012927.857864_33_aug_0.csv,177.984130859375,99.3599624633789,18.14
4,20130320T012927.857864_33_aug_0.csv,102.15412139892578,61.57996368408203,16.48
5,20130320T012927.857864_33_aug_0.csv,49.92412185668945,71.29996490478516,14.25
6,20130320T012927.857864_33_aug_0.csv,47.98412322998047,54.359962463378906,15.37
