,name,c-x,c-y,radius
0,20130320T005019.809853.Cam6_41_aug_1.csv,78.06,120.32,20.32
1,20130320T005019.809853.Cam6_41_aug_1.csv,11.61,45.81,18.38
2,20130320T005019.809853.Cam6_41_aug_1.csv,52.58,184.19,18.38
3,20130320T005019.809853.Cam6_41_aug_1.csv,120.65,111.29,18.38
4,20130320T005019.809853.Cam6_41_aug_1.csv,147.74,151.61,19.67
5,20130320T005019.809853.Cam6_41_aug_1.csv,156.13,167.74,19.67
6,20130320T005019.809853.Cam6_41_aug_1.csv,182.9,164.19,24.19
7,20130320T005019.809853.Cam6_41_aug_1.csv,209.68,159.68,24.19
