,name,c-x,c-y,radius
0,20130320T005454.863128.Cam6_22_aug_1.csv,138.57077026367188,156.4906768798828,21.75
1,20130320T005454.863128.Cam6_22_aug_1.csv,147.4607696533203,102.0406723022461,19.53
2,20130320T005454.863128.Cam6_22_aug_1.csv,182.4607696533203,97.60066986083984,20.64
