,name,c-x,c-y,radius
0,20130320T005411.624125.Cam6_51_aug_2.csv,227.1,62.26,20.64
1,20130320T005411.624125.Cam6_51_aug_2.csv,213.87,198.06,16.77
