,name,c-x,c-y,radius
0,20130320T013024.240028_32_aug_2.csv,68.87312316894531,131.23995971679688,22.59
1,20130320T013024.240028_32_aug_2.csv,105.54312133789062,125.96995544433594,26.75
