,name,c-x,c-y,radius
0,20130320T005454.863128.Cam6_22_aug_6.csv,157.7498321533203,165.08184814453125,21.75
1,20130320T005454.863128.Cam6_22_aug_6.csv,148.85983276367188,110.63185119628906,19.53
2,20130320T005454.863128.Cam6_22_aug_6.csv,113.85982513427734,106.19184875488281,20.64
