,name,c-x,c-y,radius
0,20130320T004931.046852.Cam6_32_aug_0.csv,201.5341033935547,169.69093322753906,22.58
