,name,c-x,c-y,radius
0,20130320T005929.916304.Cam6_22_aug_6.csv,83.52494812011719,26.825395584106445,22.59
1,20130320T005929.916304.Cam6_22_aug_6.csv,40.46495056152344,121.26539611816406,22.59
2,20130320T005929.916304.Cam6_22_aug_6.csv,61.574947357177734,157.93539428710938,21.75
