,name,c-x,c-y,radius
0,20130320T004616.376184.Cam6_52_aug_5.csv,177.904296875,59.07710647583008,12.19
1,20130320T004616.376184.Cam6_52_aug_5.csv,153.67430114746094,58.307106018066406,12.19
2,20130320T004616.376184.Cam6_52_aug_5.csv,186.3643035888672,64.07710266113281,13.34
