,name,c-x,c-y,radius
0,20130320T005757.152532.Cam6_11_aug_5.csv,75.7335205078125,169.54592895507812,19.53
1,20130320T005757.152532.Cam6_11_aug_5.csv,37.68353271484375,142.04592895507812,20.09
2,20130320T005757.152532.Cam6_11_aug_5.csv,34.623504638671875,61.21593475341797,21.48
3,20130320T005757.152532.Cam6_11_aug_5.csv,25.18353271484375,83.15593719482422,19.53
