,name,c-x,c-y,radius
0,20130320T013024.621036_62_aug_0.csv,82.22,31.94,18.7
1,20130320T013024.621036_62_aug_0.csv,124.44,36.67,23.14
