,name,c-x,c-y,radius
0,20130320T012947.477385_33_aug_1.csv,12.22,138.61,24.53
1,20130320T012947.477385_33_aug_1.csv,31.67,166.39,26.2
