,name,c-x,c-y,radius
0,20130320T013324.243694_43_aug_4.csv,156.86155700683594,59.729923248291016,17.31
