,name,c-x,c-y,radius
0,20130320T004534.280053.Cam6_73_aug_6.csv,80.23265075683594,136.5352783203125,16.64
