,name,c-x,c-y,radius
0,20130320T013027.097214_33_aug_5.csv,206.61,93.61,23.14
1,20130320T013027.097214_33_aug_5.csv,167.44,99.17,22.59
2,20130320T013027.097214_33_aug_5.csv,4.939999999999998,112.78,18.98
