,name,c-x,c-y,radius
0,20130320T005754.866735.Cam6_22_aug_3.csv,67.08837890625,87.33758544921875,20.92
1,20130320T005754.866735.Cam6_22_aug_3.csv,22.63838005065918,57.617584228515625,20.92
2,20130320T005754.866735.Cam6_22_aug_3.csv,15.13838005065918,95.66758728027344,20.92
