,name,c-x,c-y,radius
0,20130320T004616.376184.Cam6_52_aug_2.csv,142.4402618408203,43.65573501586914,12.19
1,20130320T004616.376184.Cam6_52_aug_2.csv,118.21026611328125,42.88573455810547,12.19
2,20130320T004616.376184.Cam6_52_aug_2.csv,150.9002685546875,48.65573501586914,13.34
