,name,c-x,c-y,radius
0,20130320T005746.866695.Cam6_22_aug_6.csv,248.42998886108398,59.58944320678711,18.98
1,20130320T005746.866695.Cam6_22_aug_6.csv,166.75999450683594,91.53944396972656,17.87
2,20130320T005746.866695.Cam6_22_aug_6.csv,138.70999145507812,120.429443359375,20.37
