,name,c-x,c-y,radius
0,20130320T012820.808883_32_aug_7.csv,8.89,120.56,19.81
1,20130320T012820.808883_32_aug_7.csv,25.83,61.39,17.59
2,20130320T012820.808883_32_aug_7.csv,80.56,9.72,19.25
3,20130320T012820.808883_32_aug_7.csv,132.78,34.72,21.75
4,20130320T012820.808883_32_aug_7.csv,151.11,73.06,23.98
5,20130320T012820.808883_32_aug_7.csv,196.11,65.83,23.42
6,20130320T012820.808883_32_aug_7.csv,181.94,107.5,23.42
