,name,c-x,c-y,radius
0,20130320T012941.953391_42_aug_0.csv,249.67000000000002,24.44,20.37
1,20130320T012941.953391_42_aug_0.csv,165.5,61.39,18.98
2,20130320T012941.953391_42_aug_0.csv,146.89,53.33,18.98
3,20130320T012941.953391_42_aug_0.csv,172.17,8.89,18.14
4,20130320T012941.953391_42_aug_0.csv,115.22,40.56,20.64
5,20130320T012941.953391_42_aug_0.csv,93.28,73.61,21.48
6,20130320T012941.953391_42_aug_0.csv,73.83000000000001,44.17,22.59
