,name,c-x,c-y,radius
0,20130320T004451.993418.Cam6_41_aug_7.csv,148.12,114.37,21.26
1,20130320T004451.993418.Cam6_41_aug_7.csv,190.31,127.19,21.26
2,20130320T004451.993418.Cam6_41_aug_7.csv,220.31,111.87,21.26
