,name,c-x,c-y,radius
0,20130320T005810.676682.Cam6_54_aug_6.csv,104.58767700195312,34.833213806152344,19.81
1,20130320T005810.676682.Cam6_54_aug_6.csv,31.257659912109375,157.33322143554688,16.75
2,20130320T005810.676682.Cam6_54_aug_6.csv,133.20767211914062,150.94322204589844,15.37
3,20130320T005810.676682.Cam6_54_aug_6.csv,64.86767578125,34.273216247558594,15.37
