,name,c-x,c-y,radius
0,20130320T005306.860781.Cam6_22_aug_2.csv,159.35,177.42,23.22
1,20130320T005306.860781.Cam6_22_aug_2.csv,160.32,150.97,21.61
2,20130320T005306.860781.Cam6_22_aug_2.csv,117.74,166.13,21.61
3,20130320T005306.860781.Cam6_22_aug_2.csv,99.35,108.06,21.61
4,20130320T005306.860781.Cam6_22_aug_2.csv,88.39,95.16,21.61
5,20130320T005306.860781.Cam6_22_aug_2.csv,98.71,138.06,21.61
6,20130320T005306.860781.Cam6_22_aug_2.csv,128.39,79.35,21.61
7,20130320T005306.860781.Cam6_22_aug_2.csv,141.94,54.84,21.61
