,name,c-x,c-y,radius
0,20130320T013431.102178_34_aug_2.csv,259.37914657592773,55.78951644897461,21.75
1,20130320T013431.102178_34_aug_2.csv,270.2091484069824,79.3995132446289,23.14
2,20130320T013431.102178_34_aug_2.csv,214.37914276123047,43.00951385498047,22.59
