,name,c-x,c-y,radius
0,20130320T004556.947162.Cam6_34_aug_0.csv,252.91905212402344,121.54139709472656,14.11
