,name,c-x,c-y,radius
0,20130320T005420.576678.Cam6_43_aug_5.csv,181.5345916748047,166.30142211914062,19.35
1,20130320T005420.576678.Cam6_43_aug_5.csv,181.85459899902344,126.30143737792969,17.42
2,20130320T005420.576678.Cam6_43_aug_5.csv,88.31459045410156,123.721435546875,20.64
