,name,c-x,c-y,radius
0,20130320T005825.153103.Cam6_13_aug_5.csv,238.2754364013672,39.68363952636719,25.64
1,20130320T005825.153103.Cam6_13_aug_5.csv,235.21543884277344,148.84364318847656,25.64
2,20130320T005825.153103.Cam6_13_aug_5.csv,213.2754364013672,132.1836395263672,23.14
3,20130320T005825.153103.Cam6_13_aug_5.csv,126.88543701171875,124.12364196777344,18.42
4,20130320T005825.153103.Cam6_13_aug_5.csv,108.27543640136719,159.12364196777344,26.48
