,name,c-x,c-y,radius
0,20130320T013302.338507_42_aug_0.csv,92.44,105.56,19.25
1,20130320T013302.338507_42_aug_0.csv,236.61,21.11,17.31
2,20130320T013302.338507_42_aug_0.csv,226.89,28.89,15.64
