,name,c-x,c-y,radius
0,20130320T012837.190206_21_aug_3.csv,228.81236267089844,103.34054565429688,14.81
1,20130320T012837.190206_21_aug_3.csv,154.65235900878906,99.73054504394531,17.31
