,name,c-x,c-y,radius
0,20130320T013431.102178_34_aug_3.csv,58.662967681884766,88.89244842529297,21.75
1,20130320T013431.102178_34_aug_3.csv,47.83296585083008,112.50244903564453,23.14
2,20130320T013431.102178_34_aug_3.csv,103.66297149658203,76.11244201660156,22.59
