,name,c-x,c-y,radius
0,20130320T013348.625201_53_aug_5.csv,47.78,20.28,25.64
1,20130320T013348.625201_53_aug_5.csv,217.78,51.39,28.14
2,20130320T013348.625201_53_aug_5.csv,283.61,6.94,28.14
3,20130320T013348.625201_53_aug_5.csv,282.78,193.61,24.53
4,20130320T013348.625201_53_aug_5.csv,162.22,192.22,26.48
