,name,c-x,c-y,radius
0,20130320T013022.906751_13_aug_3.csv,300.78,131.39,20.09
1,20130320T013022.906751_13_aug_3.csv,286.89,140.28,19.53
2,20130320T013022.906751_13_aug_3.csv,269.11,112.22,20.92
3,20130320T013022.906751_13_aug_3.csv,302.72,99.17,20.92
4,20130320T013022.906751_13_aug_3.csv,220.78,121.67,18.42
