,name,c-x,c-y,radius
0,20130320T012942.905912_32_aug_6.csv,176.61,164.72,24.81
1,20130320T012942.905912_32_aug_6.csv,263.83,53.06,22.31
2,20130320T012942.905912_32_aug_6.csv,173.83,20.0,21.2
3,20130320T012942.905912_32_aug_6.csv,117.72,26.11,20.09
4,20130320T012942.905912_32_aug_6.csv,94.11000000000001,42.78,19.25
