,name,c-x,c-y,radius
0,20130320T005548.197486.Cam6_34_aug_5.csv,110.62265014648438,150.15074157714844,25.92
1,20130320T005548.197486.Cam6_34_aug_5.csv,96.73265075683594,83.48075103759766,21.48
2,20130320T005548.197486.Cam6_34_aug_5.csv,100.06265258789062,55.430747985839844,19.81
3,20130320T005548.197486.Cam6_34_aug_5.csv,67.29264831542969,79.8707504272461,18.7
