,name,c-x,c-y,radius
0,20130320T005810.676682.Cam6_54_aug_1.csv,141.72048950195312,42.40323257446289,19.81
1,20130320T005810.676682.Cam6_54_aug_1.csv,68.39047241210938,164.90322875976562,16.75
2,20130320T005810.676682.Cam6_54_aug_1.csv,170.34048461914062,158.5132293701172,15.37
3,20130320T005810.676682.Cam6_54_aug_1.csv,102.00048828125,41.84323501586914,15.37
