,name,c-x,c-y,radius
0,20130320T004429.326331.Cam6_73_aug_6.csv,179.98390197753906,72.71639251708984,15.95
1,20130320T004429.326331.Cam6_73_aug_6.csv,99.98389434814453,117.08639526367188,13.45
