,name,c-x,c-y,radius
0,20130320T013513.960176_54_aug_7.csv,30.56,124.17,16.48
1,20130320T013513.960176_54_aug_7.csv,41.94,13.33,18.7
2,20130320T013513.960176_54_aug_7.csv,301.39,29.72,16.75
