,name,c-x,c-y,radius
0,20130320T005325.718417.Cam6_64_aug_5.csv,267.03,117.74,15.16
1,20130320T005325.718417.Cam6_64_aug_5.csv,254.13,119.68,12.9
2,20130320T005325.718417.Cam6_64_aug_5.csv,299.61,124.52,11.93
3,20130320T005325.718417.Cam6_64_aug_5.csv,124.77000000000001,42.9,11.93
