,name,c-x,c-y,radius
0,20130320T004430.088222.Cam6_33_aug_6.csv,185.25924682617188,152.18600463867188,20.33
1,20130320T004430.088222.Cam6_33_aug_6.csv,213.06924438476562,135.93600463867188,19.08
