,name,c-x,c-y,radius
0,20130320T005821.914913.Cam6_62_aug_0.csv,123.94208526611328,83.06755828857422,22.87
1,20130320T005821.914913.Cam6_62_aug_0.csv,85.33208465576172,69.17755889892578,28.98
2,20130320T005821.914913.Cam6_62_aug_0.csv,124.21208953857422,43.907554626464844,18.14
