,name,c-x,c-y,radius
0,20130320T004429.326331.Cam6_73_aug_1.csv,83.99420166015625,42.86363983154297,15.95
1,20130320T004429.326331.Cam6_73_aug_1.csv,163.99420166015625,87.233642578125,13.45
