,name,c-x,c-y,radius
0,20130320T005651.246417.Cam6_23_aug_1.csv,280.3125305175781,92.58148193359375,19.53
