,name,c-x,c-y,radius
0,20130320T005646.865452.Cam6_43_aug_1.csv,188.56,193.33,21.2
1,20130320T005646.865452.Cam6_43_aug_1.csv,54.110000000000014,139.17,31.2
2,20130320T005646.865452.Cam6_43_aug_1.csv,181.89,118.33,23.7
3,20130320T005646.865452.Cam6_43_aug_1.csv,159.11,96.67,21.75
4,20130320T005646.865452.Cam6_43_aug_1.csv,213.28,116.39,22.59
5,20130320T005646.865452.Cam6_43_aug_1.csv,178.83,76.94,22.59
6,20130320T005646.865452.Cam6_43_aug_1.csv,120.78,16.11,19.25
