,name,c-x,c-y,radius
0,20130320T005904.773038.Cam6_33_aug_2.csv,17.78,17.5,26.75
1,20130320T005904.773038.Cam6_33_aug_2.csv,61.11,18.33,26.75
2,20130320T005904.773038.Cam6_33_aug_2.csv,37.5,98.89,26.2
3,20130320T005904.773038.Cam6_33_aug_2.csv,188.61,120.83,26.2
