,name,c-x,c-y,radius
0,20130320T005604.007318.Cam6_12_aug_1.csv,111.27436065673828,89.9507064819336,17.87
