,name,c-x,c-y,radius
0,20130320T004710.282045.Cam6_31_aug_6.csv,252.82999999999998,62.07,19.96
1,20130320T004710.282045.Cam6_31_aug_6.csv,205.93,70.69,21.68
2,20130320T004710.282045.Cam6_31_aug_6.csv,206.62,53.1,21.68
3,20130320T004710.282045.Cam6_31_aug_6.csv,175.24,61.38,21.68
4,20130320T004710.282045.Cam6_31_aug_6.csv,168.69,2.41,22.71
5,20130320T004710.282045.Cam6_31_aug_6.csv,148.69,20.0,19.96
6,20130320T004710.282045.Cam6_31_aug_6.csv,137.31,45.86,16.85
7,20130320T004710.282045.Cam6_31_aug_6.csv,135.93,157.59,19.96
