,name,c-x,c-y,radius
0,20130320T013223.290091_21_aug_7.csv,270.83,162.22,22.59
1,20130320T013223.290091_21_aug_7.csv,211.94,100.56,16.75
2,20130320T013223.290091_21_aug_7.csv,214.72,70.56,17.03
3,20130320T013223.290091_21_aug_7.csv,276.94,58.06,17.03
