,name,c-x,c-y,radius
0,20130320T004711.996331.Cam6_21_aug_7.csv,238.46,86.54,21.42
1,20130320T004711.996331.Cam6_21_aug_7.csv,219.23,77.69,18.73
2,20130320T004711.996331.Cam6_21_aug_7.csv,200.77,56.15,22.96
3,20130320T004711.996331.Cam6_21_aug_7.csv,11.15,102.69,20.27
4,20130320T004711.996331.Cam6_21_aug_7.csv,5.38,63.46,20.27
5,20130320T004711.996331.Cam6_21_aug_7.csv,63.08,42.31,19.5
6,20130320T004711.996331.Cam6_21_aug_7.csv,69.62,8.85,19.5
7,20130320T004711.996331.Cam6_21_aug_7.csv,104.62,5.0,19.5
