,name,c-x,c-y,radius
0,20130320T004719.806124.Cam6_32_aug_3.csv,226.92569732666016,98.34036254882812,17.96
1,20130320T004719.806124.Cam6_32_aug_3.csv,238.85569763183594,57.95036315917969,17.96
2,20130320T004719.806124.Cam6_32_aug_3.csv,253.85569381713867,139.4903564453125,14.88
