,name,c-x,c-y,radius
0,20130320T012846.333271_43_aug_5.csv,258.83,183.06,17.03
1,20130320T012846.333271_43_aug_5.csv,158.56,153.61,15.64
2,20130320T012846.333271_43_aug_5.csv,106.88999999999999,125.28,17.59
3,20130320T012846.333271_43_aug_5.csv,97.16999999999999,176.11,16.2
4,20130320T012846.333271_43_aug_5.csv,30.5,110.0,16.2
5,20130320T012846.333271_43_aug_5.csv,224.11,47.5,15.37
6,20130320T012846.333271_43_aug_5.csv,280.22,73.06,14.81
7,20130320T012846.333271_43_aug_5.csv,257.72,70.28,14.81
