,name,c-x,c-y,radius
0,20130320T005733.723551.Cam6_21_aug_2.csv,158.1705780029297,105.1689682006836,19.81
1,20130320T005733.723551.Cam6_21_aug_2.csv,152.61058044433594,71.27896881103516,15.92
2,20130320T005733.723551.Cam6_21_aug_2.csv,170.6705780029297,75.99897003173828,15.92
3,20130320T005733.723551.Cam6_21_aug_2.csv,214.56058502197266,91.8389663696289,18.42
4,20130320T005733.723551.Cam6_21_aug_2.csv,202.61058807373047,55.168968200683594,19.53
5,20130320T005733.723551.Cam6_21_aug_2.csv,203.17058563232422,33.778968811035156,16.48
6,20130320T005733.723551.Cam6_21_aug_2.csv,232.61058044433594,47.668968200683594,17.87
