,name,c-x,c-y,radius
0,20130320T012847.857177_32_aug_4.csv,182.61041259765625,146.8369598388672,17.31
