,name,c-x,c-y,radius
0,20130320T012941.000996_42_aug_5.csv,284.67,90.0,19.53
1,20130320T012941.000996_42_aug_5.csv,275.78,31.94,20.37
2,20130320T012941.000996_42_aug_5.csv,241.89,45.56,20.09
3,20130320T012941.000996_42_aug_5.csv,131.89,49.44,19.53
4,20130320T012941.000996_42_aug_5.csv,118.56,23.89,21.75
5,20130320T012941.000996_42_aug_5.csv,94.94,41.67,21.2
6,20130320T012941.000996_42_aug_5.csv,44.670000000000016,64.44,19.53
