,name,c-x,c-y,radius
0,20130320T005733.723551.Cam6_21_aug_4.csv,196.07227325439453,105.9461898803711,19.81
1,20130320T005733.723551.Cam6_21_aug_4.csv,190.51227569580078,72.05619049072266,15.92
2,20130320T005733.723551.Cam6_21_aug_4.csv,208.57227325439453,76.77619171142578,15.92
3,20130320T005733.723551.Cam6_21_aug_4.csv,252.46227264404297,92.6161880493164,18.42
4,20130320T005733.723551.Cam6_21_aug_4.csv,240.51227569580078,55.946189880371094,19.53
5,20130320T005733.723551.Cam6_21_aug_4.csv,241.07227325439453,34.556190490722656,16.48
6,20130320T005733.723551.Cam6_21_aug_4.csv,270.5122718811035,48.446189880371094,17.87
