,name,c-x,c-y,radius
0,20130320T013523.865255_13_aug_4.csv,182.74220275878906,112.10047149658203,24.25
1,20130320T013523.865255_13_aug_4.csv,176.6322021484375,151.54046630859375,20.37
2,20130320T013523.865255_13_aug_4.csv,138.85220336914062,143.49046325683594,20.92
3,20130320T013523.865255_13_aug_4.csv,157.4622039794922,95.99047088623047,20.37
4,20130320T013523.865255_13_aug_4.csv,136.6322021484375,100.7104721069336,19.81
5,20130320T013523.865255_13_aug_4.csv,265.52220153808594,49.60047149658203,19.81
6,20130320T013523.865255_13_aug_4.csv,216.35220336914062,45.710472106933594,19.81
