,name,c-x,c-y,radius
0,20130320T005947.059535.Cam6_23_aug_7.csv,134.72,189.17,18.42
1,20130320T005947.059535.Cam6_23_aug_7.csv,96.94,139.72,18.42
2,20130320T005947.059535.Cam6_23_aug_7.csv,86.67,84.17,24.25
3,20130320T005947.059535.Cam6_23_aug_7.csv,126.39,63.33,24.25
4,20130320T005947.059535.Cam6_23_aug_7.csv,90.83,37.5,24.25
