,name,c-x,c-y,radius
0,20130320T004547.804094.Cam6_12_aug_5.csv,186.14065551757812,55.887081146240234,26.42
1,20130320T004547.804094.Cam6_12_aug_5.csv,223.8306655883789,69.7270736694336,24.11
2,20130320T004547.804094.Cam6_12_aug_5.csv,214.98065948486328,105.49707794189453,21.8
3,20130320T004547.804094.Cam6_12_aug_5.csv,183.45066833496094,81.65707397460938,21.03
4,20130320T004547.804094.Cam6_12_aug_5.csv,160.7506561279297,138.57708740234375,21.03
