,name,c-x,c-y,radius
0,20130320T005803.057403.Cam6_31_aug_2.csv,224.94,65.83,22.31
1,20130320T005803.057403.Cam6_31_aug_2.csv,249.39,51.67,20.64
2,20130320T005803.057403.Cam6_31_aug_2.csv,283.56,17.78,16.75
3,20130320T005803.057403.Cam6_31_aug_2.csv,255.22,25.56,17.31
4,20130320T005803.057403.Cam6_31_aug_2.csv,218.56,22.5,18.98
5,20130320T005803.057403.Cam6_31_aug_2.csv,135.78,54.17,17.59
6,20130320T005803.057403.Cam6_31_aug_2.csv,296.61,66.94,17.59
