,name,c-x,c-y,radius
0,20130320T012847.857177_32_aug_0.csv,159.33935546875,146.8453369140625,17.31
