,name,c-x,c-y,radius
0,20130320T013021.192340_43_aug_7.csv,137.22,52.22,17.03
1,20130320T013021.192340_43_aug_7.csv,225.83,54.44,17.03
2,20130320T013021.192340_43_aug_7.csv,229.17,105.56,15.92
