,name,c-x,c-y,radius
0,20130320T004616.757192.Cam6_41_aug_1.csv,143.13197326660156,157.387451171875,13.73
1,20130320T004616.757192.Cam6_41_aug_1.csv,155.44198608398438,133.15744018554688,13.73
