,name,c-x,c-y,radius
0,20130320T005612.578997.Cam6_61_aug_6.csv,78.5301513671875,165.47183227539062,21.48
1,20130320T005612.578997.Cam6_61_aug_6.csv,61.0301513671875,155.74183654785156,20.37
2,20130320T005612.578997.Cam6_61_aug_6.csv,71.31015014648438,81.8618392944336,17.87
3,20130320T005612.578997.Cam6_61_aug_6.csv,98.81015014648438,76.8618392944336,17.87
4,20130320T005612.578997.Cam6_61_aug_6.csv,140.4801483154297,80.47183990478516,17.03
