,name,c-x,c-y,radius
0,20130320T005320.765817.Cam6_51_aug_4.csv,15.740000000000009,65.48,15.48
