,name,c-x,c-y,radius
0,20130320T005410.481227.Cam6_62_aug_3.csv,162.84,55.81,18.71
1,20130320T005410.481227.Cam6_62_aug_3.csv,102.52000000000001,23.87,16.45
