,name,c-x,c-y,radius
0,20130320T005651.246417.Cam6_23_aug_6.csv,256.989013671875,95.1118392944336,19.53
