,name,c-x,c-y,radius
0,20130320T005322.099219.Cam6_23_aug_6.csv,210.02728271484375,115.0609130859375,18.71
1,20130320T005322.099219.Cam6_23_aug_6.csv,220.34728240966797,154.74090576171875,21.29
