,name,c-x,c-y,radius
0,20130320T010001.916956.Cam6_44_aug_2.csv,200.6436996459961,119.89985656738281,18.42
1,20130320T010001.916956.Cam6_44_aug_2.csv,176.4836883544922,142.6798553466797,22.87
2,20130320T010001.916956.Cam6_44_aug_2.csv,140.64369201660156,125.17985534667969,21.75
3,20130320T010001.916956.Cam6_44_aug_2.csv,102.59368896484375,112.39985656738281,19.53
