,name,c-x,c-y,radius
0,20130320T004808.188000.Cam6_61_aug_4.csv,150.11837768554688,127.77641296386719,17.42
1,20130320T004808.188000.Cam6_61_aug_4.csv,58.178375244140625,58.426414489746094,18.71
2,20130320T004808.188000.Cam6_61_aug_4.csv,89.14837646484375,50.676414489746094,18.71
