,name,c-x,c-y,radius
0,20130320T005444.767669.Cam6_33_aug_4.csv,301.89,47.78,19.53
1,20130320T005444.767669.Cam6_33_aug_4.csv,55.5,174.17,21.2
2,20130320T005444.767669.Cam6_33_aug_4.csv,34.110000000000014,148.06,18.42
3,20130320T005444.767669.Cam6_33_aug_4.csv,37.44,66.67,22.59
4,20130320T005444.767669.Cam6_33_aug_4.csv,78.0,62.22,20.37
