,name,c-x,c-y,radius
0,20130320T013312.052947_23_aug_2.csv,68.84707641601562,171.0186309814453,14.53
1,20130320T013312.052947_23_aug_2.csv,95.51707458496094,132.40863037109375,14.53
2,20130320T013312.052947_23_aug_2.csv,62.17707824707031,127.1286392211914,14.53
3,20130320T013312.052947_23_aug_2.csv,84.95707702636719,108.51863861083984,15.09
4,20130320T013312.052947_23_aug_2.csv,66.34707641601562,91.5786361694336,14.81
5,20130320T013312.052947_23_aug_2.csv,64.12709045410156,62.9686393737793,15.92
6,20130320T013312.052947_23_aug_2.csv,95.51707458496094,53.79863739013672,15.92
