,name,c-x,c-y,radius
0,20130320T005413.719418.Cam6_21_aug_5.csv,137.17445373535156,63.848751068115234,20.64
