,name,c-x,c-y,radius
0,20130320T004352.754200.Cam6_23_aug_2.csv,157.35494995117188,73.78372955322266,29.39
1,20130320T004352.754200.Cam6_23_aug_2.csv,109.22494506835938,45.663734436035156,28.45
2,20130320T004352.754200.Cam6_23_aug_2.csv,161.41494750976562,114.09373474121094,25.33
3,20130320T004352.754200.Cam6_23_aug_2.csv,109.85494995117188,100.34373474121094,26.58
4,20130320T004352.754200.Cam6_23_aug_2.csv,113.60494995117188,125.03372955322266,22.2
5,20130320T004352.754200.Cam6_23_aug_2.csv,79.22494506835938,121.28372955322266,20.95
