,name,c-x,c-y,radius
0,20130320T004404.373443.Cam6_32_aug_1.csv,100.75874328613281,77.40309143066406,24.39
