,name,c-x,c-y,radius
0,20130320T005027.238508.Cam6_53_aug_1.csv,257.8082580566406,100.10971069335938,23.55
1,20130320T005027.238508.Cam6_53_aug_1.csv,70.06825256347656,133.00970458984375,21.29
