,name,c-x,c-y,radius
0,20130320T013516.055467_41_aug_6.csv,259.11,133.33,16.75
1,20130320T013516.055467_41_aug_6.csv,158.56,110.28,24.25
2,20130320T013516.055467_41_aug_6.csv,178.28,90.28,22.03
3,20130320T013516.055467_41_aug_6.csv,41.06,12.78,22.03
