,name,c-x,c-y,radius
0,20130320T004855.808117.Cam6_24_aug_0.csv,166.45,141.61,14.84
1,20130320T004855.808117.Cam6_24_aug_0.csv,154.84,139.03,14.84
2,20130320T004855.808117.Cam6_24_aug_0.csv,196.77,167.42,14.84
3,20130320T004855.808117.Cam6_24_aug_0.csv,167.1,175.48,14.84
4,20130320T004855.808117.Cam6_24_aug_0.csv,196.77,135.16,13.87
