,name,c-x,c-y,radius
0,20130320T004607.995015.Cam6_24_aug_0.csv,258.31939697265625,112.73014068603516,18.73
1,20130320T004607.995015.Cam6_24_aug_0.csv,183.3194122314453,86.96014404296875,17.57
