,name,c-x,c-y,radius
0,20130320T005753.723961.Cam6_33_aug_3.csv,152.22743225097656,153.10519409179688,17.03
1,20130320T005753.723961.Cam6_33_aug_3.csv,144.17742919921875,143.93519592285156,17.87
