,name,c-x,c-y,radius
0,20130320T005733.723551.Cam6_21_aug_6.csv,172.43438720703125,89.21846008300781,19.81
1,20130320T005733.723551.Cam6_21_aug_6.csv,166.8743896484375,55.328460693359375,15.92
2,20130320T005733.723551.Cam6_21_aug_6.csv,184.93438720703125,60.0484619140625,15.92
3,20130320T005733.723551.Cam6_21_aug_6.csv,228.8243865966797,75.88845825195312,18.42
4,20130320T005733.723551.Cam6_21_aug_6.csv,216.8743896484375,39.21846008300781,19.53
5,20130320T005733.723551.Cam6_21_aug_6.csv,217.43438720703125,17.828462600708008,16.48
6,20130320T005733.723551.Cam6_21_aug_6.csv,246.87438583374023,31.718461990356445,17.87
