,name,c-x,c-y,radius
0,20130320T005220.383697.Cam6_61_aug_6.csv,118.65,85.16,20.0
1,20130320T005220.383697.Cam6_61_aug_6.csv,90.25999999999999,103.87,20.0
2,20130320T005220.383697.Cam6_61_aug_6.csv,137.68,29.03,18.71
3,20130320T005220.383697.Cam6_61_aug_6.csv,284.13,54.52,18.71
4,20130320T005220.383697.Cam6_61_aug_6.csv,253.16,142.58,16.13
5,20130320T005220.383697.Cam6_61_aug_6.csv,228.65,170.0,16.13
6,20130320T005220.383697.Cam6_61_aug_6.csv,219.29000000000002,186.13,16.13
7,20130320T005220.383697.Cam6_61_aug_6.csv,209.61,31.94,16.13
