,name,c-x,c-y,radius
0,20130320T013627.866430_31_aug_0.csv,201.41415405273438,138.03799438476562,16.48
1,20130320T013627.866430_31_aug_0.csv,253.64414978027344,133.59799194335938,13.42
2,20130320T013627.866430_31_aug_0.csv,263.08416748046875,63.59798812866211,15.92
3,20130320T013627.866430_31_aug_0.csv,273.3641662597656,37.48798751831055,17.03
4,20130320T013627.866430_31_aug_0.csv,292.2541809082031,52.20798873901367,17.03
