,name,c-x,c-y,radius
0,20130320T004618.661981.Cam6_62_aug_3.csv,217.37860107421875,98.92745208740234,10.64
1,20130320T004618.661981.Cam6_62_aug_3.csv,229.4486083984375,114.09745025634766,10.64
2,20130320T004618.661981.Cam6_62_aug_3.csv,195.99859619140625,113.75745391845703,10.64
3,20130320T004618.661981.Cam6_62_aug_3.csv,205.99859619140625,110.99745178222656,10.64
4,20130320T004618.661981.Cam6_62_aug_3.csv,203.92860412597656,141.6874542236328,10.64
5,20130320T004618.661981.Cam6_62_aug_3.csv,198.75860595703125,139.2774658203125,10.64
