,name,c-x,c-y,radius
0,20130320T013242.719107_13_aug_0.csv,17.78,155.56,19.53
1,20130320T013242.719107_13_aug_0.csv,103.89,138.33,14.53
2,20130320T013242.719107_13_aug_0.csv,124.17,122.78,16.75
3,20130320T013242.719107_13_aug_0.csv,159.72,141.11,14.53
4,20130320T013242.719107_13_aug_0.csv,215.83,140.56,14.53
5,20130320T013242.719107_13_aug_0.csv,240.56,142.78,14.53
6,20130320T013242.719107_13_aug_0.csv,253.89,132.78,14.53
7,20130320T013242.719107_13_aug_0.csv,223.33,113.33,14.53
8,20130320T013242.719107_13_aug_0.csv,282.5,168.06,14.53
