,name,c-x,c-y,radius
0,20130320T013608.628043_23_aug_5.csv,239.78167724609375,87.93767547607422,18.42
1,20130320T013608.628043_23_aug_5.csv,186.1716766357422,59.59767532348633,18.7
2,20130320T013608.628043_23_aug_5.csv,59.23167419433594,101.82767486572266,15.09
