,name,c-x,c-y,radius
0,20130320T012858.905027_21_aug_5.csv,89.1495361328125,94.56443786621094,14.81
1,20130320T012858.905027_21_aug_5.csv,165.8195343017578,102.34443664550781,14.81
2,20130320T012858.905027_21_aug_5.csv,191.6495361328125,104.56443786621094,14.81
3,20130320T012858.905027_21_aug_5.csv,156.6495361328125,131.23443603515625,14.81
4,20130320T012858.905027_21_aug_5.csv,191.6495361328125,134.8444366455078,14.81
