,name,c-x,c-y,radius
0,20130320T004552.756699.Cam6_21_aug_3.csv,96.13052368164062,93.2242660522461,15.27
