,name,c-x,c-y,radius
0,20130320T005746.104680.Cam6_43_aug_0.csv,10.0,169.44,19.25
1,20130320T005746.104680.Cam6_43_aug_0.csv,71.67,8.61,21.48
2,20130320T005746.104680.Cam6_43_aug_0.csv,125.0,21.94,23.7
3,20130320T005746.104680.Cam6_43_aug_0.csv,196.94,43.06,21.2
4,20130320T005746.104680.Cam6_43_aug_0.csv,272.22,25.28,17.59
