,name,c-x,c-y,radius
0,20130320T013221.766310_11_aug_6.csv,174.3187713623047,173.1761016845703,18.7
1,20130320T013221.766310_11_aug_6.csv,136.8187713623047,184.8361053466797,18.7
2,20130320T013221.766310_11_aug_6.csv,148.76876831054688,147.61610412597656,22.03
3,20130320T013221.766310_11_aug_6.csv,64.31877136230469,87.61610412597656,19.81
