,name,c-x,c-y,radius
0,20130320T012852.047636_44_aug_6.csv,252.44,83.89,14.53
1,20130320T012852.047636_44_aug_6.csv,263.28,81.67,14.53
2,20130320T012852.047636_44_aug_6.csv,165.22,99.72,13.42
3,20130320T012852.047636_44_aug_6.csv,161.06,125.83,11.75
4,20130320T012852.047636_44_aug_6.csv,145.22,109.17,12.59
5,20130320T012852.047636_44_aug_6.csv,111.88999999999999,149.72,14.53
6,20130320T012852.047636_44_aug_6.csv,85.78,166.11,13.7
7,20130320T012852.047636_44_aug_6.csv,12.439999999999998,62.78,13.7
8,20130320T012852.047636_44_aug_6.csv,45.5,121.94,12.87
