,name,c-x,c-y,radius
0,20130320T005017.714559.Cam6_41_aug_3.csv,219.8378448486328,158.19097900390625,20.96
1,20130320T005017.714559.Cam6_41_aug_3.csv,121.77783966064453,66.25098419189453,15.48
