,name,c-x,c-y,radius
0,20130320T004534.280053.Cam6_73_aug_0.csv,125.20904541015625,146.25796508789062,16.64
