,name,c-x,c-y,radius
0,20130320T005241.527011.Cam6_21_aug_4.csv,51.61,162.9,17.42
1,20130320T005241.527011.Cam6_21_aug_4.csv,15.81,149.03,18.71
