,name,c-x,c-y,radius
0,20130320T004433.135911.Cam6_52_aug_7.csv,106.56,7.5,18.14
1,20130320T004433.135911.Cam6_52_aug_7.csv,133.44,29.37,19.08
2,20130320T004433.135911.Cam6_52_aug_7.csv,155.31,17.81,19.08
3,20130320T004433.135911.Cam6_52_aug_7.csv,122.5,33.75,19.08
4,20130320T004433.135911.Cam6_52_aug_7.csv,150.62,89.37,12.51
5,20130320T004433.135911.Cam6_52_aug_7.csv,135.62,123.44,12.51
