,name,c-x,c-y,radius
0,20130320T004801.902120.Cam6_34_aug_2.csv,258.0,142.94,16.85
1,20130320T004801.902120.Cam6_34_aug_2.csv,253.29,136.76,16.85
2,20130320T004801.902120.Cam6_34_aug_2.csv,224.76,159.12,16.85
3,20130320T004801.902120.Cam6_34_aug_2.csv,193.59,154.12,16.85
4,20130320T004801.902120.Cam6_34_aug_2.csv,119.75999999999999,160.29,16.85
5,20130320T004801.902120.Cam6_34_aug_2.csv,94.18,138.82,16.85
6,20130320T004801.902120.Cam6_34_aug_2.csv,61.53,152.06,15.68
7,20130320T004801.902120.Cam6_34_aug_2.csv,51.24000000000001,119.71,13.91
8,20130320T004801.902120.Cam6_34_aug_2.csv,17.120000000000005,113.82,17.73
