,name,c-x,c-y,radius
0,20130320T004618.661981.Cam6_62_aug_1.csv,182.54745483398438,99.1147232055664,10.64
1,20130320T004618.661981.Cam6_62_aug_1.csv,194.61746215820312,114.28472137451172,10.64
2,20130320T004618.661981.Cam6_62_aug_1.csv,161.16744995117188,113.9447250366211,10.64
3,20130320T004618.661981.Cam6_62_aug_1.csv,171.16744995117188,111.18472290039062,10.64
4,20130320T004618.661981.Cam6_62_aug_1.csv,169.0974578857422,141.8747100830078,10.64
5,20130320T004618.661981.Cam6_62_aug_1.csv,163.92745971679688,139.4647216796875,10.64
