,name,c-x,c-y,radius
0,20130320T013523.674751_54_aug_6.csv,119.08100128173828,28.915637969970703,18.14
