,name,c-x,c-y,radius
0,20130320T004706.662968.Cam6_12_aug_5.csv,287.31,158.62,23.06
1,20130320T004706.662968.Cam6_12_aug_5.csv,124.55000000000001,188.97,23.06
2,20130320T004706.662968.Cam6_12_aug_5.csv,97.66,148.62,25.13
3,20130320T004706.662968.Cam6_12_aug_5.csv,59.72,141.72,21.33
4,20130320T004706.662968.Cam6_12_aug_5.csv,79.72,97.24,27.54
5,20130320T004706.662968.Cam6_12_aug_5.csv,127.66,115.52,29.61
6,20130320T004706.662968.Cam6_12_aug_5.csv,54.900000000000006,66.21,26.85
7,20130320T004706.662968.Cam6_12_aug_5.csv,97.31,51.03,27.89
8,20130320T004706.662968.Cam6_12_aug_5.csv,139.03,77.24,20.3
