,name,c-x,c-y,radius
0,20130320T004938.856512.Cam6_22_aug_3.csv,31.61,201.29,20.0
1,20130320T004938.856512.Cam6_22_aug_3.csv,120.32,153.23,24.19
2,20130320T004938.856512.Cam6_22_aug_3.csv,102.26,142.26,21.29
3,20130320T004938.856512.Cam6_22_aug_3.csv,149.68,130.0,23.22
4,20130320T004938.856512.Cam6_22_aug_3.csv,181.94,142.26,21.29
5,20130320T004938.856512.Cam6_22_aug_3.csv,156.45,178.06,21.29
6,20130320T004938.856512.Cam6_22_aug_3.csv,274.52,176.77,21.29
7,20130320T004938.856512.Cam6_22_aug_3.csv,229.03,173.87,20.32
