,name,c-x,c-y,radius
0,20130320T004931.046852.Cam6_32_aug_6.csv,97.35546875,171.9684295654297,22.58
