,name,c-x,c-y,radius
0,20130320T005227.621969.Cam6_61_aug_5.csv,102.0743179321289,162.01475524902344,15.48
