,name,c-x,c-y,radius
0,20130320T012907.095566_43_aug_0.csv,234.69754791259766,95.03047180175781,21.2
1,20130320T012907.095566_43_aug_0.csv,276.9175510406494,106.14047241210938,21.75
