,name,c-x,c-y,radius
0,20130320T004405.325839.Cam6_34_aug_2.csv,252.48780822753906,118.29679870605469,20.64
