,name,c-x,c-y,radius
0,20130320T004618.661981.Cam6_62_aug_4.csv,188.5718994140625,97.6711196899414,10.64
1,20130320T004618.661981.Cam6_62_aug_4.csv,200.64190673828125,112.84111785888672,10.64
2,20130320T004618.661981.Cam6_62_aug_4.csv,167.19189453125,112.5011215209961,10.64
3,20130320T004618.661981.Cam6_62_aug_4.csv,177.19189453125,109.74111938476562,10.64
4,20130320T004618.661981.Cam6_62_aug_4.csv,175.1219024658203,140.4311065673828,10.64
5,20130320T004618.661981.Cam6_62_aug_4.csv,169.951904296875,138.0211181640625,10.64
