,name,c-x,c-y,radius
0,20130320T013627.866430_31_aug_5.csv,163.33177185058594,170.3870849609375,16.48
1,20130320T013627.866430_31_aug_5.csv,215.561767578125,165.94708251953125,13.42
2,20130320T013627.866430_31_aug_5.csv,225.00177001953125,95.94708251953125,15.92
3,20130320T013627.866430_31_aug_5.csv,235.28176879882812,69.83708190917969,17.03
4,20130320T013627.866430_31_aug_5.csv,254.17178344726562,84.55708312988281,17.03
