,name,c-x,c-y,radius
0,20130320T005454.101113.Cam6_51_aug_2.csv,35.28,142.5,14.25
1,20130320T005454.101113.Cam6_51_aug_2.csv,65.56,142.78,14.25
2,20130320T005454.101113.Cam6_51_aug_2.csv,103.89,177.78,17.03
3,20130320T005454.101113.Cam6_51_aug_2.csv,120.56,129.72,15.09
4,20130320T005454.101113.Cam6_51_aug_2.csv,188.89,157.78,15.09
