,name,c-x,c-y,radius
0,20130320T005039.429263.Cam6_64_aug_6.csv,280.48046875,77.43582153320312,11.93
1,20130320T005039.429263.Cam6_64_aug_6.csv,264.67047119140625,83.88581848144531,11.93
