,name,c-x,c-y,radius
0,20130320T005039.429263.Cam6_64_aug_4.csv,50.578208923339844,85.41858673095703,11.93
1,20130320T005039.429263.Cam6_64_aug_4.csv,66.3882064819336,91.86858367919922,11.93
