,name,c-x,c-y,radius
0,20130320T013109.193320_51_aug_2.csv,204.22756958007812,159.84788513183594,13.7
1,20130320T013109.193320_51_aug_2.csv,259.7875671386719,127.89788055419922,14.53
2,20130320T013109.193320_51_aug_2.csv,250.61758422851562,98.7278823852539,15.64
