,name,c-x,c-y,radius
0,20130320T013024.240028_32_aug_6.csv,99.8299560546875,116.03221893310547,22.59
1,20130320T013024.240028_32_aug_6.csv,136.4999542236328,110.76221466064453,26.75
