,name,c-x,c-y,radius
0,20130320T004907.427361.Cam6_61_aug_1.csv,187.03,95.48,12.26
1,20130320T004907.427361.Cam6_61_aug_1.csv,300.26,74.19,12.26
2,20130320T004907.427361.Cam6_61_aug_1.csv,187.03,179.68,12.26
3,20130320T004907.427361.Cam6_61_aug_1.csv,175.1,156.45,12.26
4,20130320T004907.427361.Cam6_61_aug_1.csv,84.77000000000001,177.1,12.26
5,20130320T004907.427361.Cam6_61_aug_1.csv,69.94,155.48,12.26
6,20130320T004907.427361.Cam6_61_aug_1.csv,60.25999999999999,120.65,12.26
7,20130320T004907.427361.Cam6_61_aug_1.csv,78.65,91.94,12.26
