,name,c-x,c-y,radius
0,20130320T004352.373192.Cam6_51_aug_6.csv,81.00234985351562,83.64279174804688,20.33
1,20130320T004352.373192.Cam6_51_aug_6.csv,107.57234954833984,81.7627944946289,20.33
2,20130320T004352.373192.Cam6_51_aug_6.csv,147.88235473632812,141.14279174804688,18.14
3,20130320T004352.373192.Cam6_51_aug_6.csv,181.63235473632812,178.95278930664062,14.7
