,name,c-x,c-y,radius
0,20130320T005929.916304.Cam6_22_aug_2.csv,201.37232971191406,37.59072494506836,22.59
1,20130320T005929.916304.Cam6_22_aug_2.csv,244.43234252929688,132.03073120117188,22.59
2,20130320T005929.916304.Cam6_22_aug_2.csv,223.32232666015625,168.7007293701172,21.75
