,name,c-x,c-y,radius
0,20130320T005548.959378.Cam6_62_aug_5.csv,172.1781005859375,104.12016296386719,16.48
