,name,c-x,c-y,radius
0,20130320T004710.853432.Cam6_73_aug_4.csv,65.73384857177734,69.56781005859375,16.16
1,20130320T004710.853432.Cam6_73_aug_4.csv,40.563846588134766,57.15781021118164,13.06
2,20130320T004710.853432.Cam6_73_aug_4.csv,72.62384796142578,43.01780700683594,13.06
