,name,c-x,c-y,radius
0,20130320T012820.428000_21_aug_2.csv,188.0113525390625,101.51834106445312,17.87
1,20130320T012820.428000_21_aug_2.csv,93.56135559082031,140.68833923339844,17.87
2,20130320T012820.428000_21_aug_2.csv,89.95135498046875,109.01834106445312,18.98
3,20130320T012820.428000_21_aug_2.csv,57.45135498046875,124.01834106445312,19.81
