,name,c-x,c-y,radius
0,20130320T005133.335115.Cam6_24_aug_7.csv,34.52,169.35,22.9
1,20130320T005133.335115.Cam6_24_aug_7.csv,0.97,143.87,22.9
2,20130320T005133.335115.Cam6_24_aug_7.csv,84.84,15.16,22.9
3,20130320T005133.335115.Cam6_24_aug_7.csv,13.23,43.23,20.64
4,20130320T005133.335115.Cam6_24_aug_7.csv,13.87,5.48,20.64
5,20130320T005133.335115.Cam6_24_aug_7.csv,170.32,3.23,21.61
