,name,c-x,c-y,radius
0,20130320T005736.961617.Cam6_12_aug_6.csv,286.33,36.67,21.75
1,20130320T005736.961617.Cam6_12_aug_6.csv,200.78,73.61,20.37
