,name,c-x,c-y,radius
0,20130320T005040.953043.Cam6_51_aug_0.csv,290.0,60.97,15.8
1,20130320T005040.953043.Cam6_51_aug_0.csv,141.61,117.42,13.87
2,20130320T005040.953043.Cam6_51_aug_0.csv,170.0,112.9,14.84
3,20130320T005040.953043.Cam6_51_aug_0.csv,5.16,49.03,14.19
4,20130320T005040.953043.Cam6_51_aug_0.csv,180.0,76.13,14.19
5,20130320T005040.953043.Cam6_51_aug_0.csv,277.42,8.39,14.19
