,name,c-x,c-y,radius
0,20130320T004422.849954.Cam6_32_aug_6.csv,175.5,194.06,21.26
1,20130320T004422.849954.Cam6_32_aug_6.csv,178.63,173.44,24.7
2,20130320T004422.849954.Cam6_32_aug_6.csv,109.56,135.31,23.14
3,20130320T004422.849954.Cam6_32_aug_6.csv,104.88,83.12,18.14
