,name,c-x,c-y,radius
0,20130320T013217.956608_31_aug_6.csv,146.03570556640625,68.21869659423828,27.87
1,20130320T013217.956608_31_aug_6.csv,99.095703125,80.15869903564453,26.48
