,name,c-x,c-y,radius
0,20130320T012947.286881_21_aug_0.csv,241.22262573242188,59.2958869934082,19.81
1,20130320T012947.286881_21_aug_0.csv,189.84262084960938,103.17588806152344,19.81
