,name,c-x,c-y,radius
0,20130320T005904.201525.Cam6_12_aug_7.csv,200.28,180.28,30.37
1,20130320T005904.201525.Cam6_12_aug_7.csv,128.61,111.39,31.75
2,20130320T005904.201525.Cam6_12_aug_7.csv,151.67,75.28,50.09
3,20130320T005904.201525.Cam6_12_aug_7.csv,196.94,79.72,41.75
