,name,c-x,c-y,radius
0,20130320T013608.628043_23_aug_0.csv,44.53738021850586,70.49069213867188,18.42
1,20130320T013608.628043_23_aug_0.csv,98.14737701416016,42.15068817138672,18.7
2,20130320T013608.628043_23_aug_0.csv,225.08737182617188,84.38069152832031,15.09
