,name,c-x,c-y,radius
0,20130320T005236.955415.Cam6_23_aug_0.csv,48.71,181.29,20.0
1,20130320T005236.955415.Cam6_23_aug_0.csv,168.71,86.45,20.0
2,20130320T005236.955415.Cam6_23_aug_0.csv,217.74,45.81,17.74
