,name,c-x,c-y,radius
0,20130320T012914.905227_42_aug_7.csv,275.83,58.06,16.48
1,20130320T012914.905227_42_aug_7.csv,270.56,36.11,16.48
2,20130320T012914.905227_42_aug_7.csv,148.33,46.67,15.64
3,20130320T012914.905227_42_aug_7.csv,119.72,49.72,15.64
4,20130320T012914.905227_42_aug_7.csv,162.78,84.44,13.7
