,name,c-x,c-y,radius
0,20130320T013020.620953_31_aug_7.csv,9.17,155.28,17.59
1,20130320T013020.620953_31_aug_7.csv,34.17,111.11,16.48
2,20130320T013020.620953_31_aug_7.csv,56.94,46.94,16.48
3,20130320T013020.620953_31_aug_7.csv,10.28,90.28,16.48
4,20130320T013020.620953_31_aug_7.csv,163.61,127.78,17.03
5,20130320T013020.620953_31_aug_7.csv,154.44,72.78,17.03
6,20130320T013020.620953_31_aug_7.csv,169.17,30.28,17.03
7,20130320T013020.620953_31_aug_7.csv,240.56,3.89,17.03
8,20130320T013020.620953_31_aug_7.csv,176.39,81.67,17.03
