,name,c-x,c-y,radius
0,20130320T010012.964803.Cam6_22_aug_3.csv,87.5,1.39,19.25
1,20130320T010012.964803.Cam6_22_aug_3.csv,3.89,69.72,20.09
2,20130320T010012.964803.Cam6_22_aug_3.csv,176.39,110.83,22.59
