,name,c-x,c-y,radius
0,20130320T004901.903370.Cam6_33_aug_4.csv,112.58,70.97,22.26
1,20130320T004901.903370.Cam6_33_aug_4.csv,116.77,112.58,17.42
2,20130320T004901.903370.Cam6_33_aug_4.csv,27.74,52.9,22.26
