,name,c-x,c-y,radius
0,20130320T013048.812028_42_aug_4.csv,246.06,198.61,20.37
1,20130320T013048.812028_42_aug_4.csv,99.38999999999999,155.83,20.37
2,20130320T013048.812028_42_aug_4.csv,120.22,106.39,17.03
3,20130320T013048.812028_42_aug_4.csv,86.88999999999999,92.78,17.03
4,20130320T013048.812028_42_aug_4.csv,121.61000000000001,23.33,21.75
