,name,c-x,c-y,radius
0,20130320T005950.678728.Cam6_43_aug_2.csv,13.06,176.94,27.59
1,20130320T005950.678728.Cam6_43_aug_2.csv,48.61,138.89,23.14
2,20130320T005950.678728.Cam6_43_aug_2.csv,9.72,116.11,23.14
3,20130320T005950.678728.Cam6_43_aug_2.csv,94.44,132.78,23.14
4,20130320T005950.678728.Cam6_43_aug_2.csv,60.83,42.22,25.92
5,20130320T005950.678728.Cam6_43_aug_2.csv,216.94,91.94,21.48
6,20130320T005950.678728.Cam6_43_aug_2.csv,248.89,10.0,18.14
