,name,c-x,c-y,radius
0,20130320T013322.910417_14_aug_4.csv,183.81098175048828,142.46075439453125,15.64
1,20130320T013322.910417_14_aug_4.csv,213.5309829711914,131.9007568359375,15.64
2,20130320T013322.910417_14_aug_4.csv,241.59098052978516,119.96076202392578,17.03
