,name,c-x,c-y,radius
0,20130320T013024.240028_32_aug_0.csv,217.27857971191406,108.89328002929688,22.59
1,20130320T013024.240028_32_aug_0.csv,180.60858154296875,103.62327575683594,26.75
