,name,c-x,c-y,radius
0,20130320T005326.861190.Cam6_41_aug_1.csv,225.775390625,36.55418014526367,24.19
