,name,c-x,c-y,radius
0,20130320T004618.661981.Cam6_62_aug_2.csv,206.84425354003906,111.76981353759766,10.64
1,20130320T004618.661981.Cam6_62_aug_2.csv,218.9142608642578,126.93981170654297,10.64
2,20130320T004618.661981.Cam6_62_aug_2.csv,185.46424865722656,126.59981536865234,10.64
3,20130320T004618.661981.Cam6_62_aug_2.csv,195.46424865722656,123.83981323242188,10.64
4,20130320T004618.661981.Cam6_62_aug_2.csv,193.39425659179688,154.52980041503906,10.64
5,20130320T004618.661981.Cam6_62_aug_2.csv,188.22425842285156,152.11981201171875,10.64
