,name,c-x,c-y,radius
0,20130320T013109.193320_51_aug_5.csv,235.5674285888672,144.0428466796875,13.7
1,20130320T013109.193320_51_aug_5.csv,291.1274108886719,112.09284973144531,14.53
2,20130320T013109.193320_51_aug_5.csv,281.9574279785156,82.9228515625,15.64
