,name,c-x,c-y,radius
0,20130320T013310.910175_21_aug_5.csv,136.33,184.72,13.98
1,20130320T013310.910175_21_aug_5.csv,116.33000000000001,127.22,14.53
2,20130320T013310.910175_21_aug_5.csv,115.5,90.28,14.81
3,20130320T013310.910175_21_aug_5.csv,132.17,78.61,14.81
4,20130320T013310.910175_21_aug_5.csv,141.89,101.39,13.98
5,20130320T013310.910175_21_aug_5.csv,115.5,55.28,14.53
6,20130320T013310.910175_21_aug_5.csv,138.56,35.83,14.53
7,20130320T013310.910175_21_aug_5.csv,116.33000000000001,26.94,14.53
