,name,c-x,c-y,radius
0,20130320T004419.802268.Cam6_53_aug_1.csv,256.4858093261719,130.5405731201172,17.51
