,name,c-x,c-y,radius
0,20130320T004421.516678.Cam6_41_aug_5.csv,233.63,95.31,16.58
1,20130320T004421.516678.Cam6_41_aug_5.csv,189.88,25.0,15.33
2,20130320T004421.516678.Cam6_41_aug_5.csv,128.63,112.19,18.14
3,20130320T004421.516678.Cam6_41_aug_5.csv,78.31,116.87,20.95
4,20130320T004421.516678.Cam6_41_aug_5.csv,73.63,160.94,24.7
5,20130320T004421.516678.Cam6_41_aug_5.csv,29.25,168.44,24.7
