,name,c-x,c-y,radius
0,20130320T005037.333969.Cam6_53_aug_1.csv,202.4481201171875,132.3148956298828,16.45
1,20130320T005037.333969.Cam6_53_aug_1.csv,230.51812744140625,126.50489807128906,16.45
2,20130320T005037.333969.Cam6_53_aug_1.csv,259.2281188964844,98.76490020751953,16.45
3,20130320T005037.333969.Cam6_53_aug_1.csv,264.068115234375,114.24490356445312,16.45
4,20130320T005037.333969.Cam6_53_aug_1.csv,271.1581115722656,76.50489807128906,15.48
5,20130320T005037.333969.Cam6_53_aug_1.csv,214.068115234375,102.95490264892578,15.48
6,20130320T005037.333969.Cam6_53_aug_1.csv,184.38812255859375,136.50489807128906,15.48
