,name,c-x,c-y,radius
0,20130320T004405.706847.Cam6_53_aug_3.csv,228.1422119140625,130.55987548828125,16.58
1,20130320T004405.706847.Cam6_53_aug_3.csv,212.82220458984375,142.4298858642578,13.14
2,20130320T004405.706847.Cam6_53_aug_3.csv,205.01220703125,109.92988586425781,13.14
3,20130320T004405.706847.Cam6_53_aug_3.csv,180.6422119140625,138.9998779296875,13.14
4,20130320T004405.706847.Cam6_53_aug_3.csv,191.57220458984375,146.17987060546875,13.14
5,20130320T004405.706847.Cam6_53_aug_3.csv,181.57220458984375,151.80987548828125,11.26
