,name,c-x,c-y,radius
0,20130320T013444.816839_43_aug_3.csv,129.93075561523438,97.70741271972656,23.42
1,20130320T013444.816839_43_aug_3.csv,192.98075103759766,36.877410888671875,21.48
2,20130320T013444.816839_43_aug_3.csv,153.8207550048828,40.48741149902344,21.48
3,20130320T013444.816839_43_aug_3.csv,62.71075439453125,29.927410125732422,17.59
