,name,c-x,c-y,radius
0,20130320T013336.243945_43_aug_4.csv,140.76939392089844,106.7387924194336,25.64
1,20130320T013336.243945_43_aug_4.csv,190.76939392089844,128.3988037109375,29.53
