,name,c-x,c-y,radius
0,20130320T005447.053341.Cam6_24_aug_5.csv,65.78,103.89,20.37
1,20130320T005447.053341.Cam6_24_aug_5.csv,23.560000000000002,86.11,19.81
