,name,c-x,c-y,radius
0,20130320T004713.901122.Cam6_22_aug_4.csv,15.689999999999998,49.62,30.65
1,20130320T004713.901122.Cam6_22_aug_4.csv,9.149999999999977,96.15,29.88
