,name,c-x,c-y,radius
0,20130320T004904.951059.Cam6_54_aug_7.csv,37.74,23.87,17.74
1,20130320T004904.951059.Cam6_54_aug_7.csv,123.55,42.26,18.71
2,20130320T004904.951059.Cam6_54_aug_7.csv,140.0,140.32,20.0
3,20130320T004904.951059.Cam6_54_aug_7.csv,134.52,199.03,20.0
