,name,c-x,c-y,radius
0,20130320T004616.376184.Cam6_52_aug_0.csv,172.63267517089844,39.99822998046875,12.19
1,20130320T004616.376184.Cam6_52_aug_0.csv,196.8626708984375,39.22822952270508,12.19
2,20130320T004616.376184.Cam6_52_aug_0.csv,164.17266845703125,44.99822998046875,13.34
