,name,c-x,c-y,radius
0,20130320T005445.910443.Cam6_61_aug_1.csv,124.72,180.0,15.92
1,20130320T005445.910443.Cam6_61_aug_1.csv,37.78,81.67,17.03
2,20130320T005445.910443.Cam6_61_aug_1.csv,9.44,72.5,17.03
3,20130320T005445.910443.Cam6_61_aug_1.csv,35.28,58.33,17.03
4,20130320T005445.910443.Cam6_61_aug_1.csv,140.56,63.33,14.25
5,20130320T005445.910443.Cam6_61_aug_1.csv,262.22,36.39,14.81
