,name,c-x,c-y,radius
0,20130320T004927.999164.Cam6_31_aug_2.csv,37.155242919921875,122.66432189941406,22.58
1,20130320T004927.999164.Cam6_31_aug_2.csv,77.80525207519531,133.6343231201172,20.64
2,20130320T004927.999164.Cam6_31_aug_2.csv,66.51524353027344,43.954315185546875,19.67
