,name,c-x,c-y,radius
0,20130320T004433.707425.Cam6_54_aug_7.csv,95.62,25.0,18.76
1,20130320T004433.707425.Cam6_54_aug_7.csv,127.5,47.19,17.83
2,20130320T004433.707425.Cam6_54_aug_7.csv,92.81,53.44,16.58
3,20130320T004433.707425.Cam6_54_aug_7.csv,119.37,35.62,16.26
4,20130320T004433.707425.Cam6_54_aug_7.csv,69.06,79.06,10.64
