,name,c-x,c-y,radius
0,20130320T004551.613799.Cam6_44_aug_2.csv,132.62,115.0,14.11
1,20130320T004551.613799.Cam6_44_aug_2.csv,165.31,139.23,13.34
2,20130320T004551.613799.Cam6_44_aug_2.csv,176.46,193.85,14.11
