,name,c-x,c-y,radius
0,20130320T004440.374187.Cam6_62_aug_4.csv,213.2982940673828,154.22288513183594,20.33
