,name,c-x,c-y,radius
0,20130320T004528.565680.Cam6_54_aug_4.csv,228.8067169189453,101.16657257080078,8.8
1,20130320T004528.565680.Cam6_54_aug_4.csv,237.7267303466797,87.37657165527344,8.8
2,20130320T004528.565680.Cam6_54_aug_4.csv,247.99671936035156,66.8365707397461,8.8
3,20130320T004528.565680.Cam6_54_aug_4.csv,223.66671752929688,145.21656799316406,10.69
