,name,c-x,c-y,radius
0,20130320T004616.376184.Cam6_52_aug_3.csv,149.56436157226562,31.54378890991211,12.19
1,20130320T004616.376184.Cam6_52_aug_3.csv,125.33435821533203,30.773788452148438,12.19
2,20130320T004616.376184.Cam6_52_aug_3.csv,158.0243682861328,36.54378890991211,13.34
