,name,c-x,c-y,radius
0,20130320T005834.296166.Cam6_62_aug_0.csv,147.8534393310547,121.54022216796875,30.92
