,name,c-x,c-y,radius
0,20130320T005414.671812.Cam6_42_aug_7.csv,252.58,169.35,22.58
1,20130320T005414.671812.Cam6_42_aug_7.csv,211.61,83.23,26.13
2,20130320T005414.671812.Cam6_42_aug_7.csv,184.19,6.77,18.38
