,name,c-x,c-y,radius
0,20130320T004610.471314.Cam6_34_aug_0.csv,259.4283447265625,40.42401885986328,13.73
