,name,c-x,c-y,radius
0,20130320T005655.817889.Cam6_12_aug_2.csv,152.77334594726562,152.095947265625,21.48
1,20130320T005655.817889.Cam6_12_aug_2.csv,182.7733383178711,135.70594787597656,19.53
2,20130320T005655.817889.Cam6_12_aug_2.csv,140.54335021972656,131.25595092773438,19.53
3,20130320T005655.817889.Cam6_12_aug_2.csv,160.82334899902344,88.75594329833984,21.48
4,20130320T005655.817889.Cam6_12_aug_2.csv,143.8833465576172,82.3659439086914,20.09
5,20130320T005655.817889.Cam6_12_aug_2.csv,179.16334533691406,55.14594650268555,19.25
