,name,c-x,c-y,radius
0,20130320T005044.000731.Cam6_24_aug_2.csv,234.71791076660156,120.37297821044922,19.35
1,20130320T005044.000731.Cam6_24_aug_2.csv,265.6879119873047,102.63297271728516,18.38
2,20130320T005044.000731.Cam6_24_aug_2.csv,145.0379180908203,133.92298889160156,16.77
3,20130320T005044.000731.Cam6_24_aug_2.csv,118.91790771484375,157.79298400878906,18.38
