,name,c-x,c-y,radius
0,20130320T012823.285182_62_aug_5.csv,24.60531234741211,103.96710968017578,17.87
1,20130320T012823.285182_62_aug_5.csv,145.9953155517578,121.1871109008789,22.31
2,20130320T012823.285182_62_aug_5.csv,67.38531494140625,49.51710891723633,22.31
