,name,c-x,c-y,radius
0,20130320T010000.964560.Cam6_42_aug_1.csv,265.15998458862305,81.47161102294922,20.64
1,20130320T010000.964560.Cam6_42_aug_1.csv,219.3199920654297,135.91162109375,22.31
2,20130320T010000.964560.Cam6_42_aug_1.csv,177.92999267578125,123.41161346435547,22.31
3,20130320T010000.964560.Cam6_42_aug_1.csv,96.81999206542969,147.0316162109375,20.09
4,20130320T010000.964560.Cam6_42_aug_1.csv,65.989990234375,134.25161743164062,23.98
