,name,c-x,c-y,radius
0,20130320T012946.143980_44_aug_5.csv,211.32867431640625,164.172607421875,24.25
1,20130320T012946.143980_44_aug_5.csv,196.04867553710938,98.89261627197266,23.42
2,20130320T012946.143980_44_aug_5.csv,177.98867797851562,81.11261749267578,24.53
3,20130320T012946.143980_44_aug_5.csv,105.4886703491211,157.5026092529297,21.75
