,name,c-x,c-y,radius
0,20130320T005948.202429.Cam6_43_aug_3.csv,136.00009155273438,108.98674774169922,28.98
1,20130320T005948.202429.Cam6_43_aug_3.csv,81.00009155273438,135.3767547607422,29.53
2,20130320T005948.202429.Cam6_43_aug_3.csv,28.230091094970703,157.8767547607422,26.2
