,name,c-x,c-y,radius
0,20130320T012835.475922_43_aug_1.csv,51.080894470214844,147.50543212890625,13.42
1,20130320T012835.475922_43_aug_1.csv,134.9709014892578,105.28543090820312,14.81
