,name,c-x,c-y,radius
0,20130320T004420.945168.Cam6_44_aug_0.csv,212.91699981689453,138.59156799316406,10.95
1,20130320T004420.945168.Cam6_44_aug_0.csv,230.41699981689453,136.09156799316406,10.95
2,20130320T004420.945168.Cam6_44_aug_0.csv,221.35700225830078,156.4015655517578,10.95
