,name,c-x,c-y,radius
0,20130320T004859.236691.Cam6_43_aug_3.csv,284.45,156.13,39.35
1,20130320T004859.236691.Cam6_43_aug_3.csv,66.06,182.58,26.45
2,20130320T004859.236691.Cam6_43_aug_3.csv,190.57999999999998,97.42,20.32
3,20130320T004859.236691.Cam6_43_aug_3.csv,152.19,99.68,20.32
4,20130320T004859.236691.Cam6_43_aug_3.csv,113.47999999999999,75.48,21.93
5,20130320T004859.236691.Cam6_43_aug_3.csv,72.19,62.26,22.58
6,20130320T004859.236691.Cam6_43_aug_3.csv,6.060000000000002,76.77,22.58
