,name,c-x,c-y,radius
0,20130320T005229.526758.Cam6_63_aug_0.csv,80.96527099609375,77.08549499511719,21.93
