,name,c-x,c-y,radius
0,20130320T005239.812601.Cam6_34_aug_2.csv,152.708251953125,133.4816436767578,22.26
1,20130320T005239.812601.Cam6_34_aug_2.csv,170.4482421875,166.3916473388672,20.32
2,20130320T005239.812601.Cam6_34_aug_2.csv,11.418243408203125,125.10165405273438,19.03
