,name,c-x,c-y,radius
0,20130320T005929.916304.Cam6_22_aug_3.csv,89.61810302734375,32.259979248046875,22.59
1,20130320T005929.916304.Cam6_22_aug_3.csv,46.55810546875,126.69998168945312,22.59
2,20130320T005929.916304.Cam6_22_aug_3.csv,67.66809844970703,163.36997985839844,21.75
