,name,c-x,c-y,radius
0,20130320T005131.239822.Cam6_11_aug_3.csv,130.11668395996094,103.8507308959961,23.22
1,20130320T005131.239822.Cam6_11_aug_3.csv,78.8266830444336,71.2707290649414,21.93
2,20130320T005131.239822.Cam6_11_aug_3.csv,57.206687927246094,93.8507308959961,22.9
3,20130320T005131.239822.Cam6_11_aug_3.csv,96.2466812133789,58.3707275390625,21.61
