,name,c-x,c-y,radius
0,20130320T005944.964239.Cam6_42_aug_7.csv,44.17,112.5,24.25
1,20130320T005944.964239.Cam6_42_aug_7.csv,90.56,115.28,23.14
2,20130320T005944.964239.Cam6_42_aug_7.csv,163.61,77.78,22.03
