,name,c-x,c-y,radius
0,20130320T013607.485145_32_aug_1.csv,172.22650146484375,113.63616943359375,21.48
