,name,c-x,c-y,radius
0,20130320T013220.623413_23_aug_2.csv,60.22,108.89,23.42
1,20130320T013220.623413_23_aug_2.csv,67.16999999999999,9.44,21.2
2,20130320T013220.623413_23_aug_2.csv,30.779999999999973,12.78,24.53
