,name,c-x,c-y,radius
0,20130320T013025.382928_32_aug_2.csv,195.5,33.61,21.48
1,20130320T013025.382928_32_aug_2.csv,32.44,135.28,20.64
2,20130320T013025.382928_32_aug_2.csv,45.77999999999997,83.33,22.87
3,20130320T013025.382928_32_aug_2.csv,53.28,34.72,21.75
4,20130320T013025.382928_32_aug_2.csv,18.560000000000002,45.56,18.98
