,name,c-x,c-y,radius
0,20130320T005947.059535.Cam6_23_aug_4.csv,173.28,189.17,18.42
1,20130320T005947.059535.Cam6_23_aug_4.csv,211.06,139.72,18.42
2,20130320T005947.059535.Cam6_23_aug_4.csv,221.32999999999998,84.17,24.25
3,20130320T005947.059535.Cam6_23_aug_4.csv,181.61,63.33,24.25
4,20130320T005947.059535.Cam6_23_aug_4.csv,217.17000000000002,37.5,24.25
