,name,c-x,c-y,radius
0,20130320T013312.052947_23_aug_1.csv,63.50141906738281,175.47927856445312,14.53
1,20130320T013312.052947_23_aug_1.csv,90.17141723632812,136.86927795410156,14.53
2,20130320T013312.052947_23_aug_1.csv,56.8314208984375,131.5892791748047,14.53
3,20130320T013312.052947_23_aug_1.csv,79.61141967773438,112.97927856445312,15.09
4,20130320T013312.052947_23_aug_1.csv,61.00141906738281,96.03927612304688,14.81
5,20130320T013312.052947_23_aug_1.csv,58.78143310546875,67.42927551269531,15.92
6,20130320T013312.052947_23_aug_1.csv,90.17141723632812,58.259273529052734,15.92
