,name,c-x,c-y,radius
0,20130320T005641.531967.Cam6_13_aug_0.csv,152.3722381591797,115.31409454345703,20.92
