,name,c-x,c-y,radius
0,20130320T005454.863128.Cam6_22_aug_2.csv,127.39517974853516,177.550048828125,21.75
1,20130320T005454.863128.Cam6_22_aug_2.csv,136.28518676757812,123.10005187988281,19.53
2,20130320T005454.863128.Cam6_22_aug_2.csv,171.28518676757812,118.66004943847656,20.64
