,name,c-x,c-y,radius
0,20130320T005908.963493.Cam6_31_aug_7.csv,203.61,85.28,27.03
1,20130320T005908.963493.Cam6_31_aug_7.csv,218.61,7.22,28.7
2,20130320T005908.963493.Cam6_31_aug_7.csv,270.83,18.89,28.7
