,name,c-x,c-y,radius
0,20130320T005817.914830.Cam6_41_aug_6.csv,98.56,143.61,20.37
1,20130320T005817.914830.Cam6_41_aug_6.csv,12.170000000000016,137.78,19.53
