,name,c-x,c-y,radius
0,20130320T004403.421053.Cam6_32_aug_6.csv,143.98240661621094,175.87063598632812,24.39
