,name,c-x,c-y,radius
0,20130320T005048.572326.Cam6_62_aug_3.csv,244.45,36.13,18.38
1,20130320T005048.572326.Cam6_62_aug_3.csv,217.03,22.26,16.45
2,20130320T005048.572326.Cam6_62_aug_3.csv,269.61,15.48,16.45
3,20130320T005048.572326.Cam6_62_aug_3.csv,252.84,166.45,15.16
4,20130320T005048.572326.Cam6_62_aug_3.csv,277.35,153.23,15.16
