,name,c-x,c-y,radius
0,20130320T004524.184585.Cam6_43_aug_5.csv,291.0818042755127,89.37079620361328,19.08
1,20130320T004524.184585.Cam6_43_aug_5.csv,265.1418037414551,59.060794830322266,20.64
