,name,c-x,c-y,radius
0,20130320T005322.099219.Cam6_23_aug_5.csv,216.44908905029297,121.2635498046875,18.71
1,20130320T005322.099219.Cam6_23_aug_5.csv,226.7690887451172,160.9435577392578,21.29
