,name,c-x,c-y,radius
0,20130320T005105.715556.Cam6_33_aug_6.csv,135.1,192.58,16.45
1,20130320T005105.715556.Cam6_33_aug_6.csv,105.41999999999999,151.94,16.45
