,name,c-x,c-y,radius
0,20130320T005226.669574.Cam6_63_aug_5.csv,303.48,115.48,17.42
1,20130320T005226.669574.Cam6_63_aug_5.csv,277.03,110.97,17.42
2,20130320T005226.669574.Cam6_63_aug_5.csv,285.42,190.0,16.45
3,20130320T005226.669574.Cam6_63_aug_5.csv,277.68,56.13,16.45
4,20130320T005226.669574.Cam6_63_aug_5.csv,157.03,32.9,19.35
5,20130320T005226.669574.Cam6_63_aug_5.csv,11.550000000000011,61.29,19.35
