,name,c-x,c-y,radius
0,20130320T005420.576678.Cam6_43_aug_6.csv,96.17936706542969,145.8083038330078,19.35
1,20130320T005420.576678.Cam6_43_aug_6.csv,95.85935974121094,105.80830383300781,17.42
2,20130320T005420.576678.Cam6_43_aug_6.csv,189.39935302734375,103.22830200195312,20.64
