,name,c-x,c-y,radius
0,20130320T005546.673706.Cam6_72_aug_5.csv,211.08213806152344,137.5005645751953,16.48
1,20130320T005546.673706.Cam6_72_aug_5.csv,194.13214111328125,133.89056396484375,18.7
