,name,c-x,c-y,radius
0,20130320T005423.814872.Cam6_12_aug_2.csv,291.89,54.17,15.64
1,20130320T005423.814872.Cam6_12_aug_2.csv,288.56,47.78,15.64
2,20130320T005423.814872.Cam6_12_aug_2.csv,4.670000000000016,146.94,18.42
3,20130320T005423.814872.Cam6_12_aug_2.csv,31.060000000000002,120.0,16.75
