,name,c-x,c-y,radius
0,20130320T012904.809896_22_aug_0.csv,284.39,42.5,14.81
1,20130320T012904.809896_22_aug_0.csv,254.11,60.0,16.2
2,20130320T012904.809896_22_aug_0.csv,175.5,103.33,16.2
3,20130320T012904.809896_22_aug_0.csv,151.33,118.06,16.2
4,20130320T012904.809896_22_aug_0.csv,132.72,99.72,18.7
