,name,c-x,c-y,radius
0,20130320T004927.999164.Cam6_31_aug_3.csv,87.47367858886719,116.31178283691406,22.58
1,20130320T004927.999164.Cam6_31_aug_3.csv,128.12368774414062,127.28178405761719,20.64
2,20130320T004927.999164.Cam6_31_aug_3.csv,116.83367919921875,37.60177993774414,19.67
