,name,c-x,c-y,radius
0,20130320T012947.096377_41_aug_5.csv,169.26318359375,75.42282104492188,23.14
1,20130320T012947.096377_41_aug_5.csv,159.53318786621094,43.75282287597656,23.14
2,20130320T012947.096377_41_aug_5.csv,125.37318420410156,51.53282165527344,22.31
3,20130320T012947.096377_41_aug_5.csv,129.53318786621094,75.42282104492188,22.31
4,20130320T012947.096377_41_aug_5.csv,76.20318603515625,41.81282043457031,22.87
