,name,c-x,c-y,radius
0,20130320T005825.153103.Cam6_13_aug_0.csv,291.3584327697754,49.098960876464844,25.64
1,20130320T005825.153103.Cam6_13_aug_0.csv,288.29843521118164,158.2589569091797,25.64
2,20130320T005825.153103.Cam6_13_aug_0.csv,266.3584327697754,141.5989532470703,23.14
3,20130320T005825.153103.Cam6_13_aug_0.csv,179.9684295654297,133.53895568847656,18.42
4,20130320T005825.153103.Cam6_13_aug_0.csv,161.35842895507812,168.53895568847656,26.48
