,name,c-x,c-y,radius
0,20130320T004613.518999.Cam6_62_aug_0.csv,180.18409729003906,54.167415618896484,12.19
1,20130320T004613.518999.Cam6_62_aug_0.csv,153.64410400390625,45.31741714477539,11.8
2,20130320T004613.518999.Cam6_62_aug_0.csv,188.64410400390625,18.777416229248047,10.65
3,20130320T004613.518999.Cam6_62_aug_0.csv,270.1841125488281,29.16741943359375,11.8
4,20130320T004613.518999.Cam6_62_aug_0.csv,276.72412109375,22.23741912841797,11.8
