,name,c-x,c-y,radius
0,20130320T004430.088222.Cam6_33_aug_3.csv,122.15719604492188,151.95114135742188,20.33
1,20130320T004430.088222.Cam6_33_aug_3.csv,94.34719848632812,135.70114135742188,19.08
