,name,c-x,c-y,radius
0,20130320T013627.866430_31_aug_2.csv,147.23240661621094,164.36920166015625,16.48
1,20130320T013627.866430_31_aug_2.csv,95.0024185180664,159.92919921875,13.42
2,20130320T013627.866430_31_aug_2.csv,85.56241607666016,89.92919921875,15.92
3,20130320T013627.866430_31_aug_2.csv,75.28241729736328,63.81919860839844,17.03
4,20130320T013627.866430_31_aug_2.csv,56.392417907714844,78.53919982910156,17.03
