,name,c-x,c-y,radius
0,20130320T013128.812851_32_aug_5.csv,56.94,127.22,13.98
1,20130320T013128.812851_32_aug_5.csv,33.89,141.94,13.98
2,20130320T013128.812851_32_aug_5.csv,61.39,108.89,13.98
3,20130320T013128.812851_32_aug_5.csv,24.44,10.28,13.98
4,20130320T013128.812851_32_aug_5.csv,217.22,51.94,17.59
5,20130320T013128.812851_32_aug_5.csv,261.11,73.89,15.64
