,name,c-x,c-y,radius
0,20130320T004743.616122.Cam6_34_aug_0.csv,224.37078857421875,60.484764099121094,17.96
1,20130320T004743.616122.Cam6_34_aug_0.csv,145.91079711914062,61.25476837158203,17.96
2,20130320T004743.616122.Cam6_34_aug_0.csv,162.83079528808594,58.56476593017578,17.96
3,20130320T004743.616122.Cam6_34_aug_0.csv,65.9107894897461,112.02476501464844,17.96
4,20130320T004743.616122.Cam6_34_aug_0.csv,75.14079284667969,130.0947723388672,17.96
