,name,c-x,c-y,radius
0,20130320T004916.760931.Cam6_21_aug_6.csv,33.160000000000025,18.06,16.13
1,20130320T004916.760931.Cam6_21_aug_6.csv,5.420000000000016,121.61,14.19
