,name,c-x,c-y,radius
0,20130320T005027.238508.Cam6_53_aug_4.csv,56.0208740234375,90.11520385742188,23.55
1,20130320T005027.238508.Cam6_53_aug_4.csv,243.76087188720703,123.01520538330078,21.29
