,name,c-x,c-y,radius
0,20130320T013333.386760_33_aug_0.csv,103.89898681640625,84.36618041992188,22.31
1,20130320T013333.386760_33_aug_0.csv,85.28898620605469,125.47618103027344,25.64
2,20130320T013333.386760_33_aug_0.csv,38.61898422241211,49.086181640625,25.64
