,name,c-x,c-y,radius
0,20130320T005817.914830.Cam6_41_aug_4.csv,209.44,143.61,20.37
1,20130320T005817.914830.Cam6_41_aug_4.csv,295.83,137.78,19.53
