,name,c-x,c-y,radius
0,20130320T013339.291634_53_aug_2.csv,114.95501708984375,50.9329833984375,27.87
