,name,c-x,c-y,radius
0,20130320T013320.624619_42_aug_2.csv,294.11,115.83,17.03
1,20130320T013320.624619_42_aug_2.csv,264.67,121.94,17.03
2,20130320T013320.624619_42_aug_2.csv,241.61,148.06,19.53
3,20130320T013320.624619_42_aug_2.csv,229.11,112.78,19.81
4,20130320T013320.624619_42_aug_2.csv,149.94,124.44,17.03
5,20130320T013320.624619_42_aug_2.csv,109.38999999999999,102.22,17.03
6,20130320T013320.624619_42_aug_2.csv,94.38999999999999,129.17,16.2
7,20130320T013320.624619_42_aug_2.csv,76.61000000000001,116.94,20.92
8,20130320T013320.624619_42_aug_2.csv,14.389999999999986,57.5,20.92
