,name,c-x,c-y,radius
0,20130320T004352.754200.Cam6_23_aug_1.csv,145.89752197265625,81.87188720703125,29.39
1,20130320T004352.754200.Cam6_23_aug_1.csv,97.76751708984375,53.75189208984375,28.45
2,20130320T004352.754200.Cam6_23_aug_1.csv,149.95751953125,122.18189239501953,25.33
3,20130320T004352.754200.Cam6_23_aug_1.csv,98.39752197265625,108.43189239501953,26.58
4,20130320T004352.754200.Cam6_23_aug_1.csv,102.14752197265625,133.12188720703125,22.2
5,20130320T004352.754200.Cam6_23_aug_1.csv,67.76751708984375,129.37188720703125,20.95
