,name,c-x,c-y,radius
0,20130320T004430.088222.Cam6_33_aug_4.csv,79.65730285644531,132.97442626953125,20.33
1,20130320T004430.088222.Cam6_33_aug_4.csv,51.8472900390625,116.72443389892578,19.08
