,name,c-x,c-y,radius
0,20130320T005228.764869.Cam6_73_aug_0.csv,91.57290649414062,25.993383407592773,14.19
