,name,c-x,c-y,radius
0,20130320T012858.905027_21_aug_6.csv,69.34010314941406,115.53742980957031,14.81
1,20130320T012858.905027_21_aug_6.csv,146.01010131835938,123.31742858886719,14.81
2,20130320T012858.905027_21_aug_6.csv,171.84010314941406,125.53742980957031,14.81
3,20130320T012858.905027_21_aug_6.csv,136.84010314941406,152.20742797851562,14.81
4,20130320T012858.905027_21_aug_6.csv,171.84010314941406,155.8174285888672,14.81
