,name,c-x,c-y,radius
0,20130320T013312.433956_22_aug_3.csv,152.11708068847656,157.9913787841797,15.37
1,20130320T013312.433956_22_aug_3.csv,125.16708374023438,146.3313751220703,15.92
2,20130320T013312.433956_22_aug_3.csv,149.61708068847656,134.661376953125,15.92
3,20130320T013312.433956_22_aug_3.csv,169.0570831298828,109.38138580322266,16.48
4,20130320T013312.433956_22_aug_3.csv,139.89707946777344,101.33138275146484,16.48
5,20130320T013312.433956_22_aug_3.csv,109.05708312988281,90.7713851928711,16.48
6,20130320T013312.433956_22_aug_3.csv,186.83708953857422,70.22138214111328,15.92
