,name,c-x,c-y,radius
0,20130320T013324.243694_43_aug_1.csv,121.2078857421875,67.97820281982422,17.31
