,name,c-x,c-y,radius
0,20130320T005442.862882.Cam6_31_aug_0.csv,75.31707000732422,149.6072235107422,16.75
1,20130320T005442.862882.Cam6_31_aug_0.csv,193.64707946777344,71.5572280883789,16.75
2,20130320T005442.862882.Cam6_31_aug_0.csv,215.03707885742188,68.77722930908203,15.09
