,name,c-x,c-y,radius
0,20130320T013350.720495_24_aug_6.csv,288.56,180.56,21.2
1,20130320T013350.720495_24_aug_6.csv,252.44,165.56,22.03
2,20130320T013350.720495_24_aug_6.csv,181.32999999999998,120.0,25.64
3,20130320T013350.720495_24_aug_6.csv,146.06,146.39,21.75
4,20130320T013350.720495_24_aug_6.csv,145.22,99.72,21.75
5,20130320T013350.720495_24_aug_6.csv,142.17,57.22,21.75
6,20130320T013350.720495_24_aug_6.csv,166.33,62.78,24.25
7,20130320T013350.720495_24_aug_6.csv,198.0,32.78,23.42
8,20130320T013350.720495_24_aug_6.csv,241.61,64.72,23.42
