,name,c-x,c-y,radius
0,20130320T004451.993418.Cam6_41_aug_5.csv,154.83309936523438,96.0395736694336,21.26
1,20130320T004451.993418.Cam6_41_aug_5.csv,112.6430892944336,108.85957336425781,21.26
2,20130320T004451.993418.Cam6_41_aug_5.csv,82.6430892944336,93.5395736694336,21.26
