,name,c-x,c-y,radius
0,20130320T004352.373192.Cam6_51_aug_1.csv,61.08073806762695,62.47667694091797,20.33
1,20130320T004352.373192.Cam6_51_aug_1.csv,87.6507339477539,60.5966796875,20.33
2,20130320T004352.373192.Cam6_51_aug_1.csv,127.96073913574219,119.97667694091797,18.14
3,20130320T004352.373192.Cam6_51_aug_1.csv,161.7107391357422,157.7866668701172,14.7
