,name,c-x,c-y,radius
0,20130320T004432.755029.Cam6_44_aug_0.csv,88.39924621582031,127.93631744384766,8.45
1,20130320T004432.755029.Cam6_44_aug_0.csv,190.8992462158203,145.75631713867188,7.51
2,20130320T004432.755029.Cam6_44_aug_0.csv,180.8992462158203,153.25631713867188,8.45
3,20130320T004432.755029.Cam6_44_aug_0.csv,114.33924865722656,31.066320419311523,10.01
