,name,c-x,c-y,radius
0,20130320T005257.146330.Cam6_54_aug_4.csv,300.58,165.81,17.09
1,20130320T005257.146330.Cam6_54_aug_4.csv,246.06,188.71,15.16
2,20130320T005257.146330.Cam6_54_aug_4.csv,234.45,150.97,15.16
3,20130320T005257.146330.Cam6_54_aug_4.csv,200.57999999999998,158.06,14.51
4,20130320T005257.146330.Cam6_54_aug_4.csv,111.87,134.19,15.16
5,20130320T005257.146330.Cam6_54_aug_4.csv,145.42,187.42,11.61
6,20130320T005257.146330.Cam6_54_aug_4.csv,194.13,4.84,14.84
