,name,c-x,c-y,radius
0,20130320T005037.333969.Cam6_53_aug_3.csv,106.54544830322266,127.656982421875,16.45
1,20130320T005037.333969.Cam6_53_aug_3.csv,78.47544860839844,121.84698486328125,16.45
2,20130320T005037.333969.Cam6_53_aug_3.csv,49.76544952392578,94.10698699951172,16.45
3,20130320T005037.333969.Cam6_53_aug_3.csv,44.925445556640625,109.58699035644531,16.45
4,20130320T005037.333969.Cam6_53_aug_3.csv,37.835445404052734,71.84698486328125,15.48
5,20130320T005037.333969.Cam6_53_aug_3.csv,94.92544555664062,98.29698944091797,15.48
6,20130320T005037.333969.Cam6_53_aug_3.csv,124.6054458618164,131.84698486328125,15.48
