,name,c-x,c-y,radius
0,20130320T005022.667038.Cam6_13_aug_7.csv,182.26,169.03,21.61
1,20130320T005022.667038.Cam6_13_aug_7.csv,191.94,148.71,20.0
2,20130320T005022.667038.Cam6_13_aug_7.csv,219.35,181.94,20.0
3,20130320T005022.667038.Cam6_13_aug_7.csv,253.87,7.42,20.96
4,20130320T005022.667038.Cam6_13_aug_7.csv,281.29,12.58,20.96
5,20130320T005022.667038.Cam6_13_aug_7.csv,260.65,17.74,20.96
6,20130320T005022.667038.Cam6_13_aug_7.csv,219.03,13.87,20.96
