,name,c-x,c-y,radius
0,20130320T004440.374187.Cam6_62_aug_5.csv,250.99900817871094,162.68885803222656,20.33
