,name,c-x,c-y,radius
0,20130320T013336.243945_43_aug_5.csv,162.83111572265625,98.36237335205078,25.64
1,20130320T013336.243945_43_aug_5.csv,112.83111572265625,120.02237701416016,29.53
