,name,c-x,c-y,radius
0,20130320T013318.910209_33_aug_2.csv,264.44,175.56,16.48
1,20130320T013318.910209_33_aug_2.csv,295.83,168.06,16.48
2,20130320T013318.910209_33_aug_2.csv,281.94,199.44,13.14
