,name,c-x,c-y,radius
0,20130320T005026.476618.Cam6_12_aug_5.csv,222.51999999999998,122.9,19.03
1,20130320T005026.476618.Cam6_12_aug_5.csv,161.55,103.87,18.06
2,20130320T005026.476618.Cam6_12_aug_5.csv,54.129999999999995,96.45,26.13
3,20130320T005026.476618.Cam6_12_aug_5.csv,3.160000000000025,95.81,26.13
4,20130320T005026.476618.Cam6_12_aug_5.csv,23.160000000000025,130.32,23.22
5,20130320T005026.476618.Cam6_12_aug_5.csv,1.5500000000000114,149.35,23.22
6,20130320T005026.476618.Cam6_12_aug_5.csv,29.29000000000002,25.81,23.22
