,name,c-x,c-y,radius
0,20130320T005044.000731.Cam6_24_aug_6.csv,217.95751190185547,111.27625274658203,19.35
1,20130320T005044.000731.Cam6_24_aug_6.csv,248.9275131225586,93.53624725341797,18.38
2,20130320T005044.000731.Cam6_24_aug_6.csv,128.2775115966797,124.82625579833984,16.77
3,20130320T005044.000731.Cam6_24_aug_6.csv,102.15750122070312,148.69625854492188,18.38
