,name,c-x,c-y,radius
0,20130320T013523.674751_54_aug_3.csv,207.9844970703125,29.108898162841797,18.14
