,name,c-x,c-y,radius
0,20130320T004451.993418.Cam6_41_aug_4.csv,153.00274658203125,132.38824462890625,21.26
1,20130320T004451.993418.Cam6_41_aug_4.csv,110.812744140625,145.208251953125,21.26
2,20130320T004451.993418.Cam6_41_aug_4.csv,80.812744140625,129.88824462890625,21.26
