,name,c-x,c-y,radius
0,20130320T012908.047960_32_aug_5.csv,199.11,127.22,21.75
1,20130320T012908.047960_32_aug_5.csv,193.28,113.61,21.75
2,20130320T012908.047960_32_aug_5.csv,177.72,145.56,19.25
3,20130320T012908.047960_32_aug_5.csv,165.22,198.33,19.25
4,20130320T012908.047960_32_aug_5.csv,50.77999999999997,165.0,17.59
