,name,c-x,c-y,radius
0,20130320T005231.622053.Cam6_11_aug_3.csv,279.48699378967285,146.73025512695312,18.71
1,20130320T005231.622053.Cam6_11_aug_3.csv,263.356990814209,168.67025756835938,16.45
