,name,c-x,c-y,radius
0,20130320T004430.088222.Cam6_33_aug_0.csv,116.88117980957031,156.1163330078125,20.33
1,20130320T004430.088222.Cam6_33_aug_0.csv,89.07118225097656,139.8663330078125,19.08
