,name,c-x,c-y,radius
0,20130320T005549.340385.Cam6_13_aug_4.csv,281.06,191.67,18.7
1,20130320T005549.340385.Cam6_13_aug_4.csv,170.78,129.17,17.31
2,20130320T005549.340385.Cam6_13_aug_4.csv,221.61,77.78,20.09
3,20130320T005549.340385.Cam6_13_aug_4.csv,250.22,54.17,19.53
4,20130320T005549.340385.Cam6_13_aug_4.csv,201.06,59.17,19.25
5,20130320T005549.340385.Cam6_13_aug_4.csv,173.56,42.22,17.31
6,20130320T005549.340385.Cam6_13_aug_4.csv,137.72,23.61,18.98
7,20130320T005549.340385.Cam6_13_aug_4.csv,166.33,8.33,15.92
