,name,c-x,c-y,radius
0,20130320T004715.425029.Cam6_73_aug_7.csv,88.85,80.38,12.57
1,20130320T004715.425029.Cam6_73_aug_7.csv,142.31,62.31,11.8
