,name,c-x,c-y,radius
0,20130320T004617.709587.Cam6_31_aug_5.csv,78.69,154.83,17.2
1,20130320T004617.709587.Cam6_31_aug_5.csv,73.16999999999999,176.9,17.2
2,20130320T004617.709587.Cam6_31_aug_5.csv,41.79000000000002,173.1,18.58
3,20130320T004617.709587.Cam6_31_aug_5.csv,45.93000000000001,194.48,16.51
4,20130320T004617.709587.Cam6_31_aug_5.csv,58.34,143.45,15.82
