,name,c-x,c-y,radius
0,20130320T010001.916956.Cam6_44_aug_1.csv,211.10264587402344,107.64813232421875,18.42
1,20130320T010001.916956.Cam6_44_aug_1.csv,186.94264221191406,130.42813110351562,22.87
2,20130320T010001.916956.Cam6_44_aug_1.csv,151.10264587402344,112.92813110351562,21.75
3,20130320T010001.916956.Cam6_44_aug_1.csv,113.05264282226562,100.14813232421875,19.53
