,name,c-x,c-y,radius
0,20130320T004407.611637.Cam6_51_aug_6.csv,270.81,97.5,15.64
1,20130320T004407.611637.Cam6_51_aug_6.csv,297.38,81.87,15.64
