,name,c-x,c-y,radius
0,20130320T004419.802268.Cam6_53_aug_0.csv,230.62603759765625,126.53711700439453,17.51
