,name,c-x,c-y,radius
0,20130320T004430.659734.Cam6_42_aug_1.csv,231.93357849121094,81.9802474975586,19.08
1,20130320T004430.659734.Cam6_42_aug_1.csv,271.3135986328125,95.42024993896484,16.89
2,20130320T004430.659734.Cam6_42_aug_1.csv,254.43357849121094,66.04024505615234,17.2
3,20130320T004430.659734.Cam6_42_aug_1.csv,157.8735809326172,135.10023498535156,10.01
