,name,c-x,c-y,radius
0,20130320T004419.802268.Cam6_53_aug_5.csv,249.53135681152344,138.69813537597656,17.51
