,name,c-x,c-y,radius
0,20130320T005624.960126.Cam6_12_aug_4.csv,59.389999999999986,154.44,18.14
1,20130320T005624.960126.Cam6_12_aug_4.csv,71.33000000000001,91.11,20.37
2,20130320T005624.960126.Cam6_12_aug_4.csv,85.22,45.56,20.37
3,20130320T005624.960126.Cam6_12_aug_4.csv,55.22,29.44,21.75
