,name,c-x,c-y,radius
0,20130320T005424.195756.Cam6_44_aug_7.csv,60.83,160.0,22.31
1,20130320T005424.195756.Cam6_44_aug_7.csv,42.22,162.78,19.25
2,20130320T005424.195756.Cam6_44_aug_7.csv,18.89,145.28,22.59
3,20130320T005424.195756.Cam6_44_aug_7.csv,32.22,31.11,18.42
