,name,c-x,c-y,radius
0,20130320T005953.916792.Cam6_12_aug_2.csv,91.06,127.78,23.7
1,20130320T005953.916792.Cam6_12_aug_2.csv,58.56,125.83,19.81
2,20130320T005953.916792.Cam6_12_aug_2.csv,86.88999999999999,85.56,21.2
3,20130320T005953.916792.Cam6_12_aug_2.csv,105.78,85.56,19.53
4,20130320T005953.916792.Cam6_12_aug_2.csv,107.44,45.83,21.75
5,20130320T005953.916792.Cam6_12_aug_2.csv,63.0,37.78,23.98
6,20130320T005953.916792.Cam6_12_aug_2.csv,82.72,5.0,20.92
