,name,c-x,c-y,radius
0,20130320T005441.910362.Cam6_34_aug_3.csv,138.48182678222656,174.32611083984375,20.37
1,20130320T005441.910362.Cam6_34_aug_3.csv,226.81182098388672,87.6661148071289,17.31
