,name,c-x,c-y,radius
0,20130320T005807.819499.Cam6_62_aug_3.csv,212.39665985107422,141.4847412109375,15.92
