,name,c-x,c-y,radius
0,20130320T012820.428000_21_aug_0.csv,202.2220001220703,135.18678283691406,17.87
1,20130320T012820.428000_21_aug_0.csv,107.77200317382812,174.35678100585938,17.87
2,20130320T012820.428000_21_aug_0.csv,104.16200256347656,142.68678283691406,18.98
3,20130320T012820.428000_21_aug_0.csv,71.66200256347656,157.68678283691406,19.81
