,name,c-x,c-y,radius
0,20130320T012923.476901_31_aug_6.csv,222.44,109.44,14.53
1,20130320T012923.476901_31_aug_6.csv,181.61,97.5,14.53
2,20130320T012923.476901_31_aug_6.csv,179.11,66.67,13.98
3,20130320T012923.476901_31_aug_6.csv,188.56,5.0,13.42
4,20130320T012923.476901_31_aug_6.csv,137.44,175.56,12.59
5,20130320T012923.476901_31_aug_6.csv,229.11,171.11,13.14
6,20130320T012923.476901_31_aug_6.csv,203.82999999999998,182.78,13.14
