,name,c-x,c-y,radius
0,20130320T013339.291634_53_aug_1.csv,96.84649658203125,44.48921203613281,27.87
