,name,c-x,c-y,radius
0,20130320T005612.578997.Cam6_61_aug_1.csv,78.61692810058594,140.63584899902344,21.48
1,20130320T005612.578997.Cam6_61_aug_1.csv,61.11692810058594,130.90585327148438,20.37
2,20130320T005612.578997.Cam6_61_aug_1.csv,71.39692687988281,57.02585220336914,17.87
3,20130320T005612.578997.Cam6_61_aug_1.csv,98.89692687988281,52.025856018066406,17.87
4,20130320T005612.578997.Cam6_61_aug_1.csv,140.56692504882812,55.6358528137207,17.03
