,name,c-x,c-y,radius
0,20130320T005806.295592.Cam6_21_aug_3.csv,70.83,185.0,20.37
1,20130320T005806.295592.Cam6_21_aug_3.csv,40.83,185.56,20.37
2,20130320T005806.295592.Cam6_21_aug_3.csv,16.11,37.78,19.25
3,20130320T005806.295592.Cam6_21_aug_3.csv,103.33,28.33,21.75
4,20130320T005806.295592.Cam6_21_aug_3.csv,93.61,49.44,18.14
5,20130320T005806.295592.Cam6_21_aug_3.csv,144.72,45.0,18.14
6,20130320T005806.295592.Cam6_21_aug_3.csv,144.17,110.56,15.92
