,name,c-x,c-y,radius
0,20130320T012857.571624_33_aug_5.csv,104.07376098632812,135.31080627441406,17.31
1,20130320T012857.571624_33_aug_5.csv,110.19375610351562,101.42080688476562,18.98
2,20130320T012857.571624_33_aug_5.csv,198.52376556396484,53.0908088684082,16.2
