,name,c-x,c-y,radius
0,20130320T013221.766310_11_aug_0.csv,146.2437744140625,165.73915100097656,18.7
1,20130320T013221.766310_11_aug_0.csv,183.7437744140625,177.39915466308594,18.7
2,20130320T013221.766310_11_aug_0.csv,171.7937774658203,140.1791534423828,22.03
3,20130320T013221.766310_11_aug_0.csv,256.2437744140625,80.17915344238281,19.81
