,name,c-x,c-y,radius
0,20130320T005037.333969.Cam6_53_aug_6.csv,187.66014099121094,160.2804718017578,16.45
1,20130320T005037.333969.Cam6_53_aug_6.csv,215.7301483154297,154.47047424316406,16.45
2,20130320T005037.333969.Cam6_53_aug_6.csv,244.4401397705078,126.73047637939453,16.45
3,20130320T005037.333969.Cam6_53_aug_6.csv,249.28013610839844,142.21047973632812,16.45
4,20130320T005037.333969.Cam6_53_aug_6.csv,256.3701477050781,104.47047424316406,15.48
5,20130320T005037.333969.Cam6_53_aug_6.csv,199.28013610839844,130.92047119140625,15.48
6,20130320T005037.333969.Cam6_53_aug_6.csv,169.6001434326172,164.47047424316406,15.48
