,name,c-x,c-y,radius
0,20130320T013430.340287_53_aug_1.csv,54.11528396606445,125.46705627441406,29.53
1,20130320T013430.340287_53_aug_1.csv,108.28528594970703,135.1870574951172,29.53
