,name,c-x,c-y,radius
0,20130320T013608.628043_23_aug_1.csv,240.53695678710938,94.54560852050781,18.42
1,20130320T013608.628043_23_aug_1.csv,186.9269561767578,66.20561218261719,18.7
2,20130320T013608.628043_23_aug_1.csv,59.9869499206543,108.43560791015625,15.09
