,name,c-x,c-y,radius
0,20130320T005918.678069.Cam6_33_aug_0.csv,157.5,172.5,23.42
1,20130320T005918.678069.Cam6_33_aug_0.csv,121.39,153.89,25.37
2,20130320T005918.678069.Cam6_33_aug_0.csv,110.0,103.33,27.87
