,name,c-x,c-y,radius
0,20130320T004524.184585.Cam6_43_aug_1.csv,269.4695625305176,73.7840576171875,19.08
1,20130320T004524.184585.Cam6_43_aug_1.csv,243.5295639038086,43.47405242919922,20.64
