,name,c-x,c-y,radius
0,20130320T005737.914012.Cam6_52_aug_3.csv,153.68992614746094,122.66718292236328,23.98
1,20130320T005737.914012.Cam6_52_aug_3.csv,123.68992614746094,154.0571746826172,30.09
