,name,c-x,c-y,radius
0,20130320T004731.806377.Cam6_12_aug_6.csv,159.89414978027344,122.48528289794922,16.8
1,20130320T004731.806377.Cam6_12_aug_6.csv,192.20416259765625,133.2552947998047,16.8
2,20130320T004731.806377.Cam6_12_aug_6.csv,167.20416259765625,94.40528106689453,16.8
3,20130320T004731.806377.Cam6_12_aug_6.csv,205.28414916992188,99.79528045654297,16.8
4,20130320T004731.806377.Cam6_12_aug_6.csv,195.66415405273438,57.86528015136719,13.73
