,name,c-x,c-y,radius
0,20130320T005754.866735.Cam6_22_aug_0.csv,112.59539794921875,61.39863967895508,20.92
1,20130320T005754.866735.Cam6_22_aug_0.csv,68.14540100097656,31.678638458251953,20.92
2,20130320T005754.866735.Cam6_22_aug_0.csv,60.6453971862793,69.7286376953125,20.92
