,name,c-x,c-y,radius
0,20130320T005950.107217.Cam6_44_aug_6.csv,222.17000000000002,133.61,22.59
1,20130320T005950.107217.Cam6_44_aug_6.csv,201.89,135.56,21.75
2,20130320T005950.107217.Cam6_44_aug_6.csv,166.61,136.67,20.92
3,20130320T005950.107217.Cam6_44_aug_6.csv,125.5,72.78,31.2
4,20130320T005950.107217.Cam6_44_aug_6.csv,71.33000000000001,71.39,25.37
5,20130320T005950.107217.Cam6_44_aug_6.csv,45.77999999999997,46.67,22.87
6,20130320T005950.107217.Cam6_44_aug_6.csv,97.44,35.0,21.48
7,20130320T005950.107217.Cam6_44_aug_6.csv,118.83000000000001,5.0,21.48
8,20130320T005950.107217.Cam6_44_aug_6.csv,18.829999999999984,187.5,18.98
