,name,c-x,c-y,radius
0,20130320T005544.578414.Cam6_22_aug_3.csv,23.89,176.67,18.98
1,20130320T005544.578414.Cam6_22_aug_3.csv,6.94,138.89,17.59
2,20130320T005544.578414.Cam6_22_aug_3.csv,75.28,130.0,19.53
3,20130320T005544.578414.Cam6_22_aug_3.csv,56.39,201.11,18.7
4,20130320T005544.578414.Cam6_22_aug_3.csv,69.72,149.17,16.75
