,name,c-x,c-y,radius
0,20130320T013020.620953_31_aug_4.csv,298.83,155.28,17.59
1,20130320T013020.620953_31_aug_4.csv,273.83,111.11,16.48
2,20130320T013020.620953_31_aug_4.csv,251.06,46.94,16.48
3,20130320T013020.620953_31_aug_4.csv,297.72,90.28,16.48
4,20130320T013020.620953_31_aug_4.csv,144.39,127.78,17.03
5,20130320T013020.620953_31_aug_4.csv,153.56,72.78,17.03
6,20130320T013020.620953_31_aug_4.csv,138.83,30.28,17.03
7,20130320T013020.620953_31_aug_4.csv,67.44,3.89,17.03
8,20130320T013020.620953_31_aug_4.csv,131.61,81.67,17.03
