,name,c-x,c-y,radius
0,20130320T012919.286317_22_aug_3.csv,120.78,200.28,15.09
1,20130320T012919.286317_22_aug_3.csv,130.5,167.22,15.37
2,20130320T012919.286317_22_aug_3.csv,124.38999999999999,111.67,15.37
3,20130320T012919.286317_22_aug_3.csv,118.28,90.83,16.75
4,20130320T012919.286317_22_aug_3.csv,92.16999999999999,106.39,16.75
5,20130320T012919.286317_22_aug_3.csv,97.16999999999999,73.33,15.92
