,name,c-x,c-y,radius
0,20130320T004903.808285.Cam6_43_aug_3.csv,304.77,50.97,19.03
1,20130320T004903.808285.Cam6_43_aug_3.csv,247.35,124.52,22.9
2,20130320T004903.808285.Cam6_43_aug_3.csv,215.1,95.81,24.84
3,20130320T004903.808285.Cam6_43_aug_3.csv,176.71,96.45,22.9
4,20130320T004903.808285.Cam6_43_aug_3.csv,141.23,78.39,24.19
5,20130320T004903.808285.Cam6_43_aug_3.csv,161.87,55.48,22.58
