,name,c-x,c-y,radius
0,20130320T012857.571624_33_aug_2.csv,127.79710388183594,173.23312377929688,17.31
1,20130320T012857.571624_33_aug_2.csv,133.91709899902344,139.34312438964844,18.98
2,20130320T012857.571624_33_aug_2.csv,222.24710845947266,91.01311492919922,16.2
