,name,c-x,c-y,radius
0,20130320T005136.573304.Cam6_24_aug_1.csv,223.3869171142578,64.91260528564453,21.93
1,20130320T005136.573304.Cam6_24_aug_1.csv,255.63692474365234,91.36260986328125,20.64
2,20130320T005136.573304.Cam6_24_aug_1.csv,214.67691802978516,107.49260711669922,21.61
3,20130320T005136.573304.Cam6_24_aug_1.csv,64.02691650390625,82.01260375976562,19.03
