,name,c-x,c-y,radius
0,20130320T013701.772015_23_aug_3.csv,78.46709442138672,106.68873596191406,19.25
1,20130320T013701.772015_23_aug_3.csv,46.52709197998047,68.63873291015625,17.31
