,name,c-x,c-y,radius
0,20130320T004606.280730.Cam6_51_aug_3.csv,141.51507568359375,97.07746124267578,14.88
1,20130320T004606.280730.Cam6_51_aug_3.csv,168.05508422851562,99.00746154785156,14.88
2,20130320T004606.280730.Cam6_51_aug_3.csv,120.74507141113281,77.46746063232422,14.11
