,name,c-x,c-y,radius
0,20130320T004754.663970.Cam6_52_aug_7.csv,273.08,20.38,16.03
1,20130320T004754.663970.Cam6_52_aug_7.csv,37.69,200.38,16.03
