,name,c-x,c-y,radius
0,20130320T012820.046992_13_aug_3.csv,218.56,151.11,18.42
1,20130320T012820.046992_13_aug_3.csv,267.17,5.56,18.42
2,20130320T012820.046992_13_aug_3.csv,187.17000000000002,33.06,20.37
3,20130320T012820.046992_13_aug_3.csv,156.06,44.72,23.98
4,20130320T012820.046992_13_aug_3.csv,120.22,68.33,19.25
