,name,c-x,c-y,radius
0,20130320T005413.719418.Cam6_21_aug_4.csv,186.38226318359375,40.87399673461914,20.64
