,name,c-x,c-y,radius
0,20130320T004801.521237.Cam6_31_aug_0.csv,43.0,41.87,20.59
1,20130320T004801.521237.Cam6_31_aug_0.csv,78.63,59.06,19.65
2,20130320T004801.521237.Cam6_31_aug_0.csv,183.63,87.19,29.65
3,20130320T004801.521237.Cam6_31_aug_0.csv,173.63,93.75,26.84
4,20130320T004801.521237.Cam6_31_aug_0.csv,187.38,156.87,19.03
5,20130320T004801.521237.Cam6_31_aug_0.csv,132.69,194.06,20.28
