,name,c-x,c-y,radius
0,20130320T004808.759514.Cam6_22_aug_7.csv,164.84,29.35,17.42
1,20130320T004808.759514.Cam6_22_aug_7.csv,172.9,1.61,19.35
2,20130320T004808.759514.Cam6_22_aug_7.csv,198.39,28.39,20.64
3,20130320T004808.759514.Cam6_22_aug_7.csv,250.97,116.77,22.9
4,20130320T004808.759514.Cam6_22_aug_7.csv,269.68,100.0,22.9
5,20130320T004808.759514.Cam6_22_aug_7.csv,256.77,138.39,21.29
