,name,c-x,c-y,radius
0,20130320T012837.190206_21_aug_6.csv,233.70294189453125,97.46219635009766,14.81
1,20130320T012837.190206_21_aug_6.csv,159.54293823242188,93.8521957397461,17.31
