,name,c-x,c-y,radius
0,20130320T013025.573431_43_aug_0.csv,260.22,177.5,20.92
1,20130320T013025.573431_43_aug_0.csv,158.83,149.72,23.14
2,20130320T013025.573431_43_aug_0.csv,275.78,74.72,25.09
3,20130320T013025.573431_43_aug_0.csv,258.56,89.44,23.42
4,20130320T013025.573431_43_aug_0.csv,139.67,15.28,22.59
