,name,c-x,c-y,radius
0,20130320T013333.386760_33_aug_5.csv,94.31364440917969,86.17977142333984,22.31
1,20130320T013333.386760_33_aug_5.csv,75.70364379882812,127.2897720336914,25.64
2,20130320T013333.386760_33_aug_5.csv,29.03363800048828,50.89977264404297,25.64
