,name,c-x,c-y,radius
0,20130320T005654.294106.Cam6_13_aug_5.csv,95.78,169.17,18.7
1,20130320T005654.294106.Cam6_13_aug_5.csv,59.94,168.33,19.81
2,20130320T005654.294106.Cam6_13_aug_5.csv,78.56,201.39,18.42
3,20130320T005654.294106.Cam6_13_aug_5.csv,109.66999999999999,196.11,18.42
