,name,c-x,c-y,radius
0,20130320T004402.659157.Cam6_43_aug_4.csv,89.92522430419922,62.967655181884766,25.33
1,20130320T004402.659157.Cam6_43_aug_4.csv,10.245227813720703,91.40765380859375,20.01
