,name,c-x,c-y,radius
0,20130320T004610.471314.Cam6_34_aug_3.csv,36.577003479003906,49.205413818359375,13.73
