,name,c-x,c-y,radius
0,20130320T005950.678728.Cam6_43_aug_4.csv,294.94,176.94,27.59
1,20130320T005950.678728.Cam6_43_aug_4.csv,259.39,138.89,23.14
2,20130320T005950.678728.Cam6_43_aug_4.csv,298.28,116.11,23.14
3,20130320T005950.678728.Cam6_43_aug_4.csv,213.56,132.78,23.14
4,20130320T005950.678728.Cam6_43_aug_4.csv,247.17000000000002,42.22,25.92
5,20130320T005950.678728.Cam6_43_aug_4.csv,91.06,91.94,21.48
6,20130320T005950.678728.Cam6_43_aug_4.csv,59.110000000000014,10.0,18.14
