,name,c-x,c-y,radius
0,20130320T004408.944916.Cam6_54_aug_5.csv,93.63639831542969,141.56097412109375,15.95
1,20130320T004408.944916.Cam6_54_aug_5.csv,103.63639831542969,156.8809814453125,14.7
