,name,c-x,c-y,radius
0,20130320T013119.669788_24_aug_6.csv,224.17,195.28,16.75
1,20130320T013119.669788_24_aug_6.csv,137.22,177.5,14.53
2,20130320T013119.669788_24_aug_6.csv,241.67,145.0,15.37
3,20130320T013119.669788_24_aug_6.csv,196.67,56.94,17.59
4,20130320T013119.669788_24_aug_6.csv,198.33,28.61,17.59
5,20130320T013119.669788_24_aug_6.csv,173.06,38.06,17.59
