,name,c-x,c-y,radius
0,20130320T004607.995015.Cam6_24_aug_1.csv,234.0480499267578,127.57369232177734,18.73
1,20130320T004607.995015.Cam6_24_aug_1.csv,159.0480499267578,101.80369567871094,17.57
