,name,c-x,c-y,radius
0,20130320T012850.333350_52_aug_1.csv,18.61,23.89,18.7
1,20130320T012850.333350_52_aug_1.csv,131.67,84.44,17.87
2,20130320T012850.333350_52_aug_1.csv,162.78,83.33,17.03
3,20130320T012850.333350_52_aug_1.csv,276.11,43.33,17.03
4,20130320T012850.333350_52_aug_1.csv,54.72,173.61,13.7
5,20130320T012850.333350_52_aug_1.csv,198.06,98.06,12.59
6,20130320T012850.333350_52_aug_1.csv,252.22,108.61,12.59
