,name,c-x,c-y,radius
0,20130320T004607.995015.Cam6_24_aug_6.csv,244.0588836669922,121.30931091308594,18.73
1,20130320T004607.995015.Cam6_24_aug_6.csv,169.0588836669922,95.53931427001953,17.57
