,name,c-x,c-y,radius
0,20130320T005649.151124.Cam6_33_aug_6.csv,189.7733383178711,73.39674377441406,20.37
1,20130320T005649.151124.Cam6_33_aug_6.csv,163.94332885742188,44.7867431640625,23.98
