,name,c-x,c-y,radius
0,20130320T005409.338327.Cam6_42_aug_2.csv,27.3961181640625,158.83856201171875,21.61
