,name,c-x,c-y,radius
0,20130320T005044.000731.Cam6_24_aug_1.csv,199.37276458740234,120.01961517333984,19.35
1,20130320T005044.000731.Cam6_24_aug_1.csv,230.34276580810547,102.27960968017578,18.38
2,20130320T005044.000731.Cam6_24_aug_1.csv,109.69276428222656,133.5696258544922,16.77
3,20130320T005044.000731.Cam6_24_aug_1.csv,83.57275390625,157.4396209716797,18.38
