,name,c-x,c-y,radius
0,20130320T005550.102277.Cam6_21_aug_2.csv,261.20611572265625,128.24766540527344,19.81
1,20130320T005550.102277.Cam6_21_aug_2.csv,232.046142578125,125.74766540527344,16.48
2,20130320T005550.102277.Cam6_21_aug_2.csv,268.9861145019531,113.52766418457031,19.53
