,name,c-x,c-y,radius
0,20130320T012823.856693_33_aug_7.csv,158.61,133.61,25.64
1,20130320T012823.856693_33_aug_7.csv,85.0,96.39,20.92
2,20130320T012823.856693_33_aug_7.csv,110.56,51.67,29.25
3,20130320T012823.856693_33_aug_7.csv,150.56,70.28,24.81
4,20130320T012823.856693_33_aug_7.csv,193.89,81.67,24.81
5,20130320T012823.856693_33_aug_7.csv,307.22,66.67,23.7
6,20130320T012823.856693_33_aug_7.csv,177.22,29.72,29.25
7,20130320T012823.856693_33_aug_7.csv,120.0,3.33,29.25
8,20130320T012823.856693_33_aug_7.csv,58.33,1.11,29.25
