,name,c-x,c-y,radius
0,20130320T004420.373780.Cam6_43_aug_5.csv,111.09209442138672,138.5653076171875,12.51
1,20130320T004420.373780.Cam6_43_aug_5.csv,125.78209686279297,137.94529724121094,12.51
2,20130320T004420.373780.Cam6_43_aug_5.csv,112.65209197998047,159.81529235839844,12.51
3,20130320T004420.373780.Cam6_43_aug_5.csv,88.59209442138672,165.44529724121094,12.51
