,name,c-x,c-y,radius
0,20130320T012914.905227_42_aug_2.csv,54.40632629394531,72.5235595703125,16.48
1,20130320T012914.905227_42_aug_2.csv,59.67631530761719,50.57355880737305,16.48
2,20130320T012914.905227_42_aug_2.csv,181.90631866455078,61.1335563659668,15.64
3,20130320T012914.905227_42_aug_2.csv,210.51631927490234,64.18355560302734,15.64
4,20130320T012914.905227_42_aug_2.csv,167.45631408691406,98.90355682373047,13.7
