,name,c-x,c-y,radius
0,20130320T005737.914012.Cam6_52_aug_6.csv,141.92868041992188,133.08291625976562,23.98
1,20130320T005737.914012.Cam6_52_aug_6.csv,111.92868041992188,164.47291564941406,30.09
