,name,c-x,c-y,radius
0,20130320T004743.616122.Cam6_34_aug_2.csv,73.6651840209961,70.93557739257812,17.96
1,20130320T004743.616122.Cam6_34_aug_2.csv,152.12518310546875,71.70558166503906,17.96
2,20130320T004743.616122.Cam6_34_aug_2.csv,135.20518493652344,69.01557922363281,17.96
3,20130320T004743.616122.Cam6_34_aug_2.csv,232.12518310546875,122.47557830810547,17.96
4,20130320T004743.616122.Cam6_34_aug_2.csv,222.8951873779297,140.5455780029297,17.96
