,name,c-x,c-y,radius
0,20130320T005040.000648.Cam6_23_aug_2.csv,109.38557434082031,152.00465393066406,18.06
1,20130320T005040.000648.Cam6_23_aug_2.csv,94.86557006835938,124.90465545654297,18.06
2,20130320T005040.000648.Cam6_23_aug_2.csv,80.03556823730469,155.2246551513672,18.06
3,20130320T005040.000648.Cam6_23_aug_2.csv,83.90557861328125,85.22465515136719,19.67
4,20130320T005040.000648.Cam6_23_aug_2.csv,113.57557678222656,66.524658203125,19.67
5,20130320T005040.000648.Cam6_23_aug_2.csv,69.70556640625,116.524658203125,15.8
