,name,c-x,c-y,radius
0,20130320T004606.280730.Cam6_51_aug_5.csv,152.167724609375,75.72347259521484,14.88
1,20130320T004606.280730.Cam6_51_aug_5.csv,178.7077178955078,77.65347290039062,14.88
2,20130320T004606.280730.Cam6_51_aug_5.csv,131.39772033691406,56.11347198486328,14.11
