,name,c-x,c-y,radius
0,20130320T005807.819499.Cam6_62_aug_4.csv,75.39608764648438,122.1678695678711,15.92
