,name,c-x,c-y,radius
0,20130320T010004.583760.Cam6_42_aug_0.csv,60.56,97.5,22.87
1,20130320T010004.583760.Cam6_42_aug_0.csv,70.56,48.33,21.2
2,20130320T010004.583760.Cam6_42_aug_0.csv,174.72,64.72,21.2
3,20130320T010004.583760.Cam6_42_aug_0.csv,211.11,43.61,25.09
4,20130320T010004.583760.Cam6_42_aug_0.csv,234.17,28.61,23.14
5,20130320T010004.583760.Cam6_42_aug_0.csv,187.78,166.39,19.53
