,name,c-x,c-y,radius
0,20130320T013058.526474_21_aug_7.csv,60.83,150.56,14.53
1,20130320T013058.526474_21_aug_7.csv,153.06,152.5,16.75
2,20130320T013058.526474_21_aug_7.csv,167.5,119.72,17.87
3,20130320T013058.526474_21_aug_7.csv,267.78,101.67,16.2
4,20130320T013058.526474_21_aug_7.csv,305.28,123.89,16.2
