,name,c-x,c-y,radius
0,20130320T012823.475686_42_aug_2.csv,158.06,177.5,26.2
1,20130320T012823.475686_42_aug_2.csv,124.44,197.22,24.81
