,name,c-x,c-y,radius
0,20130320T005233.336339.Cam6_71_aug_4.csv,2.3825159072875977,114.87228393554688,13.87
1,20130320T005233.336339.Cam6_71_aug_4.csv,49.802513122558594,51.9722785949707,11.61
2,20130320T005233.336339.Cam6_71_aug_4.csv,100.4525146484375,70.67227935791016,11.61
3,20130320T005233.336339.Cam6_71_aug_4.csv,114.96250915527344,79.7122802734375,11.61
4,20130320T005233.336339.Cam6_71_aug_4.csv,154.322509765625,114.87228393554688,12.9
5,20130320T005233.336339.Cam6_71_aug_4.csv,122.06251525878906,101.00228118896484,10.64
