,name,c-x,c-y,radius
0,20130320T004526.089376.Cam6_33_aug_2.csv,150.15573120117188,74.83699798583984,17.2
