,name,c-x,c-y,radius
0,20130320T005924.582942.Cam6_31_aug_5.csv,141.61,91.67,27.59
1,20130320T005924.582942.Cam6_31_aug_5.csv,94.38999999999999,90.83,27.59
2,20130320T005924.582942.Cam6_31_aug_5.csv,99.94,114.44,27.59
3,20130320T005924.582942.Cam6_31_aug_5.csv,77.16999999999999,144.17,23.42
4,20130320T005924.582942.Cam6_31_aug_5.csv,80.78,181.67,23.42
5,20130320T005924.582942.Cam6_31_aug_5.csv,5.5,82.22,23.42
