,name,c-x,c-y,radius
0,20130320T004530.851480.Cam6_51_aug_5.csv,144.4683837890625,37.977256774902344,18.8
1,20130320T004530.851480.Cam6_51_aug_5.csv,170.1383819580078,55.00725555419922,18.8
2,20130320T004530.851480.Cam6_51_aug_5.csv,213.37837982177734,109.86725616455078,18.8
3,20130320T004530.851480.Cam6_51_aug_5.csv,259.8683738708496,155.81724548339844,16.91
4,20130320T004530.851480.Cam6_51_aug_5.csv,235.27838134765625,100.94725799560547,17.18
