,name,c-x,c-y,radius
0,20130320T004611.995093.Cam6_24_aug_5.csv,233.10580444335938,32.7961540222168,18.73
