,name,c-x,c-y,radius
0,20130320T005230.098145.Cam6_12_aug_5.csv,72.93317413330078,129.0187530517578,15.8
1,20130320T005230.098145.Cam6_12_aug_5.csv,104.54317474365234,122.5687484741211,15.8
2,20130320T005230.098145.Cam6_12_aug_5.csv,115.19316864013672,93.53874206542969,15.8
3,20130320T005230.098145.Cam6_12_aug_5.csv,87.12317657470703,102.24874114990234,16.45
4,20130320T005230.098145.Cam6_12_aug_5.csv,51.96316909790039,106.4387435913086,15.8
