,name,c-x,c-y,radius
0,20130320T004942.094704.Cam6_52_aug_0.csv,130.0,105.81,14.84
1,20130320T004942.094704.Cam6_52_aug_0.csv,0.97,63.87,14.84
2,20130320T004942.094704.Cam6_52_aug_0.csv,15.16,150.65,14.84
