,name,c-x,c-y,radius
0,20130320T005656.389401.Cam6_33_aug_6.csv,74.94,86.94,22.31
1,20130320T005656.389401.Cam6_33_aug_6.csv,63.0,115.28,20.92
2,20130320T005656.389401.Cam6_33_aug_6.csv,18.560000000000002,139.72,22.59
3,20130320T005656.389401.Cam6_33_aug_6.csv,120.5,18.06,18.98
4,20130320T005656.389401.Cam6_33_aug_6.csv,81.33000000000001,17.5,18.14
