,name,c-x,c-y,radius
0,20130320T005050.286611.Cam6_43_aug_7.csv,40.32,64.84,20.64
1,20130320T005050.286611.Cam6_43_aug_7.csv,0.65,54.84,20.64
2,20130320T005050.286611.Cam6_43_aug_7.csv,18.71,37.42,19.35
3,20130320T005050.286611.Cam6_43_aug_7.csv,48.71,10.0,19.35
