,name,c-x,c-y,radius
0,20130320T005504.768081.Cam6_11_aug_6.csv,226.61,185.0,21.75
1,20130320T005504.768081.Cam6_11_aug_6.csv,192.44,178.89,22.59
2,20130320T005504.768081.Cam6_11_aug_6.csv,161.06,163.06,17.03
3,20130320T005504.768081.Cam6_11_aug_6.csv,145.5,183.33,19.81
4,20130320T005504.768081.Cam6_11_aug_6.csv,232.17000000000002,103.33,22.31
5,20130320T005504.768081.Cam6_11_aug_6.csv,253.56,72.5,20.09
6,20130320T005504.768081.Cam6_11_aug_6.csv,214.67000000000002,71.11,20.09
