,name,c-x,c-y,radius
0,20130320T004418.278486.Cam6_51_aug_3.csv,174.880615234375,113.3849868774414,14.7
1,20130320T004418.278486.Cam6_51_aug_3.csv,195.81060791015625,92.7549819946289,14.7
