,name,c-x,c-y,radius
0,20130320T013135.670117_13_aug_5.csv,146.39,128.89,14.25
1,20130320T013135.670117_13_aug_5.csv,206.94,8.61,14.25
2,20130320T013135.670117_13_aug_5.csv,278.61,86.11,15.64
3,20130320T013135.670117_13_aug_5.csv,273.33,6.39,15.09
4,20130320T013135.670117_13_aug_5.csv,1.39,108.89,15.09
