,name,c-x,c-y,radius
0,20130320T004910.856060.Cam6_61_aug_7.csv,203.87,31.94,14.51
1,20130320T004910.856060.Cam6_61_aug_7.csv,229.35,106.13,11.61
2,20130320T004910.856060.Cam6_61_aug_7.csv,275.81,92.58,11.61
3,20130320T004910.856060.Cam6_61_aug_7.csv,289.68,67.74,11.61
4,20130320T004910.856060.Cam6_61_aug_7.csv,29.03,53.87,11.61
5,20130320T004910.856060.Cam6_61_aug_7.csv,60.65,22.9,11.61
