,name,c-x,c-y,radius
0,20130320T005100.001062.Cam6_32_aug_6.csv,280.26,126.77,18.71
1,20130320T005100.001062.Cam6_32_aug_6.csv,231.87,99.68,15.8
2,20130320T005100.001062.Cam6_32_aug_6.csv,276.39,98.71,15.16
