,name,c-x,c-y,radius
0,20130320T004432.755029.Cam6_44_aug_5.csv,77.72691345214844,160.99990844726562,8.45
1,20130320T004432.755029.Cam6_44_aug_5.csv,180.22691345214844,178.81991577148438,7.51
2,20130320T004432.755029.Cam6_44_aug_5.csv,170.22691345214844,186.31991577148438,8.45
3,20130320T004432.755029.Cam6_44_aug_5.csv,103.66691589355469,64.12991333007812,10.01
