,name,c-x,c-y,radius
0,20130320T005417.719497.Cam6_53_aug_2.csv,138.87612915039062,22.712125778198242,21.61
