,name,c-x,c-y,radius
0,20130320T005434.672219.Cam6_61_aug_0.csv,28.68756103515625,100.88284301757812,12.87
1,20130320T005434.672219.Cam6_61_aug_0.csv,7.857563018798828,68.662841796875,12.87
