,name,c-x,c-y,radius
0,20130320T004616.757192.Cam6_41_aug_0.csv,91.85235595703125,170.08291625976562,13.73
1,20130320T004616.757192.Cam6_41_aug_0.csv,104.16236114501953,145.8529052734375,13.73
