,name,c-x,c-y,radius
0,20130320T004358.849450.Cam6_43_aug_5.csv,51.847110748291016,36.0735969543457,26.89
