,name,c-x,c-y,radius
0,20130320T012855.857338_42_aug_4.csv,84.94,156.67,17.03
1,20130320T012855.857338_42_aug_4.csv,56.610000000000014,57.78,17.59
2,20130320T012855.857338_42_aug_4.csv,24.110000000000014,58.61,16.2
