,name,c-x,c-y,radius
0,20130320T004731.806377.Cam6_12_aug_0.csv,135.55828857421875,144.87411499023438,16.8
1,20130320T004731.806377.Cam6_12_aug_0.csv,167.86830139160156,155.6441192626953,16.8
2,20130320T004731.806377.Cam6_12_aug_0.csv,142.86830139160156,116.79412078857422,16.8
3,20130320T004731.806377.Cam6_12_aug_0.csv,180.9482879638672,122.18412017822266,16.8
4,20130320T004731.806377.Cam6_12_aug_0.csv,171.3282928466797,80.25411987304688,13.73
