,name,c-x,c-y,radius
0,20130320T004552.756699.Cam6_21_aug_0.csv,66.36308288574219,102.41277313232422,15.27
