,name,c-x,c-y,radius
0,20130320T012927.857864_33_aug_4.csv,251.61825561523438,176.45069885253906,15.09
1,20130320T012927.857864_33_aug_4.csv,282.1782531738281,128.11070251464844,15.09
2,20130320T012927.857864_33_aug_4.csv,234.67825317382812,109.78069305419922,17.03
3,20130320T012927.857864_33_aug_4.csv,202.17825317382812,123.67069244384766,18.14
4,20130320T012927.857864_33_aug_4.csv,126.34825134277344,85.89069366455078,16.48
5,20130320T012927.857864_33_aug_4.csv,74.11825561523438,95.6106948852539,14.25
6,20130320T012927.857864_33_aug_4.csv,72.17825317382812,78.67069244384766,15.37
