,name,c-x,c-y,radius
0,20130320T013717.200819_33_aug_0.csv,229.86554718017578,144.57907104492188,18.42
1,20130320T013717.200819_33_aug_0.csv,208.75554656982422,114.29907989501953,18.98
2,20130320T013717.200819_33_aug_0.csv,267.3655471801758,114.0290756225586,18.98
