,name,c-x,c-y,radius
0,20130320T013314.910128_21_aug_5.csv,195.28,190.83,15.64
1,20130320T013314.910128_21_aug_5.csv,166.67,181.39,19.81
2,20130320T013314.910128_21_aug_5.csv,181.67,140.56,17.31
3,20130320T013314.910128_21_aug_5.csv,217.78,66.67,14.25
4,20130320T013314.910128_21_aug_5.csv,201.39,46.11,15.92
5,20130320T013314.910128_21_aug_5.csv,180.56,51.39,14.81
6,20130320T013314.910128_21_aug_5.csv,193.61,25.0,14.81
