,name,c-x,c-y,radius
0,20130320T005825.914994.Cam6_31_aug_2.csv,241.89,170.56,23.14
1,20130320T005825.914994.Cam6_31_aug_2.csv,223.56,196.39,20.64
2,20130320T005825.914994.Cam6_31_aug_2.csv,249.94,5.83,20.64
3,20130320T005825.914994.Cam6_31_aug_2.csv,189.39,169.17,20.92
4,20130320T005825.914994.Cam6_31_aug_2.csv,199.67000000000002,168.89,20.92
5,20130320T005825.914994.Cam6_31_aug_2.csv,110.22,71.94,28.42
6,20130320T005825.914994.Cam6_31_aug_2.csv,132.17,49.17,23.98
7,20130320T005825.914994.Cam6_31_aug_2.csv,73.0,54.72,23.42
