,name,c-x,c-y,radius
0,20130320T004715.044021.Cam6_44_aug_3.csv,249.15,104.62,19.5
1,20130320T004715.044021.Cam6_44_aug_3.csv,184.92000000000002,139.62,19.5
2,20130320T004715.044021.Cam6_44_aug_3.csv,51.85000000000002,190.0,16.42
3,20130320T004715.044021.Cam6_44_aug_3.csv,69.53999999999999,193.85,16.42
4,20130320T004715.044021.Cam6_44_aug_3.csv,171.08,167.69,19.5
