,name,c-x,c-y,radius
0,20130320T004808.188000.Cam6_61_aug_6.csv,126.7141342163086,116.83885955810547,17.42
1,20130320T004808.188000.Cam6_61_aug_6.csv,218.6541290283203,47.488861083984375,18.71
2,20130320T004808.188000.Cam6_61_aug_6.csv,187.6841278076172,39.738861083984375,18.71
