,name,c-x,c-y,radius
0,20130320T013027.668727_21_aug_2.csv,149.6331024169922,127.9391860961914,18.42
1,20130320T013027.668727_21_aug_2.csv,112.41310119628906,139.60919189453125,18.42
2,20130320T013027.668727_21_aug_2.csv,102.69309997558594,113.49918365478516,18.42
3,20130320T013027.668727_21_aug_2.csv,148.24310302734375,95.4391860961914,19.53
4,20130320T013027.668727_21_aug_2.csv,119.63310241699219,74.60918426513672,19.53
5,20130320T013027.668727_21_aug_2.csv,144.08309936523438,54.049190521240234,19.53
