,name,c-x,c-y,radius
0,20130320T005744.390397.Cam6_63_aug_1.csv,215.22,85.0,23.42
1,20130320T005744.390397.Cam6_63_aug_1.csv,128.83,21.11,17.59
2,20130320T005744.390397.Cam6_63_aug_1.csv,68.83000000000001,9.17,17.59
3,20130320T005744.390397.Cam6_63_aug_1.csv,46.889999999999986,121.94,16.48
