,name,c-x,c-y,radius
0,20130320T005444.386662.Cam6_21_aug_0.csv,241.89,195.56,17.59
1,20130320T005444.386662.Cam6_21_aug_0.csv,260.78,197.78,17.59
2,20130320T005444.386662.Cam6_21_aug_0.csv,257.44,166.11,18.14
3,20130320T005444.386662.Cam6_21_aug_0.csv,223.56,175.0,16.2
4,20130320T005444.386662.Cam6_21_aug_0.csv,197.72,102.78,18.14
5,20130320T005444.386662.Cam6_21_aug_0.csv,233.56,95.0,17.87
6,20130320T005444.386662.Cam6_21_aug_0.csv,265.22,90.56,17.87
7,20130320T005444.386662.Cam6_21_aug_0.csv,209.94,41.67,17.03
8,20130320T005444.386662.Cam6_21_aug_0.csv,218.0,15.56,17.03
