,name,c-x,c-y,radius
0,20130320T004849.331732.Cam6_43_aug_7.csv,244.19,95.48,28.71
1,20130320T004849.331732.Cam6_43_aug_7.csv,220.65,105.16,28.71
2,20130320T004849.331732.Cam6_43_aug_7.csv,243.23,55.48,19.67
3,20130320T004849.331732.Cam6_43_aug_7.csv,259.35,49.35,19.67
4,20130320T004849.331732.Cam6_43_aug_7.csv,262.26,61.94,19.67
