,name,c-x,c-y,radius
0,20130320T005546.102195.Cam6_52_aug_7.csv,25.83,81.39,18.98
1,20130320T005546.102195.Cam6_52_aug_7.csv,108.33,37.5,25.37
2,20130320T005546.102195.Cam6_52_aug_7.csv,250.28,43.33,33.7
3,20130320T005546.102195.Cam6_52_aug_7.csv,218.33,172.78,19.81
4,20130320T005546.102195.Cam6_52_aug_7.csv,268.89,160.83,21.2
