,name,c-x,c-y,radius
0,20130320T005550.102277.Cam6_21_aug_7.csv,41.67,143.61,19.81
1,20130320T005550.102277.Cam6_21_aug_7.csv,70.83,141.11,16.48
2,20130320T005550.102277.Cam6_21_aug_7.csv,33.89,128.89,19.53
