,name,c-x,c-y,radius
0,20130320T012946.524989_21_aug_3.csv,197.6896514892578,157.9539794921875,21.75
1,20130320T012946.524989_21_aug_3.csv,171.0196533203125,165.17398071289062,23.98
2,20130320T012946.524989_21_aug_3.csv,136.29965209960938,155.17398071289062,23.98
3,20130320T012946.524989_21_aug_3.csv,72.40965270996094,133.5039825439453,23.98
4,20130320T012946.524989_21_aug_3.csv,181.57965087890625,74.33397674560547,23.98
5,20130320T012946.524989_21_aug_3.csv,179.90965270996094,101.00397491455078,23.98
