,name,c-x,c-y,radius
0,20130320T013444.816839_43_aug_1.csv,111.02171325683594,88.93949127197266,23.42
1,20130320T013444.816839_43_aug_1.csv,174.07171630859375,28.10948944091797,21.48
2,20130320T013444.816839_43_aug_1.csv,134.91171264648438,31.71949005126953,21.48
3,20130320T013444.816839_43_aug_1.csv,43.801727294921875,21.159488677978516,17.59
