,name,c-x,c-y,radius
0,20130320T004743.616122.Cam6_34_aug_1.csv,211.8699493408203,50.6637077331543,17.96
1,20130320T004743.616122.Cam6_34_aug_1.csv,133.4099578857422,51.433712005615234,17.96
2,20130320T004743.616122.Cam6_34_aug_1.csv,150.3299560546875,48.743709564208984,17.96
3,20130320T004743.616122.Cam6_34_aug_1.csv,53.409942626953125,102.2037124633789,17.96
4,20130320T004743.616122.Cam6_34_aug_1.csv,62.63994598388672,120.27371978759766,17.96
