,name,c-x,c-y,radius
0,20130320T005641.531967.Cam6_13_aug_5.csv,149.96507263183594,151.05364990234375,20.92
