,name,c-x,c-y,radius
0,20130320T005947.821546.Cam6_21_aug_4.csv,256.33,196.67,24.25
1,20130320T005947.821546.Cam6_21_aug_4.csv,242.72,100.56,24.25
2,20130320T005947.821546.Cam6_21_aug_4.csv,175.78,97.78,28.42
3,20130320T005947.821546.Cam6_21_aug_4.csv,154.94,55.28,23.98
4,20130320T005947.821546.Cam6_21_aug_4.csv,247.17000000000002,48.89,20.92
5,20130320T005947.821546.Cam6_21_aug_4.csv,209.94,26.39,20.92
6,20130320T005947.821546.Cam6_21_aug_4.csv,284.11,92.22,20.92
7,20130320T005947.821546.Cam6_21_aug_4.csv,268.56,92.5,20.92
