,name,c-x,c-y,radius
0,20130320T005044.000731.Cam6_24_aug_4.csv,238.163818359375,108.75802612304688,19.35
1,20130320T005044.000731.Cam6_24_aug_4.csv,269.1338195800781,91.01802062988281,18.38
2,20130320T005044.000731.Cam6_24_aug_4.csv,148.48382568359375,122.30802917480469,16.77
3,20130320T005044.000731.Cam6_24_aug_4.csv,122.36381530761719,146.1780242919922,18.38
