,name,c-x,c-y,radius
0,20130320T004607.995015.Cam6_24_aug_5.csv,88.55877685546875,130.2670135498047,18.73
1,20130320T004607.995015.Cam6_24_aug_5.csv,163.55877685546875,104.49701690673828,17.57
