,name,c-x,c-y,radius
0,20130320T005912.773071.Cam6_52_aug_4.csv,287.72,113.06,28.14
1,20130320T005912.773071.Cam6_52_aug_4.csv,94.94,103.33,25.64
2,20130320T005912.773071.Cam6_52_aug_4.csv,29.110000000000014,82.5,28.42
