,name,c-x,c-y,radius
0,20130320T004712.377340.Cam6_23_aug_4.csv,267.23,27.31,26.03
1,20130320T004712.377340.Cam6_23_aug_4.csv,276.85,51.15,21.42
2,20130320T004712.377340.Cam6_23_aug_4.csv,238.76999999999998,64.62,23.73
3,20130320T004712.377340.Cam6_23_aug_4.csv,178.77,35.77,21.03
