,name,c-x,c-y,radius
0,20130320T005227.621969.Cam6_61_aug_2.csv,63.21345138549805,146.2183074951172,15.48
