,name,c-x,c-y,radius
0,20130320T004436.755113.Cam6_52_aug_5.csv,83.63,5.31,13.14
1,20130320T004436.755113.Cam6_52_aug_5.csv,50.81,39.37,10.01
