,name,c-x,c-y,radius
0,20130320T013444.816839_43_aug_4.csv,134.0320281982422,97.14303588867188,23.42
1,20130320T013444.816839_43_aug_4.csv,197.08202362060547,36.31303024291992,21.48
2,20130320T013444.816839_43_aug_4.csv,157.92202758789062,39.923030853271484,21.48
3,20130320T013444.816839_43_aug_4.csv,66.81202697753906,29.36302947998047,17.59
