,name,c-x,c-y,radius
0,20130320T005905.534927.Cam6_61_aug_1.csv,203.0,119.17,20.92
1,20130320T005905.534927.Cam6_61_aug_1.csv,176.61,125.28,19.53
2,20130320T005905.534927.Cam6_61_aug_1.csv,199.39,71.94,18.98
3,20130320T005905.534927.Cam6_61_aug_1.csv,5.779999999999973,63.33,17.03
