,name,c-x,c-y,radius
0,20130320T005439.434188.Cam6_24_aug_4.csv,14.389999999999986,58.33,16.48
