,name,c-x,c-y,radius
0,20130320T013623.866348_22_aug_5.csv,259.72,182.78,19.53
1,20130320T013623.866348_22_aug_5.csv,225.83,194.17,19.53
2,20130320T013623.866348_22_aug_5.csv,261.94,158.89,18.7
3,20130320T013623.866348_22_aug_5.csv,212.78,133.06,15.64
4,20130320T013623.866348_22_aug_5.csv,83.06,58.61,16.2
5,20130320T013623.866348_22_aug_5.csv,8.33,77.22,17.59
6,20130320T013623.866348_22_aug_5.csv,1.67,38.89,17.59
