,name,c-x,c-y,radius
0,20130320T005757.152532.Cam6_11_aug_6.csv,92.26042175292969,175.0286407470703,19.53
1,20130320T005757.152532.Cam6_11_aug_6.csv,54.21043395996094,147.5286407470703,20.09
2,20130320T005757.152532.Cam6_11_aug_6.csv,51.150390625,66.69864654541016,21.48
3,20130320T005757.152532.Cam6_11_aug_6.csv,41.710418701171875,88.6386489868164,19.53
