,name,c-x,c-y,radius
0,20130320T013431.102178_34_aug_1.csv,256.6664505004883,57.428714752197266,21.75
1,20130320T013431.102178_34_aug_1.csv,267.49645233154297,81.03871154785156,23.14
2,20130320T013431.102178_34_aug_1.csv,211.66645050048828,44.648712158203125,22.59
