,name,c-x,c-y,radius
0,20130320T005241.907895.Cam6_64_aug_0.csv,292.66197204589844,120.06887817382812,15.48
1,20130320T005241.907895.Cam6_64_aug_0.csv,128.1519775390625,102.31887817382812,16.77
