,name,c-x,c-y,radius
0,20130320T005434.672219.Cam6_61_aug_4.csv,224.51161193847656,94.57963562011719,12.87
1,20130320T005434.672219.Cam6_61_aug_4.csv,245.34161376953125,62.35963439941406,12.87
