,name,c-x,c-y,radius
0,20130320T004616.376184.Cam6_52_aug_4.csv,129.9449005126953,61.95660400390625,12.19
1,20130320T004616.376184.Cam6_52_aug_4.csv,154.17489624023438,61.18660354614258,12.19
2,20130320T004616.376184.Cam6_52_aug_4.csv,121.48489379882812,66.95660400390625,13.34
