,name,c-x,c-y,radius
0,20130320T013609.580437_31_aug_2.csv,156.7172088623047,133.86363220214844,20.37
1,20130320T013609.580437_31_aug_2.csv,214.2172088623047,122.19363403320312,19.81
2,20130320T013609.580437_31_aug_2.csv,248.65721130371094,128.58363342285156,18.42
3,20130320T013609.580437_31_aug_2.csv,236.7172088623047,95.53363037109375,19.25
4,20130320T013609.580437_31_aug_2.csv,213.37721252441406,91.08363342285156,19.25
