,name,c-x,c-y,radius
0,20130320T004755.806868.Cam6_42_aug_5.csv,169.54,43.46,17.96
1,20130320T004755.806868.Cam6_42_aug_5.csv,117.62,11.15,18.34
2,20130320T004755.806868.Cam6_42_aug_5.csv,105.69,23.46,18.34
3,20130320T004755.806868.Cam6_42_aug_5.csv,173.38,141.54,16.8
4,20130320T004755.806868.Cam6_42_aug_5.csv,177.23,135.38,16.8
5,20130320T004755.806868.Cam6_42_aug_5.csv,121.46000000000001,154.62,17.57
6,20130320T004755.806868.Cam6_42_aug_5.csv,99.91999999999999,187.69,16.8
7,20130320T004755.806868.Cam6_42_aug_5.csv,72.62,170.77,17.19
