,name,c-x,c-y,radius
0,20130320T005824.200708.Cam6_52_aug_4.csv,266.6496276855469,79.66694641113281,17.87
1,20130320T005824.200708.Cam6_52_aug_4.csv,257.4896240234375,82.71694946289062,17.87
2,20130320T005824.200708.Cam6_52_aug_4.csv,223.03961181640625,69.93695068359375,24.81
3,20130320T005824.200708.Cam6_52_aug_4.csv,196.37960815429688,93.55694580078125,23.7
4,20130320T005824.200708.Cam6_52_aug_4.csv,165.53961181640625,101.60694885253906,20.37
5,20130320T005824.200708.Cam6_52_aug_4.csv,78.87960815429688,86.60694885253906,22.03
