,name,c-x,c-y,radius
0,20130320T004915.998915.Cam6_32_aug_5.csv,138.06,82.26,20.96
1,20130320T004915.998915.Cam6_32_aug_5.csv,174.19,93.87,19.35
2,20130320T004915.998915.Cam6_32_aug_5.csv,165.48,130.0,17.74
3,20130320T004915.998915.Cam6_32_aug_5.csv,13.23,146.45,20.96
4,20130320T004915.998915.Cam6_32_aug_5.csv,223.23,160.97,18.38
5,20130320T004915.998915.Cam6_32_aug_5.csv,95.81,48.71,18.38
