,name,c-x,c-y,radius
0,20130320T013606.151743_11_aug_5.csv,150.78,185.0,20.09
1,20130320T013606.151743_11_aug_5.csv,113.28,194.44,20.09
2,20130320T013606.151743_11_aug_5.csv,59.66999999999999,67.78,20.09
3,20130320T013606.151743_11_aug_5.csv,87.72,43.61,20.09
