,name,c-x,c-y,radius
0,20130320T013232.433153_31_aug_4.csv,120.20187377929688,87.857666015625,13.7
1,20130320T013232.433153_31_aug_4.csv,144.64187622070312,87.30766296386719,13.7
2,20130320T013232.433153_31_aug_4.csv,122.97187805175781,104.80766296386719,13.7
3,20130320T013232.433153_31_aug_4.csv,289.0918884277344,161.19766235351562,12.59
4,20130320T013232.433153_31_aug_4.csv,269.921875,184.24766540527344,12.59
5,20130320T013232.433153_31_aug_4.csv,211.31187438964844,147.58766174316406,12.59
6,20130320T013232.433153_31_aug_4.csv,220.7518768310547,154.5276641845703,12.59
7,20130320T013232.433153_31_aug_4.csv,154.64187622070312,111.4776611328125,12.87
