,name,c-x,c-y,radius
0,20130320T013031.478304_62_aug_3.csv,257.4541320800781,109.71102142333984,21.75
1,20130320T013031.478304_62_aug_3.csv,222.1741485595703,93.3210220336914,20.09
2,20130320T013031.478304_62_aug_3.csv,182.1741485595703,119.71102142333984,20.09
