,name,c-x,c-y,radius
0,20130320T005413.719418.Cam6_21_aug_6.csv,167.1977081298828,32.42088317871094,20.64
