,name,c-x,c-y,radius
0,20130320T013024.240028_32_aug_4.csv,107.46604919433594,130.07569885253906,22.59
1,20130320T013024.240028_32_aug_4.csv,144.13604736328125,124.80569458007812,26.75
