,name,c-x,c-y,radius
0,20130320T004552.756699.Cam6_21_aug_4.csv,116.74661254882812,91.72028350830078,15.27
