,name,c-x,c-y,radius
0,20130320T005106.286943.Cam6_32_aug_4.csv,235.43344116210938,63.335941314697266,16.45
