,name,c-x,c-y,radius
0,20130320T005322.099219.Cam6_23_aug_3.csv,104.5316390991211,120.40792846679688,18.71
1,20130320T005322.099219.Cam6_23_aug_3.csv,94.21163940429688,160.08792114257812,21.29
