,name,c-x,c-y,radius
0,20130320T005428.005335.Cam6_21_aug_1.csv,127.97361755371094,57.97420883178711,18.42
1,20130320T005428.005335.Cam6_21_aug_1.csv,98.80361938476562,69.0842056274414,17.59
