,name,c-x,c-y,radius
0,20130320T012829.571055_32_aug_4.csv,274.67,75.83,15.37
1,20130320T012829.571055_32_aug_4.csv,126.88999999999999,58.33,15.37
2,20130320T012829.571055_32_aug_4.csv,44.389999999999986,57.78,14.53
3,20130320T012829.571055_32_aug_4.csv,27.170000000000016,36.67,14.53
