,name,c-x,c-y,radius
0,20130320T005739.247414.Cam6_23_aug_7.csv,60.0,48.61,24.25
1,20130320T005739.247414.Cam6_23_aug_7.csv,106.39,50.0,24.25
2,20130320T005739.247414.Cam6_23_aug_7.csv,306.94,72.78,19.53
