,name,c-x,c-y,radius
0,20130320T005754.104844.Cam6_52_aug_1.csv,254.94696044921875,79.18060302734375,22.31
1,20130320T005754.104844.Cam6_52_aug_1.csv,216.33694458007812,76.12060546875,18.98
