,name,c-x,c-y,radius
0,20130320T005735.247332.Cam6_43_aug_0.csv,171.40545654296875,91.20121002197266,25.09
