,name,c-x,c-y,radius
0,20130320T004555.804388.Cam6_33_aug_1.csv,57.546199798583984,147.70106506347656,13.73
