,name,c-x,c-y,radius
0,20130320T013311.672065_31_aug_7.csv,244.17,165.0,14.53
1,20130320T013311.672065_31_aug_7.csv,293.06,150.56,14.53
2,20130320T013311.672065_31_aug_7.csv,43.33,86.11,13.98
3,20130320T013311.672065_31_aug_7.csv,74.44,87.22,13.98
