,name,c-x,c-y,radius
0,20130320T005228.764869.Cam6_73_aug_6.csv,132.42788696289062,46.123199462890625,14.19
