,name,c-x,c-y,radius
0,20130320T005752.390559.Cam6_23_aug_5.csv,276.33,70.28,21.48
1,20130320T005752.390559.Cam6_23_aug_5.csv,287.72,173.89,18.42
2,20130320T005752.390559.Cam6_23_aug_5.csv,280.22,150.0,17.31
