,name,c-x,c-y,radius
0,20130320T005231.622053.Cam6_11_aug_4.csv,261.3885612487793,120.22453308105469,18.71
1,20130320T005231.622053.Cam6_11_aug_4.csv,245.25856018066406,142.16453552246094,16.45
