,name,c-x,c-y,radius
0,20130320T005136.573304.Cam6_24_aug_6.csv,75.47506713867188,77.58589172363281,21.93
1,20130320T005136.573304.Cam6_24_aug_6.csv,43.225067138671875,104.03589630126953,20.64
2,20130320T005136.573304.Cam6_24_aug_6.csv,84.18506622314453,120.1658935546875,21.61
3,20130320T005136.573304.Cam6_24_aug_6.csv,234.83506774902344,94.6858901977539,19.03
