,name,c-x,c-y,radius
0,20130320T004550.470901.Cam6_42_aug_1.csv,67.29757690429688,91.14156341552734,17.57
