,name,c-x,c-y,radius
0,20130320T005731.056745.Cam6_23_aug_6.csv,306.33,24.17,23.7
1,20130320T005731.056745.Cam6_23_aug_6.csv,50.5,82.22,21.2
2,20130320T005731.056745.Cam6_23_aug_6.csv,40.5,43.06,21.75
