,name,c-x,c-y,radius
0,20130320T005551.245175.Cam6_71_aug_5.csv,8.829999999999984,60.0,18.42
1,20130320T005551.245175.Cam6_71_aug_5.csv,62.16999999999999,24.72,17.87
