,name,c-x,c-y,radius
0,20130320T004429.326331.Cam6_73_aug_3.csv,217.2608642578125,66.82642364501953,15.95
1,20130320T004429.326331.Cam6_73_aug_3.csv,137.2608642578125,111.19642639160156,13.45
