,name,c-x,c-y,radius
0,20130320T013339.291634_53_aug_0.csv,114.11567687988281,54.05278778076172,27.87
