,name,c-x,c-y,radius
0,20130320T004359.801846.Cam6_21_aug_1.csv,136.00848388671875,123.05786895751953,24.39
1,20130320T004359.801846.Cam6_21_aug_1.csv,154.12847900390625,117.11786651611328,24.39
2,20130320T004359.801846.Cam6_21_aug_1.csv,143.8184814453125,90.24787139892578,23.14
