,name,c-x,c-y,radius
0,20130320T012849.380957_23_aug_7.csv,2.78,139.72,16.75
1,20130320T012849.380957_23_aug_7.csv,27.5,118.61,18.42
2,20130320T012849.380957_23_aug_7.csv,55.56,108.33,17.59
3,20130320T012849.380957_23_aug_7.csv,13.61,86.39,18.98
4,20130320T012849.380957_23_aug_7.csv,18.33,49.17,19.53
