,name,c-x,c-y,radius
0,20130320T005127.049241.Cam6_12_aug_6.csv,175.42,143.23,20.64
1,20130320T005127.049241.Cam6_12_aug_6.csv,150.9,113.87,22.58
2,20130320T005127.049241.Cam6_12_aug_6.csv,137.03,200.97,21.29
3,20130320T005127.049241.Cam6_12_aug_6.csv,165.74,67.42,16.45
