,name,c-x,c-y,radius
0,20130320T013228.814078_41_aug_4.csv,208.82999999999998,14.72,14.53
1,20130320T013228.814078_41_aug_4.csv,82.44,135.56,15.09
2,20130320T013228.814078_41_aug_4.csv,6.329999999999984,150.0,15.09
