,name,c-x,c-y,radius
0,20130320T012854.142929_43_aug_4.csv,202.00930786132812,94.05950927734375,15.09
1,20130320T012854.142929_43_aug_4.csv,118.67930603027344,101.27951049804688,17.31
2,20130320T012854.142929_43_aug_4.csv,127.56930541992188,78.21951293945312,13.7
3,20130320T012854.142929_43_aug_4.csv,87.84930419921875,76.27951049804688,14.81
4,20130320T012854.142929_43_aug_4.csv,77.84930419921875,83.49951171875,14.81
5,20130320T012854.142929_43_aug_4.csv,44.509307861328125,152.6695098876953,17.31
