,name,c-x,c-y,radius
0,20130320T013230.337859_32_aug_5.csv,83.61,26.67,15.09
1,20130320T013230.337859_32_aug_5.csv,96.39,34.44,14.25
2,20130320T013230.337859_32_aug_5.csv,112.22,19.72,14.25
