,name,c-x,c-y,radius
0,20130320T012946.715493_54_aug_5.csv,171.94,171.94,18.98
1,20130320T012946.715493_54_aug_5.csv,128.61,101.11,22.31
2,20130320T012946.715493_54_aug_5.csv,100.56,49.44,22.31
