,name,c-x,c-y,radius
0,20130320T005322.099219.Cam6_23_aug_0.csv,224.3086700439453,109.07173919677734,18.71
1,20130320T005322.099219.Cam6_23_aug_0.csv,234.62866973876953,148.75173950195312,21.29
