,name,c-x,c-y,radius
0,20130320T005442.862882.Cam6_31_aug_5.csv,47.4547119140625,122.69842529296875,16.75
1,20130320T005442.862882.Cam6_31_aug_5.csv,165.7847137451172,44.64842224121094,16.75
2,20130320T005442.862882.Cam6_31_aug_5.csv,187.17471313476562,41.86842346191406,15.09
