,name,c-x,c-y,radius
0,20130320T005821.914913.Cam6_62_aug_4.csv,108.16323852539062,104.15083312988281,22.87
1,20130320T005821.914913.Cam6_62_aug_4.csv,69.55323791503906,90.26083374023438,28.98
2,20130320T005821.914913.Cam6_62_aug_4.csv,108.43324279785156,64.99082946777344,18.14
