,name,c-x,c-y,radius
0,20130320T013430.340287_53_aug_2.csv,59.040374755859375,156.04559326171875,29.53
1,20130320T013430.340287_53_aug_2.csv,113.21037292480469,165.76559448242188,29.53
