,name,c-x,c-y,radius
0,20130320T004543.994512.Cam6_42_aug_0.csv,254.49,135.68,16.91
1,20130320T004543.994512.Cam6_42_aug_0.csv,251.24,107.57,17.45
2,20130320T004543.994512.Cam6_42_aug_0.csv,278.27,122.7,17.45
3,20130320T004543.994512.Cam6_42_aug_0.csv,252.32,169.73,17.45
