,name,c-x,c-y,radius
0,20130320T005754.104844.Cam6_52_aug_0.csv,261.9880065917969,72.18241119384766,22.31
1,20130320T005754.104844.Cam6_52_aug_0.csv,223.3780059814453,69.1224136352539,18.98
