,name,c-x,c-y,radius
0,20130320T013320.243612_41_aug_7.csv,102.5,147.5,17.59
1,20130320T013320.243612_41_aug_7.csv,109.44,115.28,17.59
2,20130320T013320.243612_41_aug_7.csv,238.89,110.28,19.25
3,20130320T013320.243612_41_aug_7.csv,212.5,96.67,17.59
