,name,c-x,c-y,radius
0,20130320T013026.525827_62_aug_6.csv,115.28,41.94,21.2
1,20130320T013026.525827_62_aug_6.csv,148.06,41.11,20.64
2,20130320T013026.525827_62_aug_6.csv,189.17,27.5,22.31
3,20130320T013026.525827_62_aug_6.csv,235.0,148.61,17.87
4,20130320T013026.525827_62_aug_6.csv,259.44,167.5,17.87
5,20130320T013026.525827_62_aug_6.csv,234.44,174.17,16.75
6,20130320T013026.525827_62_aug_6.csv,216.67,52.22,20.92
