,name,c-x,c-y,radius
0,20130320T005724.770991.Cam6_22_aug_3.csv,62.5,113.89,13.14
1,20130320T005724.770991.Cam6_22_aug_3.csv,83.06,110.83,11.48
2,20130320T005724.770991.Cam6_22_aug_3.csv,108.06,63.06,14.53
3,20130320T005724.770991.Cam6_22_aug_3.csv,86.94,60.83,14.53
4,20130320T005724.770991.Cam6_22_aug_3.csv,71.39,31.11,15.64
5,20130320T005724.770991.Cam6_22_aug_3.csv,97.78,33.33,15.64
6,20130320T005724.770991.Cam6_22_aug_3.csv,193.89,122.22,15.64
