,name,c-x,c-y,radius
0,20130320T005754.104844.Cam6_52_aug_7.csv,41.11,89.17,22.31
1,20130320T005754.104844.Cam6_52_aug_7.csv,79.72,86.11,18.98
