,name,c-x,c-y,radius
0,20130320T005444.958049.Cam6_62_aug_0.csv,292.22,126.11,14.53
1,20130320T005444.958049.Cam6_62_aug_0.csv,220.83,67.78,14.53
2,20130320T005444.958049.Cam6_62_aug_0.csv,144.17,39.17,15.09
3,20130320T005444.958049.Cam6_62_aug_0.csv,102.78,22.5,16.75
4,20130320T005444.958049.Cam6_62_aug_0.csv,72.78,19.44,15.09
5,20130320T005444.958049.Cam6_62_aug_0.csv,46.39,96.67,14.25
