,name,c-x,c-y,radius
0,20130320T012946.524989_21_aug_0.csv,214.0340118408203,126.19259643554688,21.75
1,20130320T012946.524989_21_aug_0.csv,187.364013671875,133.41259765625,23.98
2,20130320T012946.524989_21_aug_0.csv,152.64401245117188,123.41259765625,23.98
3,20130320T012946.524989_21_aug_0.csv,88.75401306152344,101.74259948730469,23.98
4,20130320T012946.524989_21_aug_0.csv,197.92401123046875,42.572601318359375,23.98
5,20130320T012946.524989_21_aug_0.csv,196.25401306152344,69.24259948730469,23.98
