,name,c-x,c-y,radius
0,20130320T004715.425029.Cam6_73_aug_5.csv,192.54792022705078,62.977516174316406,12.57
1,20130320T004715.425029.Cam6_73_aug_5.csv,139.08792114257812,44.90752029418945,11.8
