,name,c-x,c-y,radius
0,20130320T005226.669574.Cam6_63_aug_7.csv,4.52,115.48,17.42
1,20130320T005226.669574.Cam6_63_aug_7.csv,30.97,110.97,17.42
2,20130320T005226.669574.Cam6_63_aug_7.csv,22.58,190.0,16.45
3,20130320T005226.669574.Cam6_63_aug_7.csv,30.32,56.13,16.45
4,20130320T005226.669574.Cam6_63_aug_7.csv,150.97,32.9,19.35
5,20130320T005226.669574.Cam6_63_aug_7.csv,296.45,61.29,19.35
