,name,c-x,c-y,radius
0,20130320T005754.104844.Cam6_52_aug_2.csv,257.96942138671875,97.65107727050781,22.31
1,20130320T005754.104844.Cam6_52_aug_2.csv,219.35940551757812,94.59107971191406,18.98
