,name,c-x,c-y,radius
0,20130320T013223.861478_33_aug_1.csv,197.32666778564453,141.71250915527344,17.03
1,20130320T013223.861478_33_aug_1.csv,154.54666137695312,107.54251861572266,19.25
