,name,c-x,c-y,radius
0,20130320T013551.103822_31_aug_7.csv,133.61,13.61,18.98
1,20130320T013551.103822_31_aug_7.csv,189.17,48.06,18.42
2,20130320T013551.103822_31_aug_7.csv,169.17,14.72,15.37
