,name,c-x,c-y,radius
0,20130320T005959.821662.Cam6_14_aug_0.csv,120.22,138.89,19.81
1,20130320T005959.821662.Cam6_14_aug_0.csv,135.78,100.56,22.87
2,20130320T005959.821662.Cam6_14_aug_0.csv,116.33000000000001,85.83,22.87
3,20130320T005959.821662.Cam6_14_aug_0.csv,163.28,73.33,22.87
4,20130320T005959.821662.Cam6_14_aug_0.csv,175.5,43.89,20.37
5,20130320T005959.821662.Cam6_14_aug_0.csv,221.06,1.94,17.03
6,20130320T005959.821662.Cam6_14_aug_0.csv,205.22,5.56,17.03
