,name,c-x,c-y,radius
0,20130320T005448.005735.Cam6_23_aug_0.csv,293.28,179.17,19.81
1,20130320T005448.005735.Cam6_23_aug_0.csv,236.61,192.22,19.81
2,20130320T005448.005735.Cam6_23_aug_0.csv,195.5,198.33,19.81
3,20130320T005448.005735.Cam6_23_aug_0.csv,27.439999999999998,167.22,21.48
4,20130320T005448.005735.Cam6_23_aug_0.csv,38.829999999999984,103.33,20.37
5,20130320T005448.005735.Cam6_23_aug_0.csv,78.56,49.17,15.92
6,20130320T005448.005735.Cam6_23_aug_0.csv,107.44,49.17,16.2
