,name,c-x,c-y,radius
0,20130320T004858.855806.Cam6_33_aug_3.csv,111.42034149169922,80.98925018310547,22.9
1,20130320T004858.855806.Cam6_33_aug_3.csv,116.58033752441406,121.30924987792969,17.74
