,name,c-x,c-y,radius
0,20130320T012823.285182_62_aug_4.csv,54.30431365966797,104.6836166381836,17.87
1,20130320T012823.285182_62_aug_4.csv,175.69432067871094,121.90361785888672,22.31
2,20130320T012823.285182_62_aug_4.csv,97.08431243896484,50.233619689941406,22.31
