,name,c-x,c-y,radius
0,20130320T012823.856693_33_aug_2.csv,149.39,133.61,25.64
1,20130320T012823.856693_33_aug_2.csv,223.0,96.39,20.92
2,20130320T012823.856693_33_aug_2.csv,197.44,51.67,29.25
3,20130320T012823.856693_33_aug_2.csv,157.44,70.28,24.81
4,20130320T012823.856693_33_aug_2.csv,114.11000000000001,81.67,24.81
5,20130320T012823.856693_33_aug_2.csv,0.7799999999999727,66.67,23.7
6,20130320T012823.856693_33_aug_2.csv,130.78,29.72,29.25
7,20130320T012823.856693_33_aug_2.csv,188.0,3.33,29.25
8,20130320T012823.856693_33_aug_2.csv,249.67000000000002,1.11,29.25
