,name,c-x,c-y,radius
0,20130320T005818.486343.Cam6_53_aug_1.csv,149.27980041503906,144.57040405273438,28.42
1,20130320T005818.486343.Cam6_53_aug_1.csv,108.1697998046875,119.84041595458984,24.53
2,20130320T005818.486343.Cam6_53_aug_1.csv,120.94979858398438,172.90040588378906,24.53
