,name,c-x,c-y,radius
0,20130320T004628.947822.Cam6_64_aug_5.csv,217.08721923828125,70.88462829589844,14.44
