,name,c-x,c-y,radius
0,20130320T013220.813916_52_aug_4.csv,195.22,186.39,18.42
1,20130320T013220.813916_52_aug_4.csv,108.28,162.78,19.81
2,20130320T013220.813916_52_aug_4.csv,37.170000000000016,51.67,22.03
