,name,c-x,c-y,radius
0,20130320T005044.000731.Cam6_21_aug_3.csv,199.03,162.9,16.77
1,20130320T005044.000731.Cam6_21_aug_3.csv,188.06,133.23,16.77
2,20130320T005044.000731.Cam6_21_aug_3.csv,196.45,102.9,15.16
3,20130320T005044.000731.Cam6_21_aug_3.csv,227.42,113.23,15.16
4,20130320T005044.000731.Cam6_21_aug_3.csv,221.61,135.48,15.16
5,20130320T005044.000731.Cam6_21_aug_3.csv,214.84,157.74,15.16
6,20130320T005044.000731.Cam6_21_aug_3.csv,230.32,59.35,15.16
7,20130320T005044.000731.Cam6_21_aug_3.csv,176.45,201.29,15.16
8,20130320T005044.000731.Cam6_21_aug_3.csv,212.58,200.65,15.16
