,name,c-x,c-y,radius
0,20130320T005447.053341.Cam6_24_aug_0.csv,242.22,103.89,20.37
1,20130320T005447.053341.Cam6_24_aug_0.csv,284.44,86.11,19.81
