,name,c-x,c-y,radius
0,20130320T005635.436592.Cam6_12_aug_7.csv,225.28,128.06,16.48
1,20130320T005635.436592.Cam6_12_aug_7.csv,230.56,78.33,17.03
2,20130320T005635.436592.Cam6_12_aug_7.csv,213.06,53.33,20.09
3,20130320T005635.436592.Cam6_12_aug_7.csv,238.89,30.83,18.7
