,name,c-x,c-y,radius
0,20130320T005108.382236.Cam6_11_aug_2.csv,116.13,161.61,16.45
1,20130320T005108.382236.Cam6_11_aug_2.csv,99.35,150.97,16.45
2,20130320T005108.382236.Cam6_11_aug_2.csv,174.19,168.39,16.45
3,20130320T005108.382236.Cam6_11_aug_2.csv,114.19,191.61,16.45
4,20130320T005108.382236.Cam6_11_aug_2.csv,136.13,184.84,16.45
