,name,c-x,c-y,radius
0,20130320T004612.947488.Cam6_22_aug_6.csv,68.85452270507812,105.389404296875,14.5
1,20130320T004612.947488.Cam6_22_aug_6.csv,41.154541015625,104.6194076538086,16.03
