,name,c-x,c-y,radius
0,20130320T005641.531967.Cam6_13_aug_6.csv,167.8910675048828,134.8990936279297,20.92
