,name,c-x,c-y,radius
0,20130320T005624.960126.Cam6_12_aug_3.csv,248.61,154.44,18.14
1,20130320T005624.960126.Cam6_12_aug_3.csv,236.67,91.11,20.37
2,20130320T005624.960126.Cam6_12_aug_3.csv,222.78,45.56,20.37
3,20130320T005624.960126.Cam6_12_aug_3.csv,252.78,29.44,21.75
