,name,c-x,c-y,radius
0,20130320T005448.577248.Cam6_22_aug_0.csv,144.94,168.33,19.81
1,20130320T005448.577248.Cam6_22_aug_0.csv,279.11,15.28,19.81
2,20130320T005448.577248.Cam6_22_aug_0.csv,197.44,38.89,17.87
3,20130320T005448.577248.Cam6_22_aug_0.csv,181.32999999999998,45.56,20.09
4,20130320T005448.577248.Cam6_22_aug_0.csv,147.44,57.5,22.31
5,20130320T005448.577248.Cam6_22_aug_0.csv,99.38999999999999,43.06,22.31
6,20130320T005448.577248.Cam6_22_aug_0.csv,16.060000000000002,15.28,22.31
7,20130320T005448.577248.Cam6_22_aug_0.csv,217.72,186.94,17.03
