,name,c-x,c-y,radius
0,20130320T013613.771021_12_aug_3.csv,266.11,189.72,21.75
1,20130320T013613.771021_12_aug_3.csv,243.06,173.61,20.37
2,20130320T013613.771021_12_aug_3.csv,275.56,153.06,22.03
3,20130320T013613.771021_12_aug_3.csv,278.33,111.67,22.03
4,20130320T013613.771021_12_aug_3.csv,248.06,120.83,22.59
5,20130320T013613.771021_12_aug_3.csv,212.22,123.33,22.59
6,20130320T013613.771021_12_aug_3.csv,247.22,79.44,22.03
7,20130320T013613.771021_12_aug_3.csv,274.72,52.22,22.03
