,name,c-x,c-y,radius
0,20130320T005414.671812.Cam6_42_aug_2.csv,55.41999999999999,169.35,22.58
1,20130320T005414.671812.Cam6_42_aug_2.csv,96.38999999999999,83.23,26.13
2,20130320T005414.671812.Cam6_42_aug_2.csv,123.81,6.77,18.38
