,name,c-x,c-y,radius
0,20130320T005911.630298.Cam6_42_aug_3.csv,16.67,45.56,27.03
1,20130320T005911.630298.Cam6_42_aug_3.csv,73.33,166.39,30.64
2,20130320T005911.630298.Cam6_42_aug_3.csv,104.44,165.28,25.64
3,20130320T005911.630298.Cam6_42_aug_3.csv,247.22,141.39,30.64
4,20130320T005911.630298.Cam6_42_aug_3.csv,267.78,170.56,28.14
