,name,c-x,c-y,radius
0,20130320T005812.009959.Cam6_51_aug_3.csv,29.17,105.56,26.2
1,20130320T005812.009959.Cam6_51_aug_3.csv,20.83,51.94,19.25
2,20130320T005812.009959.Cam6_51_aug_3.csv,103.33,96.11,21.48
3,20130320T005812.009959.Cam6_51_aug_3.csv,173.33,171.39,20.37
4,20130320T005812.009959.Cam6_51_aug_3.csv,167.22,176.67,20.37
5,20130320T005812.009959.Cam6_51_aug_3.csv,206.67,175.28,18.14
6,20130320T005812.009959.Cam6_51_aug_3.csv,247.78,197.22,21.48
7,20130320T005812.009959.Cam6_51_aug_3.csv,196.11,32.5,21.48
8,20130320T005812.009959.Cam6_51_aug_3.csv,229.44,26.11,20.37
