,name,c-x,c-y,radius
0,20130320T005045.334133.Cam6_23_aug_3.csv,56.13,187.42,20.32
1,20130320T005045.334133.Cam6_23_aug_3.csv,95.16,171.29,20.32
2,20130320T005045.334133.Cam6_23_aug_3.csv,61.94,153.23,20.32
3,20130320T005045.334133.Cam6_23_aug_3.csv,86.45,145.16,17.09
