,name,c-x,c-y,radius
0,20130320T013116.812606_32_aug_3.csv,69.44,86.11,19.25
1,20130320T013116.812606_32_aug_3.csv,27.78,81.94,19.53
2,20130320T013116.812606_32_aug_3.csv,28.06,93.06,17.31
3,20130320T013116.812606_32_aug_3.csv,3.61,80.83,18.7
4,20130320T013116.812606_32_aug_3.csv,52.22,42.5,21.48
