,name,c-x,c-y,radius
0,20130320T005748.390478.Cam6_53_aug_0.csv,87.5,62.22,20.09
1,20130320T005748.390478.Cam6_53_aug_0.csv,101.67,7.22,16.48
2,20130320T005748.390478.Cam6_53_aug_0.csv,3.33,168.89,16.48
3,20130320T005748.390478.Cam6_53_aug_0.csv,35.28,165.83,16.48
