,name,c-x,c-y,radius
0,20130320T005643.055747.Cam6_31_aug_1.csv,134.44,47.22,22.31
1,20130320T005643.055747.Cam6_31_aug_1.csv,165.56,154.72,19.53
