,name,c-x,c-y,radius
0,20130320T005027.238508.Cam6_53_aug_3.csv,258.06,94.84,23.55
1,20130320T005027.238508.Cam6_53_aug_3.csv,70.32,127.74,21.29
