,name,c-x,c-y,radius
0,20130320T012945.382090_14_aug_2.csv,214.11,169.44,19.25
1,20130320T012945.382090_14_aug_2.csv,183.0,134.44,19.25
2,20130320T012945.382090_14_aug_2.csv,211.32999999999998,130.56,19.25
3,20130320T012945.382090_14_aug_2.csv,218.28,121.39,19.25
4,20130320T012945.382090_14_aug_2.csv,200.78,94.44,21.48
5,20130320T012945.382090_14_aug_2.csv,178.0,60.28,19.81
6,20130320T012945.382090_14_aug_2.csv,166.06,32.22,20.92
