,name,c-x,c-y,radius
0,20130320T013141.574988_42_aug_3.csv,79.44,169.44,15.64
1,20130320T013141.574988_42_aug_3.csv,87.78,144.72,17.03
2,20130320T013141.574988_42_aug_3.csv,115.0,158.61,17.03
3,20130320T013141.574988_42_aug_3.csv,229.44,151.94,17.03
4,20130320T013141.574988_42_aug_3.csv,286.39,118.89,17.31
5,20130320T013141.574988_42_aug_3.csv,157.22,144.72,17.31
