,name,c-x,c-y,radius
0,20130320T004428.183433.Cam6_54_aug_1.csv,98.31,72.5,15.33
1,20130320T004428.183433.Cam6_54_aug_1.csv,184.88,179.69,15.33
