,name,c-x,c-y,radius
0,20130320T005034.857669.Cam6_61_aug_0.csv,296.77,55.48,15.48
1,20130320T005034.857669.Cam6_61_aug_0.csv,285.81,64.84,15.48
2,20130320T005034.857669.Cam6_61_aug_0.csv,183.55,81.29,12.58
3,20130320T005034.857669.Cam6_61_aug_0.csv,98.39,17.1,12.58
4,20130320T005034.857669.Cam6_61_aug_0.csv,82.9,20.0,12.58
