,name,c-x,c-y,radius
0,20130320T005412.767024.Cam6_33_aug_3.csv,137.42,138.06,24.19
1,20130320T005412.767024.Cam6_33_aug_3.csv,153.23,61.94,30.32
2,20130320T005412.767024.Cam6_33_aug_3.csv,209.68,178.39,23.87
