,name,c-x,c-y,radius
0,20130320T004543.994512.Cam6_42_aug_3.csv,53.51,135.68,16.91
1,20130320T004543.994512.Cam6_42_aug_3.csv,56.76,107.57,17.45
2,20130320T004543.994512.Cam6_42_aug_3.csv,29.73,122.7,17.45
3,20130320T004543.994512.Cam6_42_aug_3.csv,55.68,169.73,17.45
