,name,c-x,c-y,radius
0,20130320T004719.806124.Cam6_32_aug_3.csv,59.62,96.54,17.96
1,20130320T004719.806124.Cam6_32_aug_3.csv,47.69,56.15,17.96
2,20130320T004719.806124.Cam6_32_aug_3.csv,32.69,137.69,14.88
