,name,c-x,c-y,radius
0,20130320T004928.380174.Cam6_52_aug_1.csv,156.06,13.87,20.64
1,20130320T004928.380174.Cam6_52_aug_1.csv,168.0,30.97,20.64
2,20130320T004928.380174.Cam6_52_aug_1.csv,110.9,147.1,17.74
