,name,c-x,c-y,radius
0,20130320T005308.384687.Cam6_63_aug_3.csv,24.52,7.1,17.09
1,20130320T005308.384687.Cam6_63_aug_3.csv,49.03,27.1,17.74
2,20130320T005308.384687.Cam6_63_aug_3.csv,59.03,24.52,17.74
3,20130320T005308.384687.Cam6_63_aug_3.csv,150.65,125.48,14.19
4,20130320T005308.384687.Cam6_63_aug_3.csv,166.77,104.84,14.19
5,20130320T005308.384687.Cam6_63_aug_3.csv,184.84,84.52,18.06
6,20130320T005308.384687.Cam6_63_aug_3.csv,289.35,164.52,14.84
