,name,c-x,c-y,radius
0,20130320T005913.535087.Cam6_62_aug_2.csv,246.61,115.83,18.98
1,20130320T005913.535087.Cam6_62_aug_2.csv,218.0,116.67,19.81
2,20130320T005913.535087.Cam6_62_aug_2.csv,212.44,69.44,20.37
3,20130320T005913.535087.Cam6_62_aug_2.csv,123.83000000000001,96.39,21.75
