,name,c-x,c-y,radius
0,20130320T013232.433153_31_aug_1.csv,208.82999999999998,71.94,13.7
1,20130320T013232.433153_31_aug_1.csv,184.39,71.39,13.7
2,20130320T013232.433153_31_aug_1.csv,206.06,88.89,13.7
3,20130320T013232.433153_31_aug_1.csv,39.94,145.28,12.59
4,20130320T013232.433153_31_aug_1.csv,59.110000000000014,168.33,12.59
5,20130320T013232.433153_31_aug_1.csv,117.72,131.67,12.59
6,20130320T013232.433153_31_aug_1.csv,108.28,138.61,12.59
7,20130320T013232.433153_31_aug_1.csv,174.39,95.56,12.87
