,name,c-x,c-y,radius
0,20130320T005058.667785.Cam6_44_aug_1.csv,138.32,159.03,19.03
1,20130320T005058.667785.Cam6_44_aug_1.csv,16.389999999999986,167.42,19.03
2,20130320T005058.667785.Cam6_44_aug_1.csv,124.44999999999999,70.0,19.03
3,20130320T005058.667785.Cam6_44_aug_1.csv,110.9,65.48,19.03
4,20130320T005058.667785.Cam6_44_aug_1.csv,148.97,58.71,21.29
5,20130320T005058.667785.Cam6_44_aug_1.csv,165.42,71.94,21.29
