,name,c-x,c-y,radius
0,20130320T005818.486343.Cam6_53_aug_3.csv,173.06,129.17,28.42
1,20130320T005818.486343.Cam6_53_aug_3.csv,214.17,104.44,24.53
2,20130320T005818.486343.Cam6_53_aug_3.csv,201.39,157.5,24.53
