,name,c-x,c-y,radius
0,20130320T005029.143298.Cam6_11_aug_0.csv,134.84,176.45,19.35
1,20130320T005029.143298.Cam6_11_aug_0.csv,141.29,150.65,19.35
2,20130320T005029.143298.Cam6_11_aug_0.csv,118.39,167.42,19.35
3,20130320T005029.143298.Cam6_11_aug_0.csv,171.29,163.55,19.35
4,20130320T005029.143298.Cam6_11_aug_0.csv,153.87,137.74,19.35
5,20130320T005029.143298.Cam6_11_aug_0.csv,176.45,105.16,17.09
6,20130320T005029.143298.Cam6_11_aug_0.csv,145.16,79.35,15.48
7,20130320T005029.143298.Cam6_11_aug_0.csv,137.74,111.29,17.74
8,20130320T005029.143298.Cam6_11_aug_0.csv,161.94,32.58,16.77
