,name,c-x,c-y,radius
0,20130320T012918.143419_34_aug_3.csv,171.11,176.11,16.75
1,20130320T012918.143419_34_aug_3.csv,72.22,143.33,16.2
2,20130320T012918.143419_34_aug_3.csv,6.39,106.39,16.2
