,name,c-x,c-y,radius
0,20130320T013507.293420_33_aug_1.csv,261.89,141.39,20.64
1,20130320T013507.293420_33_aug_1.csv,216.32999999999998,43.33,19.25
2,20130320T013507.293420_33_aug_1.csv,184.11,63.89,17.31
3,20130320T013507.293420_33_aug_1.csv,147.17,91.67,17.31
4,20130320T013507.293420_33_aug_1.csv,114.94,112.5,18.98
5,20130320T013507.293420_33_aug_1.csv,112.16999999999999,66.94,17.59
6,20130320T013507.293420_33_aug_1.csv,194.67000000000002,199.72,17.59
