,name,c-x,c-y,radius
0,20130320T004731.806377.Cam6_12_aug_3.csv,143.85,130.0,16.8
1,20130320T004731.806377.Cam6_12_aug_3.csv,111.54,140.77,16.8
2,20130320T004731.806377.Cam6_12_aug_3.csv,136.54,101.92,16.8
3,20130320T004731.806377.Cam6_12_aug_3.csv,98.46,107.31,16.8
4,20130320T004731.806377.Cam6_12_aug_3.csv,108.08,65.38,13.73
