,name,c-x,c-y,radius
0,20130320T004426.469151.Cam6_32_aug_0.csv,239.25,13.44,20.95
1,20130320T004426.469151.Cam6_32_aug_0.csv,140.19,125.94,25.33
2,20130320T004426.469151.Cam6_32_aug_0.csv,94.56,149.37,31.58
