,name,c-x,c-y,radius
0,20130320T013717.200819_33_aug_2.csv,230.22,158.61,18.42
1,20130320T013717.200819_33_aug_2.csv,209.11,128.33,18.98
2,20130320T013717.200819_33_aug_2.csv,267.72,128.06,18.98
