,name,c-x,c-y,radius
0,20130320T004429.326331.Cam6_73_aug_3.csv,207.5,58.75,15.95
1,20130320T004429.326331.Cam6_73_aug_3.csv,127.5,103.12,13.45
