,name,c-x,c-y,radius
0,20130320T004425.516756.Cam6_43_aug_3.csv,202.81,154.37,11.89
1,20130320T004425.516756.Cam6_43_aug_3.csv,183.75,155.94,11.26
