,name,c-x,c-y,radius
0,20130320T012823.094678_33_aug_3.csv,32.22,98.33,21.2
1,20130320T012823.094678_33_aug_3.csv,86.94,83.33,21.2
2,20130320T012823.094678_33_aug_3.csv,13.33,59.44,21.2
3,20130320T012823.094678_33_aug_3.csv,278.33,1.11,21.2
