,name,c-x,c-y,radius
0,20130320T013031.478304_62_aug_1.csv,271.61,92.22,21.75
1,20130320T013031.478304_62_aug_1.csv,236.32999999999998,75.83,20.09
2,20130320T013031.478304_62_aug_1.csv,196.32999999999998,102.22,20.09
