,name,c-x,c-y,radius
0,20130320T004430.659734.Cam6_42_aug_1.csv,233.0,91.25,19.08
1,20130320T004430.659734.Cam6_42_aug_1.csv,272.38,104.69,16.89
2,20130320T004430.659734.Cam6_42_aug_1.csv,255.5,75.31,17.2
3,20130320T004430.659734.Cam6_42_aug_1.csv,158.94,144.37,10.01
