,name,c-x,c-y,radius
0,20130320T004530.851480.Cam6_51_aug_0.csv,123.41,48.11,18.8
1,20130320T004530.851480.Cam6_51_aug_0.csv,149.08,65.14,18.8
2,20130320T004530.851480.Cam6_51_aug_0.csv,192.32,120.0,18.8
3,20130320T004530.851480.Cam6_51_aug_0.csv,238.81,165.95,16.91
4,20130320T004530.851480.Cam6_51_aug_0.csv,214.22,111.08,17.18
