,name,c-x,c-y,radius
0,20130320T005548.578494.Cam6_33_aug_0.csv,157.17,65.56,23.98
1,20130320T005548.578494.Cam6_33_aug_0.csv,118.28,54.72,20.37
2,20130320T005548.578494.Cam6_33_aug_0.csv,118.0,17.22,18.98
3,20130320T005548.578494.Cam6_33_aug_0.csv,151.33,13.06,21.2
4,20130320T005548.578494.Cam6_33_aug_0.csv,191.32999999999998,28.33,18.7
