,name,c-x,c-y,radius
0,20130320T004607.995015.Cam6_24_aug_0.csv,235.31,123.46,18.73
1,20130320T004607.995015.Cam6_24_aug_0.csv,160.31,97.69,17.57
