,name,c-x,c-y,radius
0,20130320T005556.769166.Cam6_53_aug_0.csv,247.17000000000002,134.72,24.81
1,20130320T005556.769166.Cam6_53_aug_0.csv,249.39,109.44,21.2
2,20130320T005556.769166.Cam6_53_aug_0.csv,285.5,53.33,21.2
3,20130320T005556.769166.Cam6_53_aug_0.csv,254.39,35.83,21.48
4,20130320T005556.769166.Cam6_53_aug_0.csv,102.72,55.28,21.48
5,20130320T005556.769166.Cam6_53_aug_0.csv,202.17000000000002,193.89,20.64
