,name,c-x,c-y,radius
0,20130320T013303.481404_32_aug_3.csv,16.67,118.06,15.64
1,20130320T013303.481404_32_aug_3.csv,111.67,78.89,14.25
2,20130320T013303.481404_32_aug_3.csv,106.39,105.83,13.42
3,20130320T013303.481404_32_aug_3.csv,129.72,118.89,15.37
