,name,c-x,c-y,radius
0,20130320T004425.516756.Cam6_43_aug_2.csv,105.19,154.37,11.89
1,20130320T004425.516756.Cam6_43_aug_2.csv,124.25,155.94,11.26
