,name,c-x,c-y,radius
0,20130320T005223.812267.Cam6_61_aug_3.csv,32.26,37.74,16.77
1,20130320T005223.812267.Cam6_61_aug_3.csv,245.81,16.77,14.84
2,20130320T005223.812267.Cam6_61_aug_3.csv,248.71,36.13,14.84
3,20130320T005223.812267.Cam6_61_aug_3.csv,256.77,148.39,12.26
4,20130320T005223.812267.Cam6_61_aug_3.csv,241.94,155.81,12.26
