,name,c-x,c-y,radius
0,20130320T012854.142929_43_aug_1.csv,99.66999999999999,92.78,15.09
1,20130320T012854.142929_43_aug_1.csv,183.0,100.0,17.31
2,20130320T012854.142929_43_aug_1.csv,174.11,76.94,13.7
3,20130320T012854.142929_43_aug_1.csv,213.82999999999998,75.0,14.81
4,20130320T012854.142929_43_aug_1.csv,223.82999999999998,82.22,14.81
5,20130320T012854.142929_43_aug_1.csv,257.17,151.39,17.31
