,name,c-x,c-y,radius
0,20130320T005501.339388.Cam6_41_aug_0.csv,149.39,126.67,22.03
1,20130320T005501.339388.Cam6_41_aug_0.csv,160.5,103.89,25.09
2,20130320T005501.339388.Cam6_41_aug_0.csv,114.94,108.61,25.09
3,20130320T005501.339388.Cam6_41_aug_0.csv,25.220000000000027,146.67,20.37
4,20130320T005501.339388.Cam6_41_aug_0.csv,18.560000000000002,114.72,20.37
