,name,c-x,c-y,radius
0,20130320T005119.430084.Cam6_11_aug_2.csv,203.48000000000002,121.29,12.58
