,name,c-x,c-y,radius
0,20130320T012946.524989_21_aug_0.csv,199.11,138.06,21.75
1,20130320T012946.524989_21_aug_0.csv,172.44,145.28,23.98
2,20130320T012946.524989_21_aug_0.csv,137.72,135.28,23.98
3,20130320T012946.524989_21_aug_0.csv,73.83000000000001,113.61,23.98
4,20130320T012946.524989_21_aug_0.csv,183.0,54.44,23.98
5,20130320T012946.524989_21_aug_0.csv,181.32999999999998,81.11,23.98
