,name,c-x,c-y,radius
0,20130320T013348.625201_53_aug_2.csv,260.22,20.28,25.64
1,20130320T013348.625201_53_aug_2.csv,90.22,51.39,28.14
2,20130320T013348.625201_53_aug_2.csv,24.389999999999986,6.94,28.14
3,20130320T013348.625201_53_aug_2.csv,25.220000000000027,193.61,24.53
4,20130320T013348.625201_53_aug_2.csv,145.78,192.22,26.48
