,name,c-x,c-y,radius
0,20130320T004935.046935.Cam6_52_aug_3.csv,121.94,144.52,15.8
1,20130320T004935.046935.Cam6_52_aug_3.csv,149.03,114.19,16.77
2,20130320T004935.046935.Cam6_52_aug_3.csv,193.87,166.45,15.16
3,20130320T004935.046935.Cam6_52_aug_3.csv,199.68,152.58,15.16
4,20130320T004935.046935.Cam6_52_aug_3.csv,212.9,132.9,15.16
5,20130320T004935.046935.Cam6_52_aug_3.csv,223.55,155.16,15.16
6,20130320T004935.046935.Cam6_52_aug_3.csv,252.58,49.03,25.8
7,20130320T004935.046935.Cam6_52_aug_3.csv,22.58,180.0,13.22
