,name,c-x,c-y,radius
0,20130320T005812.771975.Cam6_41_aug_2.csv,96.94,118.06,21.2
1,20130320T005812.771975.Cam6_41_aug_2.csv,130.83,112.5,21.2
