,name,c-x,c-y,radius
0,20130320T005817.152940.Cam6_63_aug_3.csv,96.94,133.06,21.48
1,20130320T005817.152940.Cam6_63_aug_3.csv,38.89,0.28,21.48
