,name,c-x,c-y,radius
0,20130320T005259.622632.Cam6_42_aug_1.csv,296.71,125.16,16.45
1,20130320T005259.622632.Cam6_42_aug_1.csv,259.61,97.74,16.45
2,20130320T005259.622632.Cam6_42_aug_1.csv,193.48000000000002,133.23,17.74
3,20130320T005259.622632.Cam6_42_aug_1.csv,147.35,167.1,17.74
4,20130320T005259.622632.Cam6_42_aug_1.csv,8.0,72.26,17.74
