,name,c-x,c-y,radius
0,20130320T005016.381156.Cam6_42_aug_3.csv,23.23,178.06,19.03
1,20130320T005016.381156.Cam6_42_aug_3.csv,69.35,134.19,19.03
2,20130320T005016.381156.Cam6_42_aug_3.csv,50.0,64.84,17.09
3,20130320T005016.381156.Cam6_42_aug_3.csv,85.16,102.9,18.06
4,20130320T005016.381156.Cam6_42_aug_3.csv,96.13,120.32,17.09
5,20130320T005016.381156.Cam6_42_aug_3.csv,200.0,119.35,16.13
6,20130320T005016.381156.Cam6_42_aug_3.csv,266.77,90.65,16.13
7,20130320T005016.381156.Cam6_42_aug_3.csv,286.13,68.06,13.87
8,20130320T005016.381156.Cam6_42_aug_3.csv,152.26,24.19,18.06
