,name,c-x,c-y,radius
0,20130320T005454.863128.Cam6_22_aug_0.csv,156.06,165.56,21.75
1,20130320T005454.863128.Cam6_22_aug_0.csv,147.17,111.11,19.53
2,20130320T005454.863128.Cam6_22_aug_0.csv,112.16999999999999,106.67,20.64
