,name,c-x,c-y,radius
0,20130320T013505.198129_43_aug_3.csv,30.0,101.67,20.64
1,20130320T013505.198129_43_aug_3.csv,81.39,129.72,18.98
2,20130320T013505.198129_43_aug_3.csv,293.06,68.33,21.48
