,name,c-x,c-y,radius
0,20130320T005017.714559.Cam6_41_aug_1.csv,220.57999999999998,147.42,20.96
1,20130320T005017.714559.Cam6_41_aug_1.csv,122.52000000000001,55.48,15.48
