,name,c-x,c-y,radius
0,20130320T005322.099219.Cam6_23_aug_0.csv,204.45,123.87,18.71
1,20130320T005322.099219.Cam6_23_aug_0.csv,214.76999999999998,163.55,21.29
