,name,c-x,c-y,radius
0,20130320T004717.329820.Cam6_63_aug_0.csv,119.91999999999999,104.23,13.34
1,20130320T004717.329820.Cam6_63_aug_0.csv,262.23,70.77,16.42
2,20130320T004717.329820.Cam6_63_aug_0.csv,282.23,2.69,14.88
3,20130320T004717.329820.Cam6_63_aug_0.csv,252.23,16.54,14.11
4,20130320T004717.329820.Cam6_63_aug_0.csv,234.15,18.85,12.96
5,20130320T004717.329820.Cam6_63_aug_0.csv,249.15,136.54,16.03
6,20130320T004717.329820.Cam6_63_aug_0.csv,43.379999999999995,30.0,18.34
