,name,c-x,c-y,radius
0,20130320T012917.000521_31_aug_3.csv,31.94,133.06,15.09
1,20130320T012917.000521_31_aug_3.csv,212.5,78.06,16.75
2,20130320T012917.000521_31_aug_3.csv,233.61,107.22,16.2
3,20130320T012917.000521_31_aug_3.csv,227.22,105.0,16.2
4,20130320T012917.000521_31_aug_3.csv,266.11,96.39,17.87
5,20130320T012917.000521_31_aug_3.csv,257.78,122.5,16.75
