,name,c-x,c-y,radius
0,20130320T004551.613799.Cam6_44_aug_0.csv,175.38,115.0,14.11
1,20130320T004551.613799.Cam6_44_aug_0.csv,142.69,139.23,13.34
2,20130320T004551.613799.Cam6_44_aug_0.csv,131.54,193.85,14.11
