,name,c-x,c-y,radius
0,20130320T013021.192340_43_aug_2.csv,170.78,52.22,17.03
1,20130320T013021.192340_43_aug_2.csv,82.16999999999999,54.44,17.03
2,20130320T013021.192340_43_aug_2.csv,78.83000000000001,105.56,15.92
