,name,c-x,c-y,radius
0,20130320T013714.343638_13_aug_1.csv,105.5,91.67,18.42
1,20130320T013714.343638_13_aug_1.csv,154.67,64.17,18.42
2,20130320T013714.343638_13_aug_1.csv,101.06,29.72,18.42
