,name,c-x,c-y,radius
0,20130320T004533.518162.Cam6_41_aug_1.csv,101.78,149.46,23.13
1,20130320T004533.518162.Cam6_41_aug_1.csv,66.38,142.43,22.32
2,20130320T004533.518162.Cam6_41_aug_1.csv,297.19,138.38,21.5
