,name,c-x,c-y,radius
0,20130320T004401.325755.Cam6_61_aug_2.csv,236.44,48.12,14.08
1,20130320T004401.325755.Cam6_61_aug_2.csv,241.13,58.75,14.08
2,20130320T004401.325755.Cam6_61_aug_2.csv,235.81,73.12,14.08
3,20130320T004401.325755.Cam6_61_aug_2.csv,190.19,84.37,14.08
4,20130320T004401.325755.Cam6_61_aug_2.csv,133.31,130.62,14.08
5,20130320T004401.325755.Cam6_61_aug_2.csv,165.81,150.31,14.08
6,20130320T004401.325755.Cam6_61_aug_2.csv,177.38,134.37,11.26
