,name,c-x,c-y,radius
0,20130320T005136.573304.Cam6_24_aug_0.csv,233.81,77.74,21.93
1,20130320T005136.573304.Cam6_24_aug_0.csv,266.06,104.19,20.64
2,20130320T005136.573304.Cam6_24_aug_0.csv,225.1,120.32,21.61
3,20130320T005136.573304.Cam6_24_aug_0.csv,74.44999999999999,94.84,19.03
