,name,c-x,c-y,radius
0,20130320T013306.529089_42_aug_1.csv,243.0,110.56,15.92
1,20130320T013306.529089_42_aug_1.csv,236.32999999999998,119.72,17.31
2,20130320T013306.529089_42_aug_1.csv,173.0,45.0,16.48
3,20130320T013306.529089_42_aug_1.csv,151.61,118.06,15.92
4,20130320T013306.529089_42_aug_1.csv,153.56,140.28,17.31
5,20130320T013306.529089_42_aug_1.csv,122.44,146.94,16.75
6,20130320T013306.529089_42_aug_1.csv,39.110000000000014,135.0,16.75
7,20130320T013306.529089_42_aug_1.csv,6.060000000000002,133.06,16.75
8,20130320T013306.529089_42_aug_1.csv,19.110000000000014,160.83,16.75
