,name,c-x,c-y,radius
0,20130320T004351.992184.Cam6_61_aug_3.csv,212.4,124.8,19.87
1,20130320T004351.992184.Cam6_61_aug_3.csv,150.4,126.8,19.87
2,20130320T004351.992184.Cam6_61_aug_3.csv,166.4,92.8,19.87
3,20130320T004351.992184.Cam6_61_aug_3.csv,178.4,173.2,18.27
4,20130320T004351.992184.Cam6_61_aug_3.csv,148.4,176.0,18.27
5,20130320T004351.992184.Cam6_61_aug_3.csv,168.0,198.8,18.27
