,name,c-x,c-y,radius
0,20130320T005547.435596.Cam6_42_aug_3.csv,13.89,70.28,25.09
1,20130320T005547.435596.Cam6_42_aug_3.csv,92.5,65.83,27.31
2,20130320T005547.435596.Cam6_42_aug_3.csv,179.17,92.5,25.37
3,20130320T005547.435596.Cam6_42_aug_3.csv,200.56,99.44,23.98
4,20130320T005547.435596.Cam6_42_aug_3.csv,95.83,177.22,19.53
