,name,c-x,c-y,radius
0,20130320T005231.622053.Cam6_11_aug_0.csv,260.9,127.74,18.71
1,20130320T005231.622053.Cam6_11_aug_0.csv,244.77,149.68,16.45
