,name,c-x,c-y,radius
0,20130320T004555.804388.Cam6_33_aug_2.csv,39.14999999999998,144.62,13.73
