,name,c-x,c-y,radius
0,20130320T013701.772015_23_aug_3.csv,89.44,87.22,19.25
1,20130320T013701.772015_23_aug_3.csv,57.5,49.17,17.31
