,name,c-x,c-y,radius
0,20130320T005229.717262.Cam6_14_aug_1.csv,158.0,150.65,16.45
1,20130320T005229.717262.Cam6_14_aug_1.csv,136.39,130.32,15.8
2,20130320T005229.717262.Cam6_14_aug_1.csv,166.06,135.81,15.8
