,name,c-x,c-y,radius
0,20130320T010001.916956.Cam6_44_aug_2.csv,188.82999999999998,114.44,18.42
1,20130320T010001.916956.Cam6_44_aug_2.csv,164.67,137.22,22.87
2,20130320T010001.916956.Cam6_44_aug_2.csv,128.83,119.72,21.75
3,20130320T010001.916956.Cam6_44_aug_2.csv,90.78,106.94,19.53
