,name,c-x,c-y,radius
0,20130320T005546.483202.Cam6_13_aug_0.csv,282.17,98.89,25.64
1,20130320T005546.483202.Cam6_13_aug_0.csv,239.39,97.22,23.14
2,20130320T005546.483202.Cam6_13_aug_0.csv,288.28,60.28,27.87
3,20130320T005546.483202.Cam6_13_aug_0.csv,234.39,67.78,29.25
4,20130320T005546.483202.Cam6_13_aug_0.csv,177.72,65.28,23.98
5,20130320T005546.483202.Cam6_13_aug_0.csv,297.44,179.17,21.75
