,name,c-x,c-y,radius
0,20130320T005745.342789.Cam6_11_aug_0.csv,241.32999999999998,47.5,17.87
1,20130320T005745.342789.Cam6_11_aug_0.csv,256.33,50.0,17.87
2,20130320T005745.342789.Cam6_11_aug_0.csv,81.33000000000001,142.78,19.81
3,20130320T005745.342789.Cam6_11_aug_0.csv,61.06,111.11,22.03
4,20130320T005745.342789.Cam6_11_aug_0.csv,88.56,82.5,22.03
5,20130320T005745.342789.Cam6_11_aug_0.csv,70.22,50.0,21.48
6,20130320T005745.342789.Cam6_11_aug_0.csv,158.0,194.72,20.37
