,name,c-x,c-y,radius
0,20130320T013330.148570_32_aug_0.csv,187.44,121.67,20.37
1,20130320T013330.148570_32_aug_0.csv,167.17,115.0,22.59
2,20130320T013330.148570_32_aug_0.csv,141.61,31.94,27.59
3,20130320T013330.148570_32_aug_0.csv,63.0,27.5,23.42
4,20130320T013330.148570_32_aug_0.csv,20.220000000000027,26.67,24.81
5,20130320T013330.148570_32_aug_0.csv,28.829999999999984,51.39,22.31
