,name,c-x,c-y,radius
0,20130320T013025.001919_32_aug_1.csv,271.61,146.11,20.64
1,20130320T013025.001919_32_aug_1.csv,297.17,94.44,20.64
2,20130320T013025.001919_32_aug_1.csv,303.28,50.0,20.64
3,20130320T013025.001919_32_aug_1.csv,112.44,101.11,23.7
4,20130320T013025.001919_32_aug_1.csv,156.61,115.83,23.7
