,name,c-x,c-y,radius
0,20130320T005423.814872.Cam6_12_aug_1.csv,16.11,54.17,15.64
1,20130320T005423.814872.Cam6_12_aug_1.csv,19.44,47.78,15.64
2,20130320T005423.814872.Cam6_12_aug_1.csv,303.33,146.94,18.42
3,20130320T005423.814872.Cam6_12_aug_1.csv,276.94,120.0,16.75
