,name,c-x,c-y,radius
0,20130320T013126.146046_22_aug_3.csv,175.56,103.89,15.09
1,20130320T013126.146046_22_aug_3.csv,201.67,116.67,15.64
2,20130320T013126.146046_22_aug_3.csv,24.44,95.83,14.25
3,20130320T013126.146046_22_aug_3.csv,166.39,25.0,17.03
4,20130320T013126.146046_22_aug_3.csv,198.06,9.44,16.48
5,20130320T013126.146046_22_aug_3.csv,207.22,24.17,16.48
