,name,c-x,c-y,radius
0,20130320T005027.238508.Cam6_53_aug_2.csv,49.94,94.84,23.55
1,20130320T005027.238508.Cam6_53_aug_2.csv,237.68,127.74,21.29
