,name,c-x,c-y,radius
0,20130320T005757.152532.Cam6_11_aug_0.csv,85.22,167.5,19.53
1,20130320T005757.152532.Cam6_11_aug_0.csv,47.170000000000016,140.0,20.09
2,20130320T005757.152532.Cam6_11_aug_0.csv,44.110000000000014,59.17,21.48
3,20130320T005757.152532.Cam6_11_aug_0.csv,34.670000000000016,81.11,19.53
