,name,c-x,c-y,radius
0,20130320T004719.234611.Cam6_22_aug_0.csv,266.15,119.23,21.03
1,20130320T004719.234611.Cam6_22_aug_0.csv,247.31,104.23,21.03
2,20130320T004719.234611.Cam6_22_aug_0.csv,248.85,65.77,20.65
3,20130320T004719.234611.Cam6_22_aug_0.csv,282.31,56.92,19.88
4,20130320T004719.234611.Cam6_22_aug_0.csv,239.23,143.85,19.88
5,20130320T004719.234611.Cam6_22_aug_0.csv,232.69,136.92,19.88
6,20130320T004719.234611.Cam6_22_aug_0.csv,276.15,158.08,19.88
7,20130320T004719.234611.Cam6_22_aug_0.csv,282.31,131.54,19.88
8,20130320T004719.234611.Cam6_22_aug_0.csv,281.92,191.54,19.88
