,name,c-x,c-y,radius
0,20130320T004806.664219.Cam6_23_aug_1.csv,185.48,91.29,20.96
1,20130320T004806.664219.Cam6_23_aug_1.csv,184.52,130.32,20.32
2,20130320T004806.664219.Cam6_23_aug_1.csv,219.03,102.26,20.32
3,20130320T004806.664219.Cam6_23_aug_1.csv,219.35,64.84,19.35
4,20130320T004806.664219.Cam6_23_aug_1.csv,46.77,3.23,19.35
