,name,c-x,c-y,radius
0,20130320T004757.902037.Cam6_42_aug_1.csv,153.77,126.15,20.65
1,20130320T004757.902037.Cam6_42_aug_1.csv,126.85,124.62,18.73
2,20130320T004757.902037.Cam6_42_aug_1.csv,87.22999999999999,71.92,19.11
3,20130320T004757.902037.Cam6_42_aug_1.csv,48.76999999999998,66.54,18.34
4,20130320T004757.902037.Cam6_42_aug_1.csv,209.15,80.77,18.34
