,name,c-x,c-y,radius
0,20130320T005956.583597.Cam6_13_aug_2.csv,36.329999999999984,4.72,19.25
1,20130320T005956.583597.Cam6_13_aug_2.csv,129.39,166.11,23.14
2,20130320T005956.583597.Cam6_13_aug_2.csv,15.220000000000027,161.39,21.75
3,20130320T005956.583597.Cam6_13_aug_2.csv,9.389999999999986,201.39,21.75
