,name,c-x,c-y,radius
0,20130320T005236.193525.Cam6_61_aug_3.csv,66.45,94.84,16.45
1,20130320T005236.193525.Cam6_61_aug_3.csv,110.65,119.03,13.55
2,20130320T005236.193525.Cam6_61_aug_3.csv,79.35,188.06,13.22
3,20130320T005236.193525.Cam6_61_aug_3.csv,198.06,153.87,12.58
4,20130320T005236.193525.Cam6_61_aug_3.csv,272.26,139.68,14.51
