,name,c-x,c-y,radius
0,20130320T004903.236773.Cam6_61_aug_0.csv,203.23,50.0,18.06
1,20130320T004903.236773.Cam6_61_aug_0.csv,225.81,34.52,18.06
2,20130320T004903.236773.Cam6_61_aug_0.csv,236.77,20.32,18.06
3,20130320T004903.236773.Cam6_61_aug_0.csv,129.35,33.55,18.06
