,name,c-x,c-y,radius
0,20130320T005756.390641.Cam6_43_aug_3.csv,10.28,67.78,19.81
1,20130320T005756.390641.Cam6_43_aug_3.csv,78.06,81.67,20.09
2,20130320T005756.390641.Cam6_43_aug_3.csv,113.89,110.83,20.09
3,20130320T005756.390641.Cam6_43_aug_3.csv,117.5,155.83,19.25
4,20130320T005756.390641.Cam6_43_aug_3.csv,140.56,156.67,17.87
5,20130320T005756.390641.Cam6_43_aug_3.csv,277.78,106.39,21.75
