,name,c-x,c-y,radius
0,20130320T004927.999164.Cam6_31_aug_0.csv,60.900000000000006,114.19,22.58
1,20130320T004927.999164.Cam6_31_aug_0.csv,101.55000000000001,125.16,20.64
2,20130320T004927.999164.Cam6_31_aug_0.csv,90.25999999999999,35.48,19.67
