,name,c-x,c-y,radius
0,20130320T005814.867143.Cam6_12_aug_3.csv,155.28,183.33,22.31
1,20130320T005814.867143.Cam6_12_aug_3.csv,181.94,182.78,23.98
2,20130320T005814.867143.Cam6_12_aug_3.csv,238.89,168.06,18.42
3,20130320T005814.867143.Cam6_12_aug_3.csv,259.17,144.17,22.59
4,20130320T005814.867143.Cam6_12_aug_3.csv,305.56,133.33,22.59
5,20130320T005814.867143.Cam6_12_aug_3.csv,307.22,150.56,20.64
