,name,c-x,c-y,radius
0,20130320T005100.001062.Cam6_32_aug_2.csv,27.74,126.77,18.71
1,20130320T005100.001062.Cam6_32_aug_2.csv,76.13,99.68,15.8
2,20130320T005100.001062.Cam6_32_aug_2.csv,31.61,98.71,15.16
