,name,c-x,c-y,radius
0,20130320T004710.853432.Cam6_73_aug_0.csv,92.83000000000001,61.72,16.16
1,20130320T004710.853432.Cam6_73_aug_0.csv,67.66,49.31,13.06
2,20130320T004710.853432.Cam6_73_aug_0.csv,99.72,35.17,13.06
