,name,c-x,c-y,radius
0,20130320T013541.198864_13_aug_0.csv,12.170000000000016,89.72,18.42
1,20130320T013541.198864_13_aug_0.csv,32.170000000000016,95.28,17.31
2,20130320T013541.198864_13_aug_0.csv,21.610000000000014,23.06,20.09
3,20130320T013541.198864_13_aug_0.csv,156.61,20.28,20.09
4,20130320T013541.198864_13_aug_0.csv,201.06,50.56,20.09
5,20130320T013541.198864_13_aug_0.csv,214.39,37.22,20.09
6,20130320T013541.198864_13_aug_0.csv,253.56,31.11,20.09
7,20130320T013541.198864_13_aug_0.csv,296.06,84.17,20.09
8,20130320T013541.198864_13_aug_0.csv,303.28,119.17,18.98
