,name,c-x,c-y,radius
0,20130320T005957.916873.Cam6_42_aug_3.csv,236.67,121.67,17.59
1,20130320T005957.916873.Cam6_42_aug_3.csv,268.06,105.56,18.98
2,20130320T005957.916873.Cam6_42_aug_3.csv,294.72,148.61,22.87
3,20130320T005957.916873.Cam6_42_aug_3.csv,228.06,82.22,23.98
4,20130320T005957.916873.Cam6_42_aug_3.csv,269.17,75.56,18.98
