,name,c-x,c-y,radius
0,20130320T012851.285745_42_aug_2.csv,278.56,92.5,15.37
1,20130320T012851.285745_42_aug_2.csv,246.32999999999998,65.0,15.37
2,20130320T012851.285745_42_aug_2.csv,223.56,62.78,14.81
3,20130320T012851.285745_42_aug_2.csv,184.67000000000002,50.0,14.25
4,20130320T012851.285745_42_aug_2.csv,83.28,56.39,14.81
5,20130320T012851.285745_42_aug_2.csv,62.16999999999999,87.78,13.7
6,20130320T012851.285745_42_aug_2.csv,57.44,69.44,12.87
7,20130320T012851.285745_42_aug_2.csv,13.0,108.89,14.53
