,name,c-x,c-y,radius
0,20130320T013607.104137_43_aug_1.csv,153.83,115.28,18.98
1,20130320T013607.104137_43_aug_1.csv,210.22,76.67,18.98
2,20130320T013607.104137_43_aug_1.csv,92.44,43.61,21.48
