,name,c-x,c-y,radius
0,20130320T004943.999495.Cam6_42_aug_3.csv,50.0,106.45,16.13
1,20130320T004943.999495.Cam6_42_aug_3.csv,19.68,95.81,17.09
2,20130320T004943.999495.Cam6_42_aug_3.csv,25.16,151.61,15.8
3,20130320T004943.999495.Cam6_42_aug_3.csv,51.61,130.0,17.09
4,20130320T004943.999495.Cam6_42_aug_3.csv,67.1,71.94,13.87
5,20130320T004943.999495.Cam6_42_aug_3.csv,275.81,61.61,20.96
6,20130320T004943.999495.Cam6_42_aug_3.csv,302.26,18.71,20.96
