,name,c-x,c-y,radius
0,20130320T013431.102178_34_aug_3.csv,72.22,74.72,21.75
1,20130320T013431.102178_34_aug_3.csv,61.39,98.33,23.14
2,20130320T013431.102178_34_aug_3.csv,117.22,61.94,22.59
