,name,c-x,c-y,radius
0,20130320T013714.343638_13_aug_3.csv,202.5,91.67,18.42
1,20130320T013714.343638_13_aug_3.csv,153.33,64.17,18.42
2,20130320T013714.343638_13_aug_3.csv,206.94,29.72,18.42
