,name,c-x,c-y,radius
0,20130320T013217.956608_31_aug_1.csv,125.5,87.78,27.87
1,20130320T013217.956608_31_aug_1.csv,78.56,99.72,26.48
