,name,c-x,c-y,radius
0,20130320T005825.914994.Cam6_31_aug_2.csv,66.11,170.56,23.14
1,20130320T005825.914994.Cam6_31_aug_2.csv,84.44,196.39,20.64
2,20130320T005825.914994.Cam6_31_aug_2.csv,58.06,5.83,20.64
3,20130320T005825.914994.Cam6_31_aug_2.csv,118.61,169.17,20.92
4,20130320T005825.914994.Cam6_31_aug_2.csv,108.33,168.89,20.92
5,20130320T005825.914994.Cam6_31_aug_2.csv,197.78,71.94,28.42
6,20130320T005825.914994.Cam6_31_aug_2.csv,175.83,49.17,23.98
7,20130320T005825.914994.Cam6_31_aug_2.csv,235.0,54.72,23.42
