,name,c-x,c-y,radius
0,20130320T005545.530809.Cam6_53_aug_3.csv,8.06,58.33,21.75
1,20130320T005545.530809.Cam6_53_aug_3.csv,50.0,63.61,23.98
2,20130320T005545.530809.Cam6_53_aug_3.csv,37.5,99.72,21.75
3,20130320T005545.530809.Cam6_53_aug_3.csv,59.72,115.28,17.31
4,20130320T005545.530809.Cam6_53_aug_3.csv,294.44,10.0,19.25
