,name,c-x,c-y,radius
0,20130320T013109.193320_51_aug_1.csv,215.5,145.56,13.7
1,20130320T013109.193320_51_aug_1.csv,271.06,113.61,14.53
2,20130320T013109.193320_51_aug_1.csv,261.89,84.44,15.64
