,name,c-x,c-y,radius
0,20130320T012914.905227_42_aug_2.csv,32.170000000000016,58.06,16.48
1,20130320T012914.905227_42_aug_2.csv,37.44,36.11,16.48
2,20130320T012914.905227_42_aug_2.csv,159.67,46.67,15.64
3,20130320T012914.905227_42_aug_2.csv,188.28,49.72,15.64
4,20130320T012914.905227_42_aug_2.csv,145.22,84.44,13.7
