,name,c-x,c-y,radius
0,20130320T004719.806124.Cam6_32_aug_2.csv,248.38,96.54,17.96
1,20130320T004719.806124.Cam6_32_aug_2.csv,260.31,56.15,17.96
2,20130320T004719.806124.Cam6_32_aug_2.csv,275.31,137.69,14.88
