,name,c-x,c-y,radius
0,20130320T013430.340287_53_aug_0.csv,58.0,139.72,29.53
1,20130320T013430.340287_53_aug_0.csv,112.16999999999999,149.44,29.53
