,name,c-x,c-y,radius
0,20130320T012857.571624_33_aug_2.csv,132.44,153.61,17.31
1,20130320T012857.571624_33_aug_2.csv,138.56,119.72,18.98
2,20130320T012857.571624_33_aug_2.csv,226.89,71.39,16.2
