,name,c-x,c-y,radius
0,20130320T013026.335322_23_aug_3.csv,140.28,173.89,20.09
1,20130320T013026.335322_23_aug_3.csv,96.11,170.83,19.25
2,20130320T013026.335322_23_aug_3.csv,215.28,111.39,19.81
3,20130320T013026.335322_23_aug_3.csv,229.44,113.89,19.25
4,20130320T013026.335322_23_aug_3.csv,255.56,96.94,19.25
5,20130320T013026.335322_23_aug_3.csv,102.5,80.56,19.81
6,20130320T013026.335322_23_aug_3.csv,116.67,48.61,20.64
7,20130320T013026.335322_23_aug_3.csv,72.78,30.28,21.2
8,20130320T013026.335322_23_aug_3.csv,44.44,35.28,23.14
