,name,c-x,c-y,radius
0,20130320T005503.244176.Cam6_42_aug_1.csv,183.56,145.0,25.09
1,20130320T005503.244176.Cam6_42_aug_1.csv,143.83,78.33,23.98
2,20130320T005503.244176.Cam6_42_aug_1.csv,264.11,75.56,23.98
3,20130320T005503.244176.Cam6_42_aug_1.csv,307.17,71.39,19.53
4,20130320T005503.244176.Cam6_42_aug_1.csv,143.28,0.83,25.64
