,name,c-x,c-y,radius
0,20130320T010000.964560.Cam6_42_aug_2.csv,254.67000000000002,87.5,20.64
1,20130320T010000.964560.Cam6_42_aug_2.csv,208.82999999999998,141.94,22.31
2,20130320T010000.964560.Cam6_42_aug_2.csv,167.44,129.44,22.31
3,20130320T010000.964560.Cam6_42_aug_2.csv,86.33000000000001,153.06,20.09
4,20130320T010000.964560.Cam6_42_aug_2.csv,55.5,140.28,23.98
