,name,c-x,c-y,radius
0,20130320T005825.153103.Cam6_13_aug_1.csv,266.89,36.67,25.64
1,20130320T005825.153103.Cam6_13_aug_1.csv,263.83,145.83,25.64
2,20130320T005825.153103.Cam6_13_aug_1.csv,241.89,129.17,23.14
3,20130320T005825.153103.Cam6_13_aug_1.csv,155.5,121.11,18.42
4,20130320T005825.153103.Cam6_13_aug_1.csv,136.89,156.11,26.48
