,name,c-x,c-y,radius
0,20130320T005546.102195.Cam6_52_aug_2.csv,282.17,81.39,18.98
1,20130320T005546.102195.Cam6_52_aug_2.csv,199.67000000000002,37.5,25.37
2,20130320T005546.102195.Cam6_52_aug_2.csv,57.72,43.33,33.7
3,20130320T005546.102195.Cam6_52_aug_2.csv,89.66999999999999,172.78,19.81
4,20130320T005546.102195.Cam6_52_aug_2.csv,39.110000000000014,160.83,21.2
