,name,c-x,c-y,radius
0,20130320T012907.095566_43_aug_0.csv,216.61,80.0,21.2
1,20130320T012907.095566_43_aug_0.csv,258.83,91.11,21.75
