,name,c-x,c-y,radius
0,20130320T013608.628043_23_aug_0.csv,267.44,80.28,18.42
1,20130320T013608.628043_23_aug_0.csv,213.82999999999998,51.94,18.7
2,20130320T013608.628043_23_aug_0.csv,86.88999999999999,94.17,15.09
