,name,c-x,c-y,radius
0,20130320T013608.628043_23_aug_1.csv,40.56,80.28,18.42
1,20130320T013608.628043_23_aug_1.csv,94.17,51.94,18.7
2,20130320T013608.628043_23_aug_1.csv,221.11,94.17,15.09
