,name,c-x,c-y,radius
0,20130320T005822.486424.Cam6_43_aug_3.csv,245.0,109.44,26.2
1,20130320T005822.486424.Cam6_43_aug_3.csv,215.0,80.0,32.59
