,name,c-x,c-y,radius
0,20130320T005233.336339.Cam6_71_aug_0.csv,275.1,103.55,13.87
1,20130320T005233.336339.Cam6_71_aug_0.csv,227.68,40.65,11.61
2,20130320T005233.336339.Cam6_71_aug_0.csv,177.03,59.35,11.61
3,20130320T005233.336339.Cam6_71_aug_0.csv,162.52,68.39,11.61
4,20130320T005233.336339.Cam6_71_aug_0.csv,123.16,103.55,12.9
5,20130320T005233.336339.Cam6_71_aug_0.csv,155.42,89.68,10.64
