,name,c-x,c-y,radius
0,20130320T005316.575359.Cam6_53_aug_0.csv,36.389999999999986,18.06,15.8
1,20130320T005316.575359.Cam6_53_aug_0.csv,216.39,62.58,16.77
2,20130320T005316.575359.Cam6_53_aug_0.csv,266.06,47.42,16.77
3,20130320T005316.575359.Cam6_53_aug_0.csv,200.26,42.26,17.74
4,20130320T005316.575359.Cam6_53_aug_0.csv,197.03,97.1,17.74
5,20130320T005316.575359.Cam6_53_aug_0.csv,70.9,156.13,14.84
6,20130320T005316.575359.Cam6_53_aug_0.csv,47.35000000000002,161.29,14.84
