,name,c-x,c-y,radius
0,20130320T005450.101029.Cam6_62_aug_0.csv,86.88999999999999,171.11,12.31
