,name,c-x,c-y,radius
0,20130320T005308.384687.Cam6_63_aug_1.csv,283.48,7.1,17.09
1,20130320T005308.384687.Cam6_63_aug_1.csv,258.97,27.1,17.74
2,20130320T005308.384687.Cam6_63_aug_1.csv,248.97,24.52,17.74
3,20130320T005308.384687.Cam6_63_aug_1.csv,157.35,125.48,14.19
4,20130320T005308.384687.Cam6_63_aug_1.csv,141.23,104.84,14.19
5,20130320T005308.384687.Cam6_63_aug_1.csv,123.16,84.52,18.06
6,20130320T005308.384687.Cam6_63_aug_1.csv,18.649999999999977,164.52,14.84
