,name,c-x,c-y,radius
0,20130320T005952.964398.Cam6_21_aug_3.csv,248.06,121.94,25.37
1,20130320T005952.964398.Cam6_21_aug_3.csv,286.11,146.94,20.37
2,20130320T005952.964398.Cam6_21_aug_3.csv,252.22,155.56,20.37
3,20130320T005952.964398.Cam6_21_aug_3.csv,292.78,117.5,20.37
4,20130320T005952.964398.Cam6_21_aug_3.csv,271.94,83.33,19.53
5,20130320T005952.964398.Cam6_21_aug_3.csv,250.0,19.17,19.53
6,20130320T005952.964398.Cam6_21_aug_3.csv,258.89,21.94,22.87
7,20130320T005952.964398.Cam6_21_aug_3.csv,294.17,21.11,19.53
