,name,c-x,c-y,radius
0,20130320T004451.993418.Cam6_41_aug_0.csv,159.88,114.37,21.26
1,20130320T004451.993418.Cam6_41_aug_0.csv,117.69,127.19,21.26
2,20130320T004451.993418.Cam6_41_aug_0.csv,87.69,111.87,21.26
