,name,c-x,c-y,radius
0,20130320T005025.333719.Cam6_41_aug_3.csv,6.13,143.87,19.03
1,20130320T005025.333719.Cam6_41_aug_3.csv,138.71,125.81,19.03
2,20130320T005025.333719.Cam6_41_aug_3.csv,167.74,128.71,19.03
3,20130320T005025.333719.Cam6_41_aug_3.csv,200.32,144.19,22.9
4,20130320T005025.333719.Cam6_41_aug_3.csv,180.65,194.52,22.9
5,20130320T005025.333719.Cam6_41_aug_3.csv,243.55,177.74,22.9
6,20130320T005025.333719.Cam6_41_aug_3.csv,287.42,167.1,21.93
