,name,c-x,c-y,radius
0,20130320T004402.659157.Cam6_43_aug_3.csv,195.94,73.12,25.33
1,20130320T004402.659157.Cam6_43_aug_3.csv,275.62,101.56,20.01
