,name,c-x,c-y,radius
0,20130320T004529.518076.Cam6_53_aug_0.csv,145.03,73.78,9.88
1,20130320T004529.518076.Cam6_53_aug_0.csv,129.08,81.08,9.88
2,20130320T004529.518076.Cam6_53_aug_0.csv,132.05,61.08,8.53
3,20130320T004529.518076.Cam6_53_aug_0.csv,31.24000000000001,61.35,8.53
4,20130320T004529.518076.Cam6_53_aug_0.csv,47.73000000000002,58.65,8.53
