,name,c-x,c-y,radius
0,20130320T004402.659157.Cam6_43_aug_2.csv,112.06,73.12,25.33
1,20130320T004402.659157.Cam6_43_aug_2.csv,32.379999999999995,101.56,20.01
