,name,c-x,c-y,radius
0,20130320T004445.136158.Cam6_23_aug_3.csv,5.94,15.94,21.89
1,20130320T004445.136158.Cam6_23_aug_3.csv,35.62,33.75,19.7
2,20130320T004445.136158.Cam6_23_aug_3.csv,109.69,50.0,19.7
