,name,c-x,c-y,radius
0,20130320T004533.518162.Cam6_41_aug_3.csv,206.22,149.46,23.13
1,20130320T004533.518162.Cam6_41_aug_3.csv,241.62,142.43,22.32
2,20130320T004533.518162.Cam6_41_aug_3.csv,10.81,138.38,21.5
