,name,c-x,c-y,radius
0,20130320T005236.955415.Cam6_23_aug_1.csv,259.29,181.29,20.0
1,20130320T005236.955415.Cam6_23_aug_1.csv,139.29,86.45,20.0
2,20130320T005236.955415.Cam6_23_aug_1.csv,90.25999999999999,45.81,17.74
