,name,c-x,c-y,radius
0,20130320T004924.761097.Cam6_73_aug_1.csv,186.06,117.74,12.58
1,20130320T004924.761097.Cam6_73_aug_1.csv,136.71,104.84,11.29
2,20130320T004924.761097.Cam6_73_aug_1.csv,127.35,81.29,12.58
3,20130320T004924.761097.Cam6_73_aug_1.csv,149.29,2.9,12.58
