,name,c-x,c-y,radius
0,20130320T013040.049855_33_aug_1.csv,301.06,183.61,16.75
1,20130320T013040.049855_33_aug_1.csv,275.5,165.56,17.59
2,20130320T013040.049855_33_aug_1.csv,274.94,115.83,17.31
3,20130320T013040.049855_33_aug_1.csv,281.89,99.17,17.31
4,20130320T013040.049855_33_aug_1.csv,243.56,98.61,17.87
5,20130320T013040.049855_33_aug_1.csv,137.44,59.44,15.64
6,20130320T013040.049855_33_aug_1.csv,105.22,61.11,18.42
7,20130320T013040.049855_33_aug_1.csv,59.110000000000014,70.83,18.14
