,name,c-x,c-y,radius
0,20130320T013515.484081_13_aug_3.csv,237.5,179.17,19.53
1,20130320T013515.484081_13_aug_3.csv,276.67,167.22,20.37
2,20130320T013515.484081_13_aug_3.csv,236.11,134.17,23.7
3,20130320T013515.484081_13_aug_3.csv,274.44,126.11,20.64
4,20130320T013515.484081_13_aug_3.csv,198.33,65.28,19.53
5,20130320T013515.484081_13_aug_3.csv,228.89,33.06,19.53
6,20130320T013515.484081_13_aug_3.csv,193.61,31.94,17.31
