,name,c-x,c-y,radius
0,20130320T005028.000399.Cam6_43_aug_3.csv,121.29,37.74,23.87
1,20130320T005028.000399.Cam6_43_aug_3.csv,160.32,21.94,23.87
2,20130320T005028.000399.Cam6_43_aug_3.csv,31.29,43.23,22.58
3,20130320T005028.000399.Cam6_43_aug_3.csv,133.55,131.61,22.58
4,20130320T005028.000399.Cam6_43_aug_3.csv,204.84,188.39,20.0
5,20130320T005028.000399.Cam6_43_aug_3.csv,232.9,158.71,20.0
