,name,c-x,c-y,radius
0,20130320T005041.905438.Cam6_24_aug_1.csv,262.84000000000003,136.45,16.13
1,20130320T005041.905438.Cam6_24_aug_1.csv,243.48000000000002,99.03,16.13
