,name,c-x,c-y,radius
0,20130320T005319.813548.Cam6_22_aug_1.csv,52.52000000000001,156.77,22.58
1,20130320T005319.813548.Cam6_22_aug_1.csv,43.48000000000002,119.03,22.58
2,20130320T005319.813548.Cam6_22_aug_1.csv,8.319999999999993,149.03,25.48
3,20130320T005319.813548.Cam6_22_aug_1.csv,8.319999999999993,112.9,25.48
