,name,c-x,c-y,radius
0,20130320T005254.670153.Cam6_21_aug_2.csv,299.94,12.9,17.42
1,20130320T005254.670153.Cam6_21_aug_2.csv,263.15999999999997,19.68,17.42
2,20130320T005254.670153.Cam6_21_aug_2.csv,287.68,44.19,17.42
3,20130320T005254.670153.Cam6_21_aug_2.csv,245.74,85.81,19.35
