,name,c-x,c-y,radius
0,20130320T004607.423628.Cam6_51_aug_2.csv,281.54,155.0,15.27
1,20130320T004607.423628.Cam6_51_aug_2.csv,167.69,91.54,15.27
