,name,c-x,c-y,radius
0,20130320T005615.817189.Cam6_32_aug_1.csv,238.56,63.33,21.2
1,20130320T005615.817189.Cam6_32_aug_1.csv,153.28,49.72,23.42
2,20130320T005615.817189.Cam6_32_aug_1.csv,116.33000000000001,66.94,20.37
