,name,c-x,c-y,radius
0,20130320T005617.912359.Cam6_63_aug_2.csv,74.72,190.83,15.09
1,20130320T005617.912359.Cam6_63_aug_2.csv,161.39,43.61,17.03
2,20130320T005617.912359.Cam6_63_aug_2.csv,212.5,44.44,17.87
3,20130320T005617.912359.Cam6_63_aug_2.csv,286.11,30.28,19.53
