,name,c-x,c-y,radius
0,20130320T005446.291451.Cam6_23_aug_0.csv,228.82999999999998,23.61,22.59
1,20130320T005446.291451.Cam6_23_aug_0.csv,286.06,174.72,23.7
2,20130320T005446.291451.Cam6_23_aug_0.csv,191.89,89.44,26.2
3,20130320T005446.291451.Cam6_23_aug_0.csv,161.33,71.11,32.03
4,20130320T005446.291451.Cam6_23_aug_0.csv,81.88999999999999,18.06,20.37
