,name,c-x,c-y,radius
0,20130320T013352.244276_32_aug_3.csv,33.89,43.06,20.92
1,20130320T013352.244276_32_aug_3.csv,5.0,70.28,20.92
