,name,c-x,c-y,radius
0,20130320T005428.005335.Cam6_21_aug_3.csv,192.22,38.06,18.42
1,20130320T005428.005335.Cam6_21_aug_3.csv,221.39,49.17,17.59
