,name,c-x,c-y,radius
0,20130320T012821.570898_41_aug_1.csv,286.89,125.0,18.42
1,20130320T012821.570898_41_aug_1.csv,291.61,172.5,17.59
2,20130320T012821.570898_41_aug_1.csv,217.72,65.28,20.64
3,20130320T012821.570898_41_aug_1.csv,122.72,158.89,18.98
