,name,c-x,c-y,radius
0,20130320T004931.046852.Cam6_32_aug_0.csv,229.29000000000002,160.97,22.58
