,name,c-x,c-y,radius
0,20130320T005544.959297.Cam6_62_aug_3.csv,76.11,137.78,18.7
1,20130320T005544.959297.Cam6_62_aug_3.csv,108.61,121.67,17.87
2,20130320T005544.959297.Cam6_62_aug_3.csv,124.44,96.94,15.92
3,20130320T005544.959297.Cam6_62_aug_3.csv,176.67,92.78,18.7
4,20130320T005544.959297.Cam6_62_aug_3.csv,193.06,33.33,24.53
5,20130320T005544.959297.Cam6_62_aug_3.csv,202.5,110.83,14.81
