,name,c-x,c-y,radius
0,20130320T004915.618035.Cam6_23_aug_2.csv,238.65,167.74,21.61
1,20130320T004915.618035.Cam6_23_aug_2.csv,189.94,174.84,21.61
2,20130320T004915.618035.Cam6_23_aug_2.csv,106.38999999999999,102.58,20.0
