,name,c-x,c-y,radius
0,20130320T013627.866430_31_aug_1.csv,171.33,154.72,16.48
1,20130320T013627.866430_31_aug_1.csv,223.56,150.28,13.42
2,20130320T013627.866430_31_aug_1.csv,233.0,80.28,15.92
3,20130320T013627.866430_31_aug_1.csv,243.28,54.17,17.03
4,20130320T013627.866430_31_aug_1.csv,262.17,68.89,17.03
