,name,c-x,c-y,radius
0,20130320T004908.951143.Cam6_23_aug_0.csv,307.68,148.06,21.93
1,20130320T004908.951143.Cam6_23_aug_0.csv,290.9,107.1,19.35
2,20130320T004908.951143.Cam6_23_aug_0.csv,266.71,122.9,19.35
3,20130320T004908.951143.Cam6_23_aug_0.csv,248.32,41.29,19.67
4,20130320T004908.951143.Cam6_23_aug_0.csv,222.84,50.32,19.67
5,20130320T004908.951143.Cam6_23_aug_0.csv,251.23,62.9,19.67
6,20130320T004908.951143.Cam6_23_aug_0.csv,290.58,59.68,15.8
7,20130320T004908.951143.Cam6_23_aug_0.csv,148.97,183.23,20.64
8,20130320T004908.951143.Cam6_23_aug_0.csv,111.87,186.77,20.64
