,name,c-x,c-y,radius
0,20130320T005103.048751.Cam6_62_aug_1.csv,156.06,148.71,14.84
1,20130320T005103.048751.Cam6_62_aug_1.csv,270.26,107.74,14.84
2,20130320T005103.048751.Cam6_62_aug_1.csv,166.71,73.23,14.84
3,20130320T005103.048751.Cam6_62_aug_1.csv,149.29,61.29,14.84
