,name,c-x,c-y,radius
0,20130320T005814.867143.Cam6_12_aug_0.csv,152.72,183.33,22.31
1,20130320T005814.867143.Cam6_12_aug_0.csv,126.06,182.78,23.98
2,20130320T005814.867143.Cam6_12_aug_0.csv,69.11000000000001,168.06,18.42
3,20130320T005814.867143.Cam6_12_aug_0.csv,48.829999999999984,144.17,22.59
4,20130320T005814.867143.Cam6_12_aug_0.csv,2.4399999999999977,133.33,22.59
5,20130320T005814.867143.Cam6_12_aug_0.csv,0.7799999999999727,150.56,20.64
