,name,c-x,c-y,radius
0,20130320T013135.670117_13_aug_1.csv,161.61,128.89,14.25
1,20130320T013135.670117_13_aug_1.csv,101.06,8.61,14.25
2,20130320T013135.670117_13_aug_1.csv,29.389999999999986,86.11,15.64
3,20130320T013135.670117_13_aug_1.csv,34.670000000000016,6.39,15.09
4,20130320T013135.670117_13_aug_1.csv,306.61,108.89,15.09
