,name,c-x,c-y,radius
0,20130320T004618.661981.Cam6_62_aug_0.csv,212.14,105.86,10.64
1,20130320T004618.661981.Cam6_62_aug_0.csv,224.20999999999998,121.03,10.64
2,20130320T004618.661981.Cam6_62_aug_0.csv,190.76,120.69,10.64
3,20130320T004618.661981.Cam6_62_aug_0.csv,200.76,117.93,10.64
4,20130320T004618.661981.Cam6_62_aug_0.csv,198.69,148.62,10.64
5,20130320T004618.661981.Cam6_62_aug_0.csv,193.51999999999998,146.21,10.64
