,name,c-x,c-y,radius
0,20130320T005324.575519.Cam6_21_aug_0.csv,229.94,190.65,14.84
1,20130320T005324.575519.Cam6_21_aug_0.csv,216.06,164.84,15.8
2,20130320T005324.575519.Cam6_21_aug_0.csv,186.39,153.23,15.16
3,20130320T005324.575519.Cam6_21_aug_0.csv,231.55,145.81,15.48
4,20130320T005324.575519.Cam6_21_aug_0.csv,250.9,122.26,15.48
5,20130320T005324.575519.Cam6_21_aug_0.csv,255.74,112.9,15.48
