,name,c-x,c-y,radius
0,20130320T012923.476901_31_aug_1.csv,85.56,109.44,14.53
1,20130320T012923.476901_31_aug_1.csv,126.39,97.5,14.53
2,20130320T012923.476901_31_aug_1.csv,128.89,66.67,13.98
3,20130320T012923.476901_31_aug_1.csv,119.44,5.0,13.42
4,20130320T012923.476901_31_aug_1.csv,170.56,175.56,12.59
5,20130320T012923.476901_31_aug_1.csv,78.89,171.11,13.14
6,20130320T012923.476901_31_aug_1.csv,104.17,182.78,13.14
