,name,c-x,c-y,radius
0,20130320T005644.770158.Cam6_13_aug_3.csv,261.11,152.78,27.03
1,20130320T005644.770158.Cam6_13_aug_3.csv,214.72,116.94,21.2
2,20130320T005644.770158.Cam6_13_aug_3.csv,204.17,87.5,18.42
3,20130320T005644.770158.Cam6_13_aug_3.csv,243.89,39.72,19.53
4,20130320T005644.770158.Cam6_13_aug_3.csv,274.44,19.44,18.7
