,name,c-x,c-y,radius
0,20130320T004928.380174.Cam6_52_aug_0.csv,151.94,13.87,20.64
1,20130320T004928.380174.Cam6_52_aug_0.csv,140.0,30.97,20.64
2,20130320T004928.380174.Cam6_52_aug_0.csv,197.1,147.1,17.74
