,name,c-x,c-y,radius
0,20130320T013022.906751_13_aug_3.csv,7.22,131.39,20.09
1,20130320T013022.906751_13_aug_3.csv,21.11,140.28,19.53
2,20130320T013022.906751_13_aug_3.csv,38.89,112.22,20.92
3,20130320T013022.906751_13_aug_3.csv,5.28,99.17,20.92
4,20130320T013022.906751_13_aug_3.csv,87.22,121.67,18.42
