,name,c-x,c-y,radius
0,20130320T005307.051284.Cam6_64_aug_3.csv,148.71,38.39,13.87
1,20130320T005307.051284.Cam6_64_aug_3.csv,235.81,18.71,13.87
