,name,c-x,c-y,radius
0,20130320T005929.916304.Cam6_22_aug_2.csv,223.61,33.89,22.59
1,20130320T005929.916304.Cam6_22_aug_2.csv,266.67,128.33,22.59
2,20130320T005929.916304.Cam6_22_aug_2.csv,245.56,165.0,21.75
