,name,c-x,c-y,radius
0,20130320T004808.188000.Cam6_61_aug_2.csv,151.55,123.87,17.42
1,20130320T004808.188000.Cam6_61_aug_2.csv,59.610000000000014,54.52,18.71
2,20130320T004808.188000.Cam6_61_aug_2.csv,90.58000000000001,46.77,18.71
