,name,c-x,c-y,radius
0,20130320T005904.201525.Cam6_12_aug_2.csv,107.72,180.28,30.37
1,20130320T005904.201525.Cam6_12_aug_2.csv,179.39,111.39,31.75
2,20130320T005904.201525.Cam6_12_aug_2.csv,156.33,75.28,50.09
3,20130320T005904.201525.Cam6_12_aug_2.csv,111.06,79.72,41.75
