,name,c-x,c-y,radius
0,20130320T005545.721311.Cam6_53_aug_2.csv,276.89,83.33,23.42
1,20130320T005545.721311.Cam6_53_aug_2.csv,250.5,82.5,22.03
2,20130320T005545.721311.Cam6_53_aug_2.csv,257.44,3.61,20.09
3,20130320T005545.721311.Cam6_53_aug_2.csv,125.5,10.83,19.81
4,20130320T005545.721311.Cam6_53_aug_2.csv,89.94,14.44,22.59
5,20130320T005545.721311.Cam6_53_aug_2.csv,78.28,59.44,22.03
6,20130320T005545.721311.Cam6_53_aug_2.csv,43.0,64.72,23.42
7,20130320T005545.721311.Cam6_53_aug_2.csv,63.28,100.83,21.2
8,20130320T005545.721311.Cam6_53_aug_2.csv,81.06,115.83,17.59
