,name,c-x,c-y,radius
0,20130320T005759.819336.Cam6_51_aug_3.csv,209.72,115.0,20.37
1,20130320T005759.819336.Cam6_51_aug_3.csv,268.89,44.44,22.87
2,20130320T005759.819336.Cam6_51_aug_3.csv,224.44,37.5,22.03
3,20130320T005759.819336.Cam6_51_aug_3.csv,174.72,24.17,18.14
