,name,c-x,c-y,radius
0,20130320T005650.294023.Cam6_41_aug_2.csv,23.829999999999984,162.22,19.81
