,name,c-x,c-y,radius
0,20130320T013336.243945_43_aug_0.csv,181.89,95.56,25.64
1,20130320T013336.243945_43_aug_0.csv,131.89,117.22,29.53
