,name,c-x,c-y,radius
0,20130320T012820.428000_21_aug_2.csv,203.56,118.89,17.87
1,20130320T012820.428000_21_aug_2.csv,109.11000000000001,158.06,17.87
2,20130320T012820.428000_21_aug_2.csv,105.5,126.39,18.98
3,20130320T012820.428000_21_aug_2.csv,73.0,141.39,19.81
