,name,c-x,c-y,radius
0,20130320T012933.762855_12_aug_2.csv,38.56,178.61,19.53
1,20130320T012933.762855_12_aug_2.csv,183.28,172.22,18.42
2,20130320T012933.762855_12_aug_2.csv,213.82999999999998,165.83,19.53
3,20130320T012933.762855_12_aug_2.csv,215.78,135.56,18.98
4,20130320T012933.762855_12_aug_2.csv,171.61,119.72,18.98
5,20130320T012933.762855_12_aug_2.csv,198.56,65.56,19.53
6,20130320T012933.762855_12_aug_2.csv,217.17000000000002,5.56,19.53
