,name,c-x,c-y,radius
0,20130320T005910.487399.Cam6_34_aug_0.csv,288.56,38.61,23.98
1,20130320T005910.487399.Cam6_34_aug_0.csv,149.67,23.61,21.48
2,20130320T005910.487399.Cam6_34_aug_0.csv,161.33,14.17,21.48
3,20130320T005910.487399.Cam6_34_aug_0.csv,179.94,10.0,21.48
