,name,c-x,c-y,radius
0,20130320T013512.817404_42_aug_1.csv,208.82999999999998,114.44,19.25
1,20130320T013512.817404_42_aug_1.csv,53.28,125.56,16.2
2,20130320T013512.817404_42_aug_1.csv,26.329999999999984,151.39,18.7
3,20130320T013512.817404_42_aug_1.csv,284.39,18.33,20.92
