,name,c-x,c-y,radius
0,20130320T004420.945168.Cam6_44_aug_2.csv,186.75,146.25,10.95
1,20130320T004420.945168.Cam6_44_aug_2.csv,204.25,143.75,10.95
2,20130320T004420.945168.Cam6_44_aug_2.csv,195.19,164.06,10.95
