,name,c-x,c-y,radius
0,20130320T012945.953603_42_aug_1.csv,305.5,76.94,21.2
1,20130320T012945.953603_42_aug_1.csv,263.0,90.83,23.42
2,20130320T012945.953603_42_aug_1.csv,179.94,56.11,25.09
3,20130320T012945.953603_42_aug_1.csv,178.0,44.44,25.09
4,20130320T012945.953603_42_aug_1.csv,143.0,61.11,22.31
5,20130320T012945.953603_42_aug_1.csv,139.94,71.94,23.14
6,20130320T012945.953603_42_aug_1.csv,90.22,90.28,22.03
7,20130320T012945.953603_42_aug_1.csv,79.94,48.33,24.25
