,name,c-x,c-y,radius
0,20130320T013312.814961_43_aug_3.csv,47.22,76.39,19.25
1,20130320T013312.814961_43_aug_3.csv,150.0,40.83,15.09
2,20130320T013312.814961_43_aug_3.csv,153.61,181.94,16.48
3,20130320T013312.814961_43_aug_3.csv,183.06,145.28,15.37
4,20130320T013312.814961_43_aug_3.csv,190.83,166.39,15.64
5,20130320T013312.814961_43_aug_3.csv,212.22,190.83,16.75
