,name,c-x,c-y,radius
0,20130320T004712.377340.Cam6_23_aug_3.csv,40.77,27.31,26.03
1,20130320T004712.377340.Cam6_23_aug_3.csv,31.15,51.15,21.42
2,20130320T004712.377340.Cam6_23_aug_3.csv,69.23,64.62,23.73
3,20130320T004712.377340.Cam6_23_aug_3.csv,129.23,35.77,21.03
