,name,c-x,c-y,radius
0,20130320T013523.865255_13_aug_1.csv,174.11,128.89,24.25
1,20130320T013523.865255_13_aug_1.csv,168.0,168.33,20.37
2,20130320T013523.865255_13_aug_1.csv,130.22,160.28,20.92
3,20130320T013523.865255_13_aug_1.csv,148.83,112.78,20.37
4,20130320T013523.865255_13_aug_1.csv,128.0,117.5,19.81
5,20130320T013523.865255_13_aug_1.csv,256.89,66.39,19.81
6,20130320T013523.865255_13_aug_1.csv,207.72,62.5,19.81
