,name,c-x,c-y,radius
0,20130320T005025.333719.Cam6_41_aug_1.csv,301.87,143.87,19.03
1,20130320T005025.333719.Cam6_41_aug_1.csv,169.29,125.81,19.03
2,20130320T005025.333719.Cam6_41_aug_1.csv,140.26,128.71,19.03
3,20130320T005025.333719.Cam6_41_aug_1.csv,107.68,144.19,22.9
4,20130320T005025.333719.Cam6_41_aug_1.csv,127.35,194.52,22.9
5,20130320T005025.333719.Cam6_41_aug_1.csv,64.44999999999999,177.74,22.9
6,20130320T005025.333719.Cam6_41_aug_1.csv,20.579999999999984,167.1,21.93
