,name,c-x,c-y,radius
0,20130320T005807.247987.Cam6_24_aug_1.csv,193.06,171.67,22.87
1,20130320T005807.247987.Cam6_24_aug_1.csv,230.56,182.5,22.87
2,20130320T005807.247987.Cam6_24_aug_1.csv,186.39,69.72,17.03
3,20130320T005807.247987.Cam6_24_aug_1.csv,200.0,42.22,20.64
4,20130320T005807.247987.Cam6_24_aug_1.csv,240.56,33.33,20.92
