,name,c-x,c-y,radius
0,20130320T013705.772093_22_aug_1.csv,123.56,173.89,17.31
1,20130320T013705.772093_22_aug_1.csv,103.83000000000001,157.22,16.48
2,20130320T013705.772093_22_aug_1.csv,83.83000000000001,138.06,17.59
3,20130320T013705.772093_22_aug_1.csv,186.61,168.61,18.14
4,20130320T013705.772093_22_aug_1.csv,215.78,164.72,17.87
5,20130320T013705.772093_22_aug_1.csv,256.33,17.78,16.75
6,20130320T013705.772093_22_aug_1.csv,223.56,12.5,16.75
