,name,c-x,c-y,radius
0,20130320T013717.200819_33_aug_3.csv,77.78,158.61,18.42
1,20130320T013717.200819_33_aug_3.csv,98.89,128.33,18.98
2,20130320T013717.200819_33_aug_3.csv,40.28,128.06,18.98
