,name,c-x,c-y,radius
0,20130320T012921.191107_32_aug_3.csv,17.78,56.94,15.92
1,20130320T012921.191107_32_aug_3.csv,7.5,19.44,15.92
2,20130320T012921.191107_32_aug_3.csv,30.28,16.39,15.92
3,20130320T012921.191107_32_aug_3.csv,17.78,79.72,15.92
4,20130320T012921.191107_32_aug_3.csv,27.22,161.94,15.64
5,20130320T012921.191107_32_aug_3.csv,181.39,129.44,17.03
