,name,c-x,c-y,radius
0,20130320T005818.486343.Cam6_53_aug_2.csv,134.94,129.17,28.42
1,20130320T005818.486343.Cam6_53_aug_2.csv,93.83000000000001,104.44,24.53
2,20130320T005818.486343.Cam6_53_aug_2.csv,106.61000000000001,157.5,24.53
