,name,c-x,c-y,radius
0,20130320T013220.623413_23_aug_1.csv,247.78,108.89,23.42
1,20130320T013220.623413_23_aug_1.csv,240.83,9.44,21.2
2,20130320T013220.623413_23_aug_1.csv,277.22,12.78,24.53
