,name,c-x,c-y,radius
0,20130320T012822.713796_41_aug_0.csv,58.83000000000001,152.5,26.2
1,20130320T012822.713796_41_aug_0.csv,20.5,121.39,23.42
2,20130320T012822.713796_41_aug_0.csv,40.22000000000003,178.06,21.75
3,20130320T012822.713796_41_aug_0.csv,107.44,177.5,21.75
4,20130320T012822.713796_41_aug_0.csv,146.61,143.06,23.14
5,20130320T012822.713796_41_aug_0.csv,109.94,133.33,22.31
6,20130320T012822.713796_41_aug_0.csv,136.33,11.94,20.64
7,20130320T012822.713796_41_aug_0.csv,102.44,2.5,19.53
