,name,c-x,c-y,radius
0,20130320T005232.955331.Cam6_43_aug_3.csv,108.71,178.39,21.61
1,20130320T005232.955331.Cam6_43_aug_3.csv,130.0,144.52,20.0
2,20130320T005232.955331.Cam6_43_aug_3.csv,134.84,127.1,20.0
3,20130320T005232.955331.Cam6_43_aug_3.csv,306.13,114.84,20.0
