,name,c-x,c-y,radius
0,20130320T005905.915809.Cam6_64_aug_3.csv,120.0,23.61,17.03
1,20130320T005905.915809.Cam6_64_aug_3.csv,178.33,20.56,15.64
