,name,c-x,c-y,radius
0,20130320T013701.772015_23_aug_0.csv,218.56,87.22,19.25
1,20130320T013701.772015_23_aug_0.csv,250.5,49.17,17.31
