,name,c-x,c-y,radius
0,20130320T005230.098145.Cam6_12_aug_0.csv,98.39,141.61,15.8
1,20130320T005230.098145.Cam6_12_aug_0.csv,130.0,135.16,15.8
2,20130320T005230.098145.Cam6_12_aug_0.csv,140.65,106.13,15.8
3,20130320T005230.098145.Cam6_12_aug_0.csv,112.58,114.84,16.45
4,20130320T005230.098145.Cam6_12_aug_0.csv,77.42,119.03,15.8
