,name,c-x,c-y,radius
0,20130320T005731.437753.Cam6_12_aug_1.csv,289.67,125.28,19.81
1,20130320T005731.437753.Cam6_12_aug_1.csv,286.61,95.56,19.81
2,20130320T005731.437753.Cam6_12_aug_1.csv,274.11,73.89,23.98
3,20130320T005731.437753.Cam6_12_aug_1.csv,48.56,183.06,23.98
4,20130320T005731.437753.Cam6_12_aug_1.csv,258.83,30.28,23.98
