,name,c-x,c-y,radius
0,20130320T004616.757192.Cam6_41_aug_0.csv,116.46000000000001,158.85,13.73
1,20130320T004616.757192.Cam6_41_aug_0.csv,128.77,134.62,13.73
