,name,c-x,c-y,radius
0,20130320T004927.999164.Cam6_31_aug_1.csv,247.1,114.19,22.58
1,20130320T004927.999164.Cam6_31_aug_1.csv,206.45,125.16,20.64
2,20130320T004927.999164.Cam6_31_aug_1.csv,217.74,35.48,19.67
