,name,c-x,c-y,radius
0,20130320T005731.056745.Cam6_23_aug_2.csv,1.67,24.17,23.7
1,20130320T005731.056745.Cam6_23_aug_2.csv,257.5,82.22,21.2
2,20130320T005731.056745.Cam6_23_aug_2.csv,267.5,43.06,21.75
