,name,c-x,c-y,radius
0,20130320T013517.579373_53_aug_3.csv,262.22,16.39,18.42
1,20130320T013517.579373_53_aug_3.csv,257.5,129.44,16.2
2,20130320T013517.579373_53_aug_3.csv,211.11,83.33,15.09
3,20130320T013517.579373_53_aug_3.csv,146.39,71.39,15.09
4,20130320T013517.579373_53_aug_3.csv,91.94,188.89,15.09
5,20130320T013517.579373_53_aug_3.csv,92.78,53.61,15.09
