,name,c-x,c-y,radius
0,20130320T013609.199429_23_aug_3.csv,18.33,65.0,19.53
1,20130320T013609.199429_23_aug_3.csv,8.61,34.44,19.53
2,20130320T013609.199429_23_aug_3.csv,13.89,0.56,19.53
3,20130320T013609.199429_23_aug_3.csv,61.94,63.06,18.14
4,20130320T013609.199429_23_aug_3.csv,41.39,84.17,18.14
5,20130320T013609.199429_23_aug_3.csv,194.17,111.67,19.81
6,20130320T013609.199429_23_aug_3.csv,213.06,133.61,19.25
7,20130320T013609.199429_23_aug_3.csv,235.28,118.89,20.92
