,name,c-x,c-y,radius
0,20130320T004918.284713.Cam6_62_aug_2.csv,262.52,122.26,14.19
1,20130320T004918.284713.Cam6_62_aug_2.csv,241.87,111.94,14.19
2,20130320T004918.284713.Cam6_62_aug_2.csv,224.13,101.61,14.19
3,20130320T004918.284713.Cam6_62_aug_2.csv,76.06,104.52,12.9
4,20130320T004918.284713.Cam6_62_aug_2.csv,75.41999999999999,68.71,12.9
5,20130320T004918.284713.Cam6_62_aug_2.csv,25.100000000000023,136.77,12.9
6,20130320T004918.284713.Cam6_62_aug_2.csv,128.32,194.19,12.26
