,name,c-x,c-y,radius
0,20130320T004705.520069.Cam6_51_aug_0.csv,138.0,156.21,20.64
1,20130320T004705.520069.Cam6_51_aug_0.csv,106.62,177.93,15.13
2,20130320T004705.520069.Cam6_51_aug_0.csv,176.28,144.83,20.99
3,20130320T004705.520069.Cam6_51_aug_0.csv,154.21,85.52,16.16
4,20130320T004705.520069.Cam6_51_aug_0.csv,159.38,26.55,14.09
5,20130320T004705.520069.Cam6_51_aug_0.csv,241.45,47.24,17.2
