,name,c-x,c-y,radius
0,20130320T005047.238923.Cam6_24_aug_2.csv,215.74,24.19,19.03
1,20130320T005047.238923.Cam6_24_aug_2.csv,180.57999999999998,2.26,19.03
2,20130320T005047.238923.Cam6_24_aug_2.csv,41.870000000000005,187.42,22.58
3,20130320T005047.238923.Cam6_24_aug_2.csv,76.71000000000001,185.48,21.29
