,name,c-x,c-y,radius
0,20130320T013322.910417_14_aug_2.csv,199.11,157.78,15.64
1,20130320T013322.910417_14_aug_2.csv,228.82999999999998,147.22,15.64
2,20130320T013322.910417_14_aug_2.csv,256.89,135.28,17.03
