,name,c-x,c-y,radius
0,20130320T004531.613372.Cam6_24_aug_0.csv,217.45999999999998,110.54,19.61
1,20130320T004531.613372.Cam6_24_aug_0.csv,210.7,79.73,18.53
2,20130320T004531.613372.Cam6_24_aug_0.csv,208.26999999999998,64.32,18.53
3,20130320T004531.613372.Cam6_24_aug_0.csv,243.68,49.46,20.15
4,20130320T004531.613372.Cam6_24_aug_0.csv,269.08,70.27,18.8
5,20130320T004531.613372.Cam6_24_aug_0.csv,252.59,94.86,18.8
