,name,c-x,c-y,radius
0,20130320T005756.390641.Cam6_43_aug_1.csv,297.72,67.78,19.81
1,20130320T005756.390641.Cam6_43_aug_1.csv,229.94,81.67,20.09
2,20130320T005756.390641.Cam6_43_aug_1.csv,194.11,110.83,20.09
3,20130320T005756.390641.Cam6_43_aug_1.csv,190.5,155.83,19.25
4,20130320T005756.390641.Cam6_43_aug_1.csv,167.44,156.67,17.87
5,20130320T005756.390641.Cam6_43_aug_1.csv,30.220000000000027,106.39,21.75
