,name,c-x,c-y,radius
0,20130320T004743.616122.Cam6_34_aug_1.csv,237.23000000000002,65.77,17.96
1,20130320T004743.616122.Cam6_34_aug_1.csv,158.77,66.54,17.96
2,20130320T004743.616122.Cam6_34_aug_1.csv,175.69,63.85,17.96
3,20130320T004743.616122.Cam6_34_aug_1.csv,78.77000000000001,117.31,17.96
4,20130320T004743.616122.Cam6_34_aug_1.csv,88.0,135.38,17.96
