,name,c-x,c-y,radius
0,20130320T004558.852076.Cam6_63_aug_2.csv,175.77,158.08,14.11
1,20130320T004558.852076.Cam6_63_aug_2.csv,64.23,139.62,11.42
2,20130320T004558.852076.Cam6_63_aug_2.csv,45.38,135.0,12.19
3,20130320T004558.852076.Cam6_63_aug_2.csv,140.0,177.69,11.8
4,20130320T004558.852076.Cam6_63_aug_2.csv,123.08,118.85,12.96
5,20130320T004558.852076.Cam6_63_aug_2.csv,250.38,125.0,11.42
6,20130320T004558.852076.Cam6_63_aug_2.csv,273.08,121.92,11.42
7,20130320T004558.852076.Cam6_63_aug_2.csv,306.54,122.31,12.57
8,20130320T004558.852076.Cam6_63_aug_2.csv,23.08,103.08,12.57
