,name,c-x,c-y,radius
0,20130320T004405.706847.Cam6_53_aug_1.csv,108.31,113.75,16.58
1,20130320T004405.706847.Cam6_53_aug_1.csv,123.63,125.62,13.14
2,20130320T004405.706847.Cam6_53_aug_1.csv,131.44,93.12,13.14
3,20130320T004405.706847.Cam6_53_aug_1.csv,155.81,122.19,13.14
4,20130320T004405.706847.Cam6_53_aug_1.csv,144.88,129.37,13.14
5,20130320T004405.706847.Cam6_53_aug_1.csv,154.88,135.0,11.26
