,name,c-x,c-y,radius
0,20130320T005044.000731.Cam6_24_aug_2.csv,217.03,115.16,19.35
1,20130320T005044.000731.Cam6_24_aug_2.csv,248.0,97.42,18.38
2,20130320T005044.000731.Cam6_24_aug_2.csv,127.35,128.71,16.77
3,20130320T005044.000731.Cam6_24_aug_2.csv,101.22999999999999,152.58,18.38
