,name,c-x,c-y,radius
0,20130320T005046.477032.Cam6_21_aug_3.csv,199.03,150.32,21.61
1,20130320T005046.477032.Cam6_21_aug_3.csv,233.87,134.52,23.87
2,20130320T005046.477032.Cam6_21_aug_3.csv,217.1,24.52,19.03
3,20130320T005046.477032.Cam6_21_aug_3.csv,204.52,1.29,19.03
4,20130320T005046.477032.Cam6_21_aug_3.csv,151.61,10.0,19.03
5,20130320T005046.477032.Cam6_21_aug_3.csv,49.68,8.39,19.03
6,20130320T005046.477032.Cam6_21_aug_3.csv,6.13,98.71,19.03
