,name,c-x,c-y,radius
0,20130320T012820.428000_21_aug_3.csv,104.44,118.89,17.87
1,20130320T012820.428000_21_aug_3.csv,198.89,158.06,17.87
2,20130320T012820.428000_21_aug_3.csv,202.5,126.39,18.98
3,20130320T012820.428000_21_aug_3.csv,235.0,141.39,19.81
