,name,c-x,c-y,radius
0,20130320T005915.249372.Cam6_32_aug_2.csv,243.82999999999998,176.39,25.09
1,20130320T005915.249372.Cam6_32_aug_2.csv,193.28,109.17,28.42
2,20130320T005915.249372.Cam6_32_aug_2.csv,101.33000000000001,26.94,24.53
3,20130320T005915.249372.Cam6_32_aug_2.csv,164.67,201.11,23.14
