,name,c-x,c-y,radius
0,20130320T013717.962834_44_aug_0.csv,70.56,174.72,17.87
1,20130320T013717.962834_44_aug_0.csv,11.11,179.44,17.03
2,20130320T013717.962834_44_aug_0.csv,31.39,198.89,16.2
3,20130320T013717.962834_44_aug_0.csv,212.78,165.56,15.64
4,20130320T013717.962834_44_aug_0.csv,225.83,183.33,15.64
