,name,c-x,c-y,radius
0,20130320T013148.622759_33_aug_3.csv,118.06,174.72,16.75
1,20130320T013148.622759_33_aug_3.csv,81.94,138.61,17.31
2,20130320T013148.622759_33_aug_3.csv,198.89,164.17,17.31
