,name,c-x,c-y,radius
0,20130320T005322.099219.Cam6_23_aug_3.csv,103.55,123.87,18.71
1,20130320T005322.099219.Cam6_23_aug_3.csv,93.23,163.55,21.29
