,name,c-x,c-y,radius
0,20130320T005550.102277.Cam6_21_aug_1.csv,266.33,143.61,19.81
1,20130320T005550.102277.Cam6_21_aug_1.csv,237.17000000000002,141.11,16.48
2,20130320T005550.102277.Cam6_21_aug_1.csv,274.11,128.89,19.53
