,name,c-x,c-y,radius
0,20130320T005641.341463.Cam6_63_aug_1.csv,103.61,41.67,17.59
1,20130320T005641.341463.Cam6_63_aug_1.csv,107.5,13.06,16.2
2,20130320T005641.341463.Cam6_63_aug_1.csv,186.11,58.89,15.64
3,20130320T005641.341463.Cam6_63_aug_1.csv,220.83,53.61,17.03
4,20130320T005641.341463.Cam6_63_aug_1.csv,259.44,57.78,16.48
