,name,c-x,c-y,radius
0,20130320T004405.706847.Cam6_53_aug_3.csv,199.69,113.75,16.58
1,20130320T004405.706847.Cam6_53_aug_3.csv,184.37,125.62,13.14
2,20130320T004405.706847.Cam6_53_aug_3.csv,176.56,93.12,13.14
3,20130320T004405.706847.Cam6_53_aug_3.csv,152.19,122.19,13.14
4,20130320T004405.706847.Cam6_53_aug_3.csv,163.12,129.37,13.14
5,20130320T004405.706847.Cam6_53_aug_3.csv,153.12,135.0,11.26
