,name,c-x,c-y,radius
0,20130320T005948.202429.Cam6_43_aug_1.csv,148.83,99.44,28.98
1,20130320T005948.202429.Cam6_43_aug_1.csv,93.83000000000001,125.83,29.53
2,20130320T005948.202429.Cam6_43_aug_1.csv,41.06,148.33,26.2
