,name,c-x,c-y,radius
0,20130320T013312.052947_23_aug_0.csv,56.610000000000014,163.61,14.53
1,20130320T013312.052947_23_aug_0.csv,83.28,125.0,14.53
2,20130320T013312.052947_23_aug_0.csv,49.94,119.72,14.53
3,20130320T013312.052947_23_aug_0.csv,72.72,101.11,15.09
4,20130320T013312.052947_23_aug_0.csv,54.110000000000014,84.17,14.81
5,20130320T013312.052947_23_aug_0.csv,51.889999999999986,55.56,15.92
6,20130320T013312.052947_23_aug_0.csv,83.28,46.39,15.92
