,name,c-x,c-y,radius
0,20130320T005546.483202.Cam6_13_aug_3.csv,25.83,98.89,25.64
1,20130320T005546.483202.Cam6_13_aug_3.csv,68.61,97.22,23.14
2,20130320T005546.483202.Cam6_13_aug_3.csv,19.72,60.28,27.87
3,20130320T005546.483202.Cam6_13_aug_3.csv,73.61,67.78,29.25
4,20130320T005546.483202.Cam6_13_aug_3.csv,130.28,65.28,23.98
5,20130320T005546.483202.Cam6_13_aug_3.csv,10.56,179.17,21.75
