,name,c-x,c-y,radius
0,20130320T013025.001919_32_aug_3.csv,36.39,146.11,20.64
1,20130320T013025.001919_32_aug_3.csv,10.83,94.44,20.64
2,20130320T013025.001919_32_aug_3.csv,4.72,50.0,20.64
3,20130320T013025.001919_32_aug_3.csv,195.56,101.11,23.7
4,20130320T013025.001919_32_aug_3.csv,151.39,115.83,23.7
