,name,c-x,c-y,radius
0,20130320T005754.866735.Cam6_22_aug_3.csv,223.33,75.0,20.92
1,20130320T005754.866735.Cam6_22_aug_3.csv,267.78,45.28,20.92
2,20130320T005754.866735.Cam6_22_aug_3.csv,275.28,83.33,20.92
