,name,c-x,c-y,radius
0,20130320T013220.623413_53_aug_2.csv,81.67,58.61,20.09
1,20130320T013220.623413_53_aug_2.csv,109.17,48.61,19.25
2,20130320T013220.623413_53_aug_2.csv,65.56,0.56,18.42
3,20130320T013220.623413_53_aug_2.csv,209.17,12.5,14.81
