,name,c-x,c-y,radius
0,20130320T012947.286881_21_aug_2.csv,247.44,48.06,19.81
1,20130320T012947.286881_21_aug_2.csv,196.06,91.94,19.81
