,name,c-x,c-y,radius
0,20130320T005737.533128.Cam6_22_aug_3.csv,137.22,92.22,24.53
1,20130320T005737.533128.Cam6_22_aug_3.csv,171.39,109.72,23.14
