,name,c-x,c-y,radius
0,20130320T004611.995093.Cam6_24_aug_0.csv,246.07999999999998,50.0,18.73
