,name,c-x,c-y,radius
0,20130320T010000.964560.Cam6_42_aug_3.csv,53.33,87.5,20.64
1,20130320T010000.964560.Cam6_42_aug_3.csv,99.17,141.94,22.31
2,20130320T010000.964560.Cam6_42_aug_3.csv,140.56,129.44,22.31
3,20130320T010000.964560.Cam6_42_aug_3.csv,221.67,153.06,20.09
4,20130320T010000.964560.Cam6_42_aug_3.csv,252.5,140.28,23.98
