,name,c-x,c-y,radius
0,20130320T013222.147194_32_aug_1.csv,165.78,105.83,23.14
1,20130320T013222.147194_32_aug_1.csv,195.5,120.0,30.92
2,20130320T013222.147194_32_aug_1.csv,19.939999999999998,141.11,20.09
