,name,c-x,c-y,radius
0,20130320T005044.000731.Cam6_21_aug_0.csv,108.97,162.9,16.77
1,20130320T005044.000731.Cam6_21_aug_0.csv,119.94,133.23,16.77
2,20130320T005044.000731.Cam6_21_aug_0.csv,111.55000000000001,102.9,15.16
3,20130320T005044.000731.Cam6_21_aug_0.csv,80.58000000000001,113.23,15.16
4,20130320T005044.000731.Cam6_21_aug_0.csv,86.38999999999999,135.48,15.16
5,20130320T005044.000731.Cam6_21_aug_0.csv,93.16,157.74,15.16
6,20130320T005044.000731.Cam6_21_aug_0.csv,77.68,59.35,15.16
7,20130320T005044.000731.Cam6_21_aug_0.csv,131.55,201.29,15.16
8,20130320T005044.000731.Cam6_21_aug_0.csv,95.41999999999999,200.65,15.16
