,name,c-x,c-y,radius
0,20130320T005411.243117.Cam6_22_aug_3.csv,164.19,168.06,25.8
1,20130320T005411.243117.Cam6_22_aug_3.csv,208.06,100.0,22.26
2,20130320T005411.243117.Cam6_22_aug_3.csv,257.74,86.45,25.16
3,20130320T005411.243117.Cam6_22_aug_3.csv,241.29,108.06,24.19
4,20130320T005411.243117.Cam6_22_aug_3.csv,269.03,45.81,24.51
5,20130320T005411.243117.Cam6_22_aug_3.csv,233.87,2.58,20.64
