,name,c-x,c-y,radius
0,20130320T005406.862151.Cam6_22_aug_0.csv,7.74,25.16,17.74
1,20130320T005406.862151.Cam6_22_aug_0.csv,37.1,41.61,17.74
2,20130320T005406.862151.Cam6_22_aug_0.csv,121.94,99.03,17.74
3,20130320T005406.862151.Cam6_22_aug_0.csv,104.52,133.87,16.45
4,20130320T005406.862151.Cam6_22_aug_0.csv,163.87,71.29,16.45
