,name,c-x,c-y,radius
0,20130320T005631.436509.Cam6_11_aug_0.csv,122.72,118.33,15.92
1,20130320T005631.436509.Cam6_11_aug_0.csv,94.66999999999999,135.56,13.42
2,20130320T005631.436509.Cam6_11_aug_0.csv,50.5,100.83,16.48
3,20130320T005631.436509.Cam6_11_aug_0.csv,16.610000000000014,139.17,13.98
