,name,c-x,c-y,radius
0,20130320T004707.043851.Cam6_61_aug_2.csv,214.9,31.38,18.23
1,20130320T004707.043851.Cam6_61_aug_2.csv,18.0,56.21,19.96
2,20130320T004707.043851.Cam6_61_aug_2.csv,58.34,180.34,20.64
3,20130320T004707.043851.Cam6_61_aug_2.csv,228.0,147.59,13.06
