,name,c-x,c-y,radius
0,20130320T005131.239822.Cam6_11_aug_2.csv,199.61,90.32,23.22
1,20130320T005131.239822.Cam6_11_aug_2.csv,250.9,57.74,21.93
2,20130320T005131.239822.Cam6_11_aug_2.csv,272.52,80.32,22.9
3,20130320T005131.239822.Cam6_11_aug_2.csv,233.48000000000002,44.84,21.61
