,name,c-x,c-y,radius
0,20130320T005926.106724.Cam6_52_aug_3.csv,6.94,129.72,25.09
1,20130320T005926.106724.Cam6_52_aug_3.csv,227.78,17.78,23.14
