,name,c-x,c-y,radius
0,20130320T005415.433701.Cam6_12_aug_1.csv,235.48,134.52,22.9
1,20130320T005415.433701.Cam6_12_aug_1.csv,189.35,127.74,24.84
2,20130320T005415.433701.Cam6_12_aug_1.csv,217.42,99.35,24.84
3,20130320T005415.433701.Cam6_12_aug_1.csv,166.45,90.65,24.84
4,20130320T005415.433701.Cam6_12_aug_1.csv,196.77,55.48,24.84
5,20130320T005415.433701.Cam6_12_aug_1.csv,150.97,50.97,23.87
6,20130320T005415.433701.Cam6_12_aug_1.csv,191.61,19.03,23.22
7,20130320T005415.433701.Cam6_12_aug_1.csv,160.97,28.06,22.26
8,20130320T005415.433701.Cam6_12_aug_1.csv,48.06,194.84,23.87
