,name,c-x,c-y,radius
0,20130320T013312.433956_22_aug_0.csv,180.78,139.44,15.37
1,20130320T013312.433956_22_aug_0.csv,153.83,127.78,15.92
2,20130320T013312.433956_22_aug_0.csv,178.28,116.11,15.92
3,20130320T013312.433956_22_aug_0.csv,197.72,90.83,16.48
4,20130320T013312.433956_22_aug_0.csv,168.56,82.78,16.48
5,20130320T013312.433956_22_aug_0.csv,137.72,72.22,16.48
6,20130320T013312.433956_22_aug_0.csv,215.5,51.67,15.92
