,name,c-x,c-y,radius
0,20130320T004614.090386.Cam6_21_aug_0.csv,133.85,160.77,14.5
1,20130320T004614.090386.Cam6_21_aug_0.csv,124.23,70.38,12.19
2,20130320T004614.090386.Cam6_21_aug_0.csv,131.15,77.31,12.19
3,20130320T004614.090386.Cam6_21_aug_0.csv,124.23,13.46,14.5
4,20130320T004614.090386.Cam6_21_aug_0.csv,100.38,45.77,12.57
5,20130320T004614.090386.Cam6_21_aug_0.csv,99.23,0.77,12.57
6,20130320T004614.090386.Cam6_21_aug_0.csv,111.15,30.0,12.57
