,name,c-x,c-y,radius
0,20130320T012947.667888_32_aug_3.csv,80.83,83.06,21.75
1,20130320T012947.667888_32_aug_3.csv,147.22,116.94,21.75
2,20130320T012947.667888_32_aug_3.csv,168.61,85.28,21.75
