,name,c-x,c-y,radius
0,20130320T004713.901122.Cam6_22_aug_0.csv,292.31,49.62,30.65
1,20130320T004713.901122.Cam6_22_aug_0.csv,298.85,96.15,29.88
