,name,c-x,c-y,radius
0,20130320T004429.326331.Cam6_73_aug_1.csv,100.5,58.75,15.95
1,20130320T004429.326331.Cam6_73_aug_1.csv,180.5,103.12,13.45
