,name,c-x,c-y,radius
0,20130320T005548.197486.Cam6_34_aug_0.csv,204.11,155.28,25.92
1,20130320T005548.197486.Cam6_34_aug_0.csv,218.0,88.61,21.48
2,20130320T005548.197486.Cam6_34_aug_0.csv,214.67000000000002,60.56,19.81
3,20130320T005548.197486.Cam6_34_aug_0.csv,247.44,85.0,18.7
