,name,c-x,c-y,radius
0,20130320T005735.818843.Cam6_53_aug_1.csv,134.94,26.11,21.48
1,20130320T005735.818843.Cam6_53_aug_1.csv,98.56,18.06,20.37
