,name,c-x,c-y,radius
0,20130320T005804.581307.Cam6_42_aug_0.csv,201.39,184.72,20.92
1,20130320T005804.581307.Cam6_42_aug_0.csv,183.06,107.5,21.75
2,20130320T005804.581307.Cam6_42_aug_0.csv,53.06,58.61,21.75
3,20130320T005804.581307.Cam6_42_aug_0.csv,92.78,18.33,20.09
4,20130320T005804.581307.Cam6_42_aug_0.csv,261.94,53.33,20.09
5,20130320T005804.581307.Cam6_42_aug_0.csv,297.22,70.56,17.59
